wort,hitler,trump,biden,bush,obama
abandoned,14,12,8,1,1
ability,52,7,58,14,41
able,145,221,278,40,93
abortion,2,15,1,2,3
abroad,13,9,8,28,36
absolute,36,48,5,1,1
absolutely,42,131,14,5,24
abuse,6,41,12,4,18
accept,27,33,10,16,28
acceptable,2,10,1,3,3
accepted,33,9,2,5,4
accident,6,4,17,1,2
accomplished,15,8,6,8,4
accomplishment,5,4,1,6,3
according,63,28,30,3,3
account,73,12,11,50,12
accountable,1,32,11,6,29
accounting,1,5,8,3,1
accumulated,2,1,2,1,2
achieve,29,8,10,26,43
achieved,47,57,1,20,11
achievement,33,22,5,24,14
acknowledge,10,3,12,2,17
across,5,148,146,74,114
act,74,139,145,120,133
acted,16,7,3,19,8
acting,19,12,8,9,10
action,98,45,100,52,108
active,53,5,9,11,5
actively,2,4,5,1,2
activity,110,5,8,7,6
actually,45,657,39,5,44
add,8,67,32,16,22
added,10,46,22,6,11
adding,1,4,16,4,9
addition,11,74,28,10,4
additional,4,19,59,18,23
address,10,25,34,45,63
addressing,3,2,14,5,6
adjustment,1,1,1,1,2
administration,21,376,126,45,56
administrator,2,3,8,4,3
admiration,20,1,1,1,2
admired,2,6,3,1,1
admit,19,21,6,2,6
admitted,21,19,1,3,1
adult,10,4,25,13,5
advance,15,8,21,48,24
advanced,11,7,20,10,21
advancing,3,2,7,5,4
advantage,42,65,3,10,13
advice,5,16,9,3,5
advocate,5,6,9,3,5
affair,87,10,10,3,3
affect,5,25,16,7,6
affected,16,10,11,12,8
afford,10,28,39,13,74
afraid,9,89,7,4,5
africa,3,14,22,28,35
african,5,34,2,12,24
afternoon,6,12,19,1,10
age,50,67,76,18,35
agency,1,22,35,27,15
agent,2,43,14,26,5
aggression,4,2,8,8,7
aggressive,5,9,3,13,4
ago,35,622,113,47,121
agree,6,75,31,15,90
agreed,3,26,25,8,14
agreement,8,37,36,20,48
agriculture,1,29,8,1,3
ahead,8,102,64,37,63
aid,11,10,12,45,10
aim,165,1,2,10,4
air,15,116,42,17,19
alliance,135,6,12,6,22
allow,48,188,47,39,42
allowed,38,318,14,14,28
allowing,16,39,11,12,5
allows,4,10,9,8,13
ally,46,16,95,60,74
almost,103,320,49,19,29
alone,96,85,28,19,54
along,35,236,69,30,44
alongside,1,6,14,3,3
already,124,179,128,36,117
also,322,609,326,157,314
alternative,19,4,11,15,5
always,320,414,124,50,112
amazing,6,194,11,5,11
ambition,7,1,19,18,6
ambitious,3,2,9,5,4
america,15,1214,561,524,688
american,18,1144,750,443,834
amid,8,1,2,2,5
among,220,39,66,23,30
amount,40,86,30,8,16
analysis,7,3,5,3,2
ancestor,8,10,1,1,2
ancient,20,6,2,3,5
anger,10,15,6,6,5
angry,3,69,3,3,3
anniversary,3,3,7,3,5
announce,1,34,6,7,6
announced,8,74,55,7,17
announcement,1,10,8,4,5
announcing,1,13,30,5,12
annual,1,2,5,5,5
another,178,351,136,50,104
answer,38,83,45,17,49
answered,12,4,1,4,3
answering,3,1,2,1,1
anticipated,3,6,6,2,2
anxious,7,1,5,3,2
anybody,15,398,45,2,16
anyone,27,100,61,11,32
anything,56,710,76,8,26
anywhere,4,156,13,8,12
apart,35,17,10,4,18
appeal,38,15,8,4,4
appear,40,8,1,2,2
appeared,49,4,1,1,3
applied,17,6,2,1,3
apply,10,3,4,10,15
appoint,2,14,1,3,1
appointed,12,26,7,2,6
appreciate,13,190,15,51,8
appreciated,12,3,1,1,1
approach,8,6,14,11,51
approaching,9,1,1,3,3
appropriate,3,19,11,5,2
approved,3,100,19,4,7
april,2,20,14,3,3
area,28,111,64,32,43
argue,2,1,5,8,21
argument,33,4,5,1,36
arm,38,74,27,14,25
armed,11,17,11,22,10
army,138,48,10,38,20
around,30,241,206,52,138
arrest,7,25,1,3,3
arrested,3,18,2,5,1
arrive,10,15,3,3,5
arrived,20,18,4,6,11
arrives,2,1,1,2,1
arsenal,1,2,9,2,2
art,78,4,1,1,4
article,8,21,3,1,2
artificial,6,2,4,2,1
asia,2,28,5,11,23
asian,1,16,7,1,8
aside,13,9,19,10,27
ask,21,196,62,81,74
asked,19,139,73,25,37
asking,3,71,38,8,31
asleep,1,3,1,1,1
aspect,20,5,4,5,7
assault,10,31,29,2,1
assembly,22,5,2,9,14
asset,6,15,10,9,4
assistance,21,1,42,20,17
associate,6,1,1,1,2
association,59,8,11,8,2
assume,25,24,3,5,4
assure,16,1,5,4,4
assured,24,1,3,1,1
atlantic,1,1,5,4,4
attack,82,139,79,89,54
attacked,19,55,17,11,10
attempt,108,12,6,7,8
attempted,8,4,2,2,1
attend,16,2,8,1,3
attending,7,2,4,1,1
attention,89,3,6,10,11
attitude,155,5,7,1,8
audience,18,32,11,1,12
august,18,7,13,2,9
author,16,2,2,7,1
authority,140,43,20,22,19
automobile,1,19,15,2,1
available,13,42,82,17,16
average,34,39,48,7,19
avoid,14,4,6,9,16
awarded,1,2,3,1,1
aware,15,4,5,1,7
away,65,457,77,30,91
baby,1,105,11,12,4
back,63,1553,455,74,230
backed,1,12,5,4,2
background,14,9,28,6,19
backing,5,6,2,1,1
bad,31,855,33,7,38
balance,19,5,3,9,12
ballot,2,536,12,3,14
ban,1,159,21,2,5
bank,5,71,24,16,53
banner,14,2,2,2,2
barrier,7,3,4,6,12
base,18,87,13,8,15
based,59,55,39,18,42
basic,4,9,17,26,51
basis,69,16,9,4,10
battery,2,40,20,3,8
battle,31,60,29,23,30
battlefield,13,1,10,6,9
bay,2,9,2,1,7
bear,39,18,18,6,22
beating,2,66,4,1,4
beautiful,8,532,8,2,7
became,157,77,24,7,19
become,249,156,40,12,41
becomes,41,19,5,4,9
becoming,41,20,8,6,9
bed,4,18,16,4,5
began,104,13,32,14,37
begin,36,61,45,30,76
beginning,64,105,46,27,42
begun,20,23,6,15,22
behalf,16,10,4,5,19
behind,37,149,72,46,54
being,32,9,3,7,19
belief,61,27,7,17,43
believe,79,793,122,82,239
believed,47,39,8,8,25
belong,29,33,10,1,5
belongs,18,31,1,4,6
beloved,6,12,5,2,3
bench,2,4,5,5,5
bend,1,20,1,1,7
benefit,18,18,60,44,56
benefited,6,1,1,2,2
berlin,26,4,2,6,4
best,135,358,138,73,120
betray,3,9,1,1,2
better,145,575,272,109,219
beyond,42,49,48,32,54
bias,2,3,1,1,8
big,30,1094,115,11,90
bigger,2,181,14,2,23
biggest,1,295,22,3,22
bill,2,212,262,84,129
billion,1,717,149,34,46
birthday,1,18,12,1,3
bit,4,213,43,1,12
bitter,33,2,4,1,3
black,20,87,55,1,28
blame,15,43,2,3,11
bless,2,79,61,35,74
blessed,2,2,1,7,6
blessing,13,1,1,2,7
block,1,16,17,3,9
blood,123,68,8,7,22
bloody,4,2,6,1,5
blow,25,50,3,7,11
blue,2,37,17,1,8
board,3,48,32,8,7
body,121,28,5,14,11
bold,3,9,5,3,10
bomb,2,37,4,8,9
bond,6,8,1,3,14
book,48,35,13,2,6
booming,1,3,1,1,4
border,2,1093,36,101,60
born,33,24,12,13,30
borrow,1,5,4,1,1
bos,1,19,1,1,5
bottom,2,42,50,3,13
bought,5,49,6,2,9
bound,67,5,5,6,14
boy,42,68,15,8,14
branch,29,10,3,5,2
brand,3,61,1,2,3
brave,6,55,16,15,15
bravely,1,4,4,2,2
break,37,98,36,16,52
breaking,9,24,7,2,3
breast,2,1,2,1,3
bridge,2,2,94,3,42
brief,2,2,6,2,5
bright,1,2,1,2,4
brilliant,14,70,3,1,2
bring,86,218,70,63,79
bringing,27,71,24,10,18
brings,16,10,9,12,15
brink,2,5,4,1,7
british,74,1,1,5,5
broad,83,3,11,11,14
broader,1,1,3,17,21
broke,29,92,5,4,10
broken,40,54,8,8,29
brother,3,13,29,2,23
brought,79,141,26,23,33
brutal,21,24,4,11,3
brutality,5,1,3,5,1
budget,1,15,6,33,71
build,17,177,262,70,111
building,49,186,80,23,56
built,14,257,72,8,73
bullet,4,9,7,3,9
bully,1,7,1,2,2
burden,14,3,16,12,40
burn,2,29,8,2,2
burning,4,20,10,3,2
business,42,232,125,63,338
busy,8,14,4,1,5
buy,2,143,26,16,31
buying,2,42,8,3,12
cabinet,11,3,11,7,2
call,76,624,100,40,67
called,112,415,59,38,45
calling,17,74,21,18,8
came,122,757,92,26,67
camp,20,7,4,19,4
campaign,31,223,10,16,38
candidate,4,157,7,4,13
cannot,184,147,39,34,120
capability,13,11,13,8,11
capable,70,18,9,13,2
capacity,37,10,50,4,38
capital,32,83,18,15,14
capture,1,3,3,1,6
captured,1,1,2,12,4
car,1,276,29,17,45
card,4,16,10,12,16
care,26,292,161,101,259
cared,4,4,2,2,3
career,18,49,19,10,24
careful,13,55,6,3,4
carefully,27,6,5,6,7
caring,3,1,7,7,4
carried,83,10,6,8,17
carry,64,26,18,17,21
carrying,20,9,15,4,4
case,252,369,95,28,38
cast,11,94,7,4,15
catch,2,128,4,8,7
category,6,18,5,1,1
catholic,24,56,6,2,2
caught,2,115,6,3,5
cause,157,24,29,68,50
caused,23,61,22,6,7
celebrate,2,10,9,3,8
celebration,4,1,2,3,4
cell,6,5,8,74,8
central,32,32,13,9,20
century,65,16,84,41,105
certain,239,133,30,20,39
certainly,55,45,2,2,13
chain,6,50,50,1,2
chair,5,47,20,2,3
chairman,21,39,24,14,5
chamber,10,3,16,19,35
champion,42,40,7,1,2
chance,38,117,71,30,106
change,79,151,164,57,240
changed,19,69,31,16,24
changing,9,26,29,9,11
chaos,6,26,8,18,4
chapter,4,2,3,5,13
character,143,5,8,36,24
charge,12,183,20,10,16
charged,2,34,2,6,11
cheaper,1,13,8,1,6
check,7,84,27,9,24
cherished,4,10,2,2,3
chief,41,31,28,15,13
child,63,329,361,196,269
china,1,1048,65,12,34
choice,10,180,36,58,77
choose,10,4,22,28,60
chose,10,4,3,4,6
chosen,35,1,2,9,6
christian,21,40,3,2,17
christmas,1,44,18,3,2
church,36,32,11,9,29
circle,95,27,2,1,3
circumstance,57,13,46,9,14
citizen,67,186,42,165,135
citizenship,11,25,3,14,23
city,77,408,55,55,41
civic,11,5,1,6,3
civil,33,40,46,8,44
civilian,3,10,28,21,35
claim,26,13,19,10,25
class,165,80,95,12,81
clean,1,81,76,13,72
clear,83,45,116,59,100
cleared,4,2,2,4,1
clearly,58,4,16,7,8
climate,6,31,171,3,35
climb,2,12,2,2,7
close,27,250,74,7,39
closed,4,60,13,2,14
closely,7,20,23,12,4
closer,10,20,19,7,9
closing,1,20,11,2,5
coal,5,30,19,3,9
coalition,25,10,7,50,23
coast,2,26,16,29,14
code,6,7,25,10,29
cold,9,55,13,8,17
collapse,69,13,4,8,5
colleague,3,3,31,1,10
collect,5,3,4,2,3
collective,2,1,19,1,13
college,4,44,60,19,145
combat,12,8,12,14,35
combined,13,16,28,3,4
come,186,1125,263,136,280
coming,27,707,86,52,58
command,16,3,5,5,2
commander,3,11,27,21,4
commerce,11,1,9,3,18
commission,2,8,14,4,16
commit,5,9,11,7,12
committed,19,22,28,15,23
committee,37,73,24,6,10
committing,1,5,8,2,2
common,109,88,13,25,97
communication,3,2,11,8,2
communist,9,134,1,1,1
community,109,92,180,57,176
company,19,188,94,27,191
compare,11,12,1,2,1
compared,20,53,5,2,5
compete,5,11,34,12,28
competent,10,10,1,1,3
competition,5,19,31,6,30
competitive,1,5,22,13,18
competitor,3,7,10,1,6
complacent,1,2,3,1,2
complete,42,49,12,10,20
completed,11,26,2,1,5
completely,56,52,12,3,3
complex,2,14,5,6,9
comprehensive,8,6,6,26,30
concentrated,16,2,1,1,3
concern,22,4,27,8,33
concerned,42,25,8,11,7
conclude,4,2,5,2,2
concluded,7,2,5,5,1
conclusion,29,34,3,5,3
condemn,4,7,2,2,3
condition,173,42,27,16,32
conduct,53,5,5,12,8
conducted,16,8,1,3,3
conducting,6,3,3,4,2
conference,3,15,9,4,8
confidence,28,38,15,27,40
confident,3,17,16,21,22
confirm,7,6,1,1,3
confirmed,8,9,16,3,3
conflict,62,9,29,25,55
confront,1,6,10,33,17
confronted,11,3,1,7,5
congratulation,1,51,5,1,3
congress,3,237,90,183,213
conscience,18,3,2,19,7
consensus,1,2,18,1,13
consequence,88,8,33,21,21
conservative,8,121,3,7,4
consider,56,43,5,13,26
considered,99,39,4,4,5
conspiracy,4,5,2,2,1
constant,18,3,14,2,17
constantly,28,7,5,2,3
constitution,25,80,18,15,15
constitutional,9,23,3,6,7
construction,5,19,6,2,22
constructive,14,1,3,1,7
consumer,1,4,23,9,25
contact,21,1,20,1,1
contained,5,1,3,2,3
content,27,19,2,2,2
contest,3,16,2,3,6
context,1,1,3,2,7
continent,18,20,2,11,11
continue,49,95,162,91,106
continued,25,8,18,8,14
continues,2,12,18,13,15
continuing,3,9,29,8,7
contract,3,5,4,2,3
contrary,68,2,1,2,6
contrast,15,13,1,1,2
contribute,9,1,4,7,9
contributed,11,1,1,1,4
contribution,9,7,10,12,7
control,40,126,30,32,38
conversation,1,42,23,1,20
conviction,71,7,4,15,16
convince,6,9,5,3,5
convinced,46,4,12,1,13
cool,4,13,1,1,3
cooperation,7,2,24,12,23
coordinate,1,2,4,3,2
core,1,7,11,2,20
corner,6,30,8,5,16
corp,5,5,13,22,6
corporate,2,5,21,5,17
corporation,2,6,65,3,19
correct,26,41,5,6,1
corrupt,8,358,3,1,3
corruption,9,53,11,6,14
cost,23,150,216,44,155
costly,1,5,1,1,14
could,560,944,158,90,172
council,10,6,16,39,9
count,18,46,14,2,7
counted,6,49,7,2,2
counter,6,9,4,3,3
counterpart,4,1,3,3,4
counting,3,32,10,1,3
country,168,3670,516,319,515
couple,7,192,31,5,29
courage,57,77,35,46,57
courageous,11,11,5,5,1
course,207,122,26,41,70
court,20,273,60,14,40
cover,8,38,27,5,15
covered,6,35,9,5,5
crack,2,13,2,1,3
crash,1,15,9,3,1
create,22,17,65,44,93
created,45,91,41,22,48
creating,7,18,34,16,23
creation,17,11,23,5,14
creator,15,1,5,4,5
credit,5,87,65,34,59
crew,2,6,9,1,2
crime,20,370,20,13,10
criminal,46,271,10,14,20
crisis,6,34,108,36,102
critic,3,3,2,9,5
critical,15,73,72,14,22
criticism,19,2,1,6,2
cross,4,10,16,14,10
crossed,1,27,1,3,6
crossing,4,15,2,11,6
crowd,22,188,7,2,5
crowded,3,13,6,1,2
cruel,4,8,4,1,1
cure,8,10,5,10,7
current,18,19,12,23,15
custom,10,3,1,7,2
cut,9,344,117,42,161
daily,50,5,5,8,14
damage,18,71,45,2,9
damaged,1,1,6,5,1
danger,79,60,12,63,28
dangerous,28,152,43,26,18
dare,11,2,5,1,1
dark,10,16,6,6,6
darkest,1,1,2,3,5
darkness,3,1,5,1,7
data,3,8,27,1,4
date,15,35,8,7,8
daughter,3,31,42,6,32
david,2,125,5,5,6
day,283,1041,332,142,215
de,4,12,1,2,5
dead,24,131,12,6,6
deadly,7,45,6,8,3
deal,45,724,143,20,47
dealing,26,60,38,6,10
dealt,24,22,10,2,7
dear,3,8,7,3,1
dearly,5,3,2,1,1
death,52,168,33,32,19
debate,7,110,19,26,102
debated,1,3,7,1,9
debt,3,59,79,10,62
decade,12,104,78,36,143
december,5,5,7,1,7
decency,4,1,10,6,10
decent,16,5,24,14,20
decide,27,20,9,3,12
decided,50,60,19,8,16
decimated,1,24,1,2,1
decision,78,127,56,62,66
decisive,26,1,9,11,5
declaration,6,2,21,5,6
declared,22,13,3,15,10
decline,27,40,7,6,11
declining,1,1,4,3,4
decrease,3,4,3,1,1
dedicated,2,2,6,5,4
deemed,5,1,1,1,1
deep,6,78,14,15,17
deeper,10,4,1,4,10
deepest,2,6,1,8,3
deeply,17,5,9,8,12
defeat,29,71,9,22,20
defeated,6,69,8,10,2
defend,48,169,39,51,30
defended,7,11,2,7,3
defending,14,32,15,5,4
define,2,8,5,5,14
defined,8,3,4,4,18
degree,63,23,32,1,20
delay,2,16,12,3,7
deliver,5,19,38,14,20
delivered,21,18,14,10,7
delivering,6,13,14,6,1
demand,66,18,14,41,35
demanded,17,4,1,3,2
demanding,2,13,2,4,7
democracy,69,118,148,101,126
democrat,22,854,62,11,94
democratic,47,6,45,41,57
denied,12,10,11,6,27
deny,12,4,12,14,18
department,13,111,81,39,13
depend,13,1,6,12,18
dependence,2,2,2,4,7
dependent,20,1,2,9,3
depending,2,6,6,1,2
depends,15,10,13,12,26
depression,3,34,6,7,22
depth,9,2,4,2,8
described,18,3,5,4,7
desert,6,12,1,4,5
deserve,6,38,18,24,49
deserves,7,6,8,7,15
design,9,2,4,8,9
designed,5,10,17,6,17
desire,29,2,3,12,9
despair,10,2,4,10,7
despite,21,74,19,5,24
destiny,39,5,1,6,23
destroy,26,145,4,11,8
destroyed,22,137,6,18,5
destroying,9,119,4,3,1
destruction,47,84,19,47,13
destructive,15,14,2,6,4
detail,17,14,22,3,10
detailed,5,5,5,3,1
determination,45,5,7,11,20
determine,8,16,21,8,14
determined,55,13,26,25,23
devastating,7,30,21,3,3
develop,26,6,11,27,22
developed,54,12,10,5,7
developing,16,11,22,22,13
development,130,25,27,18,37
devotion,14,13,6,1,1
dictate,8,2,2,3,5
dictator,2,43,4,18,12
die,21,62,17,6,3
died,9,63,22,9,15
difference,34,113,32,22,77
different,107,318,75,51,87
differently,4,27,4,6,10
difficult,87,33,38,41,57
difficulty,25,7,3,2,4
dignity,17,33,69,42,64
diplomacy,6,1,14,15,28
diplomatic,4,1,4,6,8
direct,24,21,17,9,15
directed,43,6,6,11,4
directing,5,2,6,2,3
direction,32,20,19,11,8
directly,11,8,19,9,11
director,5,11,14,10,4
disadvantage,3,4,3,1,4
disappointed,1,15,2,6,1
disappointment,2,1,2,9,2
disaster,21,216,43,17,12
discipline,20,1,2,3,6
discrimination,2,7,8,1,14
discus,9,22,15,13,10
discussed,10,12,10,1,2
discussing,3,5,3,6,3
discussion,34,20,11,6,15
disease,36,16,27,36,21
dismissed,1,2,1,1,2
display,9,4,2,1,2
disposal,17,5,4,1,1
dispute,12,7,1,1,10
disrupt,1,1,4,7,7
disruption,7,1,12,6,7
distance,6,6,3,4,12
distant,6,15,2,6,7
distinction,13,2,5,3,4
distinguished,4,3,10,14,8
district,27,56,28,7,15
divided,6,4,5,2,9
dividing,1,2,2,1,1
division,20,9,8,11,22
doctor,3,123,37,25,34
document,6,89,15,5,8
domestic,11,21,16,8,8
dominate,12,3,5,7,1
done,89,1107,281,55,150
door,12,37,14,5,31
dose,1,1,10,2,1
double,2,35,14,12,12
doubled,1,14,3,7,11
doubt,25,31,12,12,33
dozen,7,7,9,9,5
dr,12,36,38,5,20
draft,1,1,1,3,1
dramatic,2,3,6,9,1
drastically,1,10,2,1,1
draw,24,6,6,5,19
drawing,10,9,1,4,5
drawn,13,1,1,5,10
dream,16,79,12,24,85
drill,3,96,1,1,2
drive,9,67,30,9,25
driven,13,6,3,3,7
driver,1,4,19,3,3
driving,8,32,13,2,11
drop,9,56,19,1,8
dropped,3,32,9,5,5
drove,5,13,3,2,8
drug,1,419,89,69,17
dust,2,7,1,1,2
duty,124,17,24,48,12
dying,4,60,20,8,6
dynamic,2,1,11,4,7
ear,12,7,8,2,2
earlier,11,41,39,4,17
early,44,105,47,17,19
earn,10,4,8,6,28
earned,2,11,12,7,25
earth,60,30,6,16,63
ease,7,3,19,4,3
easier,23,34,24,9,30
easily,66,73,4,2,5
east,10,99,23,94,38
eastern,11,6,7,6,6
easy,21,182,17,16,43
eat,3,7,3,2,2
economic,169,88,140,79,115
economics,9,3,20,1,9
economy,6,252,308,121,337
educated,13,2,21,4,6
educating,3,1,2,1,4
education,92,71,88,36,151
educational,26,12,6,1,3
edward,2,3,6,1,1
effect,128,16,19,5,17
effective,36,21,18,29,12
effectively,13,13,3,9,5
efficiency,22,4,3,1,7
effort,108,50,109,103,155
egg,2,4,1,5,2
egyptian,1,1,2,3,2
eight,18,107,28,14,21
either,54,103,29,6,22
elderly,1,15,8,4,4
elected,7,92,40,16,35
election,19,1539,64,43,64
electoral,3,5,2,1,1
electric,1,165,71,6,6
element,140,21,13,11,9
elementary,8,2,2,1,5
eliminate,5,19,9,10,18
eliminated,10,22,1,1,5
eliminating,6,4,3,5,5
else,46,279,54,2,44
elsewhere,17,7,4,4,5
embrace,8,6,9,3,25
emerge,4,2,4,7,7
emerged,8,3,7,2,7
emotional,8,3,3,3,2
empire,60,6,1,8,5
employ,14,1,3,3,2
employed,52,5,2,2,1
employee,17,14,31,16,19
employer,21,1,12,21,22
employment,11,7,16,1,6
empty,10,18,13,3,8
enable,20,2,5,2,2
encourage,3,4,10,28,29
encouraging,7,1,4,12,8
end,207,456,131,59,162
ended,7,207,18,16,12
ending,3,28,11,9,12
endless,10,39,2,2,14
endure,19,5,1,2,8
enduring,6,2,8,3,18
enemy,164,117,23,116,20
energy,52,496,102,46,181
enforce,4,9,1,6,9
enforcement,2,181,47,35,25
enforcing,2,3,3,2,2
engaged,13,9,14,10,3
engagement,2,2,10,1,18
engine,1,9,2,1,14
engineer,4,4,11,5,11
engineering,2,3,1,1,10
england,7,12,2,2,1
english,9,9,4,3,9
enjoy,7,14,1,3,9
enormous,30,2,29,3,20
enough,42,126,97,25,67
ensure,5,47,44,43,47
ensuring,4,7,6,2,8
enter,24,2,2,9,5
entered,21,9,1,4,3
entering,10,7,1,5,4
enterprise,18,5,6,15,11
entire,12,115,55,13,42
entirely,55,10,5,2,3
environment,5,30,16,10,7
envy,7,10,2,1,7
epidemic,3,2,4,1,5
equal,34,16,28,12,50
equality,12,2,16,2,17
equally,17,6,11,4,2
equip,2,1,4,1,7
equipment,8,155,9,9,10
equipped,2,9,2,2,1
equivalent,2,1,2,1,2
era,15,1,9,9,15
error,20,24,1,3,2
escape,7,3,7,5,6
especially,126,78,52,19,37
essential,62,4,24,30,20
essentially,11,38,6,1,5
establish,37,4,8,20,5
established,51,5,11,3,13
estimate,15,6,9,1,1
europe,73,106,27,23,28
european,30,16,13,8,7
even,470,1542,156,67,245
evening,26,88,4,17,5
event,47,59,24,13,16
eventually,23,16,6,9,11
ever,88,1659,181,24,89
every,270,929,394,238,405
everybody,25,573,90,3,101
everyone,23,234,106,11,61
everything,82,555,146,16,67
everywhere,19,22,34,12,12
evidence,20,70,23,15,14
evil,60,54,6,37,11
exactly,11,111,32,6,23
example,82,81,118,27,73
excellence,4,2,3,2,1
except,41,77,4,5,5
exceptional,5,6,2,3,6
excess,3,7,1,2,4
excuse,13,29,39,7,13
executive,5,64,26,12,21
exercise,27,3,5,3,8
exist,58,10,5,5,16
existence,238,1,6,2,3
existing,32,21,7,4,4
exists,36,2,6,2,6
exit,1,6,1,1,2
expand,2,13,24,19,31
expanded,2,2,9,10,8
expanding,1,3,17,16,12
expansion,15,3,4,5,9
expect,21,11,14,33,37
expectation,1,5,9,5,13
expected,12,22,7,5,6
expense,12,5,5,8,12
experience,71,29,15,16,41
experienced,9,7,9,6,2
experiment,8,2,2,4,5
expert,11,23,24,7,12
explain,21,48,10,6,5
explaining,2,7,2,1,2
exploit,16,1,2,1,2
export,1,10,4,6,19
expose,4,11,3,2,1
exposed,3,16,11,1,6
express,18,13,8,2,9
expressed,24,1,3,3,7
expression,43,19,16,1,11
extend,10,8,20,19,15
extended,8,4,13,2,9
extends,1,1,3,1,7
extraordinary,11,9,19,4,24
extreme,26,22,54,1,9
extremely,7,30,8,2,1
extremist,4,31,2,32,30
eye,86,62,26,6,33
f,8,13,2,1,5
face,84,65,68,55,101
faced,18,5,15,19,24
facility,3,7,26,10,6
facing,5,7,27,12,10
fact,329,319,178,23,114
factor,46,10,1,1,3
factory,17,75,10,4,32
fail,24,13,10,9,23
failed,50,70,21,21,16
failing,10,40,2,5,5
failure,48,20,7,20,26
fair,2,153,103,24,69
fairly,2,20,6,2,8
faith,74,51,34,36,80
faithful,12,1,3,5,2
fall,39,38,30,14,39
fallen,9,4,18,7,14
falling,10,33,12,2,8
false,32,39,5,4,15
familiar,9,6,2,4,2
family,17,392,422,96,332
far,130,439,72,37,52
farm,1,57,5,1,8
farmer,6,216,5,8,11
fascism,1,21,1,2,6
fast,3,133,28,5,14
faster,1,20,33,4,23
fate,82,6,3,7,8
father,38,112,34,9,37
fault,13,19,1,2,4
fear,46,19,18,40,67
feared,15,26,1,1,2
february,6,13,6,2,1
federal,28,169,169,94,42
feed,2,6,4,8,14
feel,73,75,40,17,65
feeling,124,40,16,2,15
fell,25,14,5,2,3
fellow,22,32,35,60,52
felt,82,42,12,14,21
fewer,2,14,24,12,21
field,56,52,18,16,21
fifth,1,19,8,1,3
fight,163,335,83,82,73
fighting,119,231,38,31,30
figure,5,54,16,2,11
fill,14,32,3,10,13
filled,23,24,3,8,6
final,79,35,20,11,22
finally,163,64,57,14,75
finance,21,25,9,6,10
financial,29,13,27,51,104
find,122,189,73,58,74
finding,7,29,12,12,9
fine,15,104,12,13,5
finger,6,17,1,4,6
finish,8,79,26,7,14
finished,2,78,14,2,5
fire,24,86,71,19,10
firing,1,3,3,3,2
firm,19,28,11,13,25
first,416,960,297,109,211
firsthand,1,2,3,3,2
fit,14,7,5,3,8
five,24,299,72,30,38
fix,6,37,12,5,29
fixed,23,36,3,1,5
flag,37,82,11,7,23
fled,1,6,1,2,2
flew,1,14,8,1,1
flight,3,7,21,6,10
flood,4,11,12,6,5
floor,2,20,16,2,12
flow,2,15,8,6,7
flowing,2,6,1,2,3
flying,2,38,6,2,3
focus,1,16,33,30,53
foe,6,2,1,2,3
folk,5,6,237,17,107
follow,38,34,23,12,27
followed,52,12,7,15,16
follower,53,2,1,2,1
following,75,41,11,7,8
food,16,28,41,15,14
foot,11,93,18,4,17
force,222,238,99,128,132
forced,67,30,9,6,13
forcing,4,4,1,1,5
foreign,136,163,25,31,47
forest,2,2,19,2,1
forever,4,33,11,8,11
forget,36,198,20,19,13
forgot,3,19,6,1,3
form,211,57,7,8,20
formed,50,13,2,3,2
former,57,54,58,15,16
forth,19,22,8,7,6
forum,4,3,16,2,3
forward,52,65,79,48,131
fought,33,140,14,17,43
found,121,125,34,36,37
foundation,87,15,14,8,31
founded,38,7,3,3,12
founding,9,28,8,10,26
four,36,585,99,35,51
fourth,8,23,9,9,10
france,86,50,12,1,3
frank,4,5,4,2,2
frankly,3,135,17,2,4
fraud,2,145,4,1,8
free,54,295,90,127,95
freed,2,3,1,2,3
freedom,57,154,69,232,96
freely,9,1,2,2,6
fresh,24,2,3,1,5
friend,12,292,129,65,86
friendship,9,2,3,3,16
front,100,100,28,10,15
frontier,49,8,1,4,5
frontline,1,3,1,2,1
fuel,1,17,14,10,18
fulfilled,23,9,2,5,3
fulfilling,8,1,1,3,7
full,42,39,61,28,59
fully,27,65,76,23,12
fun,1,48,2,2,1
function,29,3,6,5,7
fund,12,30,17,43,23
fundamental,77,3,23,15,21
funeral,3,6,3,2,1
future,185,114,130,95,272
g,1,5,30,3,7
gain,37,24,21,21,14
gained,46,7,2,3,7
game,11,94,22,1,14
gap,1,4,7,3,16
gas,5,100,73,7,56
gate,2,17,6,3,5
gather,6,6,4,9,14
gathered,8,5,3,6,9
gathering,7,1,4,7,2
gave,56,380,38,16,34
general,207,343,47,35,19
generally,55,10,1,1,3
generation,53,33,57,52,149
generous,3,2,1,5,6
gentleman,30,102,8,9,1
george,3,41,12,30,22
germany,311,50,19,7,7
get,44,2477,940,83,366
getting,14,378,146,8,61
giant,4,43,15,2,2
gift,29,20,7,15,14
girl,14,15,13,16,24
give,116,658,142,79,213
given,89,107,40,42,48
giving,22,92,21,22,31
glad,1,25,6,5,5
globe,12,4,5,5,32
glory,14,3,3,1,3
go,77,1979,341,56,178
goal,44,30,51,65,72
god,31,233,186,56,123
going,12,5337,1195,91,322
gone,17,252,51,13,26
good,118,1722,265,160,236
goodness,1,11,3,3,5
got,20,2264,307,52,191
governing,10,3,2,5,3
government,152,182,118,235,272
grace,3,3,13,5,47
grade,8,3,15,9,4
gradually,93,1,1,2,3
grand,4,33,18,3,1
grandchild,1,8,12,9,15
grant,8,24,22,16,11
granted,14,5,15,6,9
grateful,8,8,15,21,21
gratitude,4,9,4,7,9
grave,29,6,1,9,3
great,366,3081,125,179,139
greater,69,60,20,46,49
greatest,54,503,26,20,34
greatness,40,31,2,7,6
green,1,110,11,3,5
grew,22,13,29,4,11
grief,1,3,5,7,9
ground,70,51,65,17,39
group,101,250,42,49,41
grow,17,12,40,22,63
growing,16,22,35,29,66
grown,17,2,5,4,11
grows,7,1,3,6,11
growth,18,18,41,31,75
guarantee,36,33,18,7,13
guaranteed,15,9,2,1,3
guard,23,44,13,28,7
guest,4,3,8,14,8
guidance,3,1,4,2,1
guided,4,2,2,8,8
guiding,13,1,4,2,1
gulf,7,2,10,24,19
half,28,298,87,29,55
hall,69,13,9,10,18
halt,2,7,2,1,2
hand,230,108,33,22,63
handful,6,2,1,2,7
happen,36,719,73,18,65
happened,42,841,79,15,36
happening,14,408,44,6,16
happens,25,223,18,3,25
happiness,8,3,3,1,11
happy,16,168,9,5,8
hard,38,298,98,67,158
harden,2,2,1,1,1
harder,3,60,13,4,40
hardest,3,14,8,6,6
hardship,7,1,4,3,21
hardworking,2,78,14,11,22
harm,8,16,21,16,18
hate,12,171,24,4,13
hatred,35,16,3,19,10
head,40,150,29,7,22
headed,2,23,9,3,2
headquarters,4,2,3,2,1
heal,1,5,9,1,3
healing,1,1,1,2,2
health,18,47,119,134,252
healthy,29,10,3,8,19
hear,8,320,59,16,45
heard,20,366,66,9,39
hearing,5,69,29,3,13
heart,83,76,43,33,53
heat,3,19,11,2,5
heaven,22,34,1,3,4
heavy,11,14,11,4,6
heir,2,2,1,2,3
held,69,41,19,15,29
hell,4,663,56,14,1
help,67,235,287,226,270
helped,20,65,50,25,48
helping,6,17,51,35,48
hero,28,85,23,6,13
heroic,37,2,4,3,7
hesitate,4,3,2,2,7
hesitation,8,1,1,1,1
hidden,9,5,4,5,5
hide,2,9,11,11,2
high,53,174,117,36,68
higher,95,108,52,20,72
highest,54,165,27,12,25
highly,18,70,13,5,5
highway,1,10,47,3,9
hill,1,13,8,3,8
hire,1,38,9,6,33
historic,2,68,48,23,14
historical,36,1,9,2,3
history,142,1063,158,87,148
hit,8,210,45,5,25
hold,83,91,47,25,65
holding,26,15,1,6,11
holy,3,3,5,5,13
home,95,316,296,97,212
homeland,2,7,14,51,16
honest,39,118,15,7,24
honestly,6,54,3,1,8
honesty,13,5,4,1,4
hope,55,211,86,121,138
hopeful,1,1,5,26,29
hoping,5,3,2,2,5
horizon,7,1,5,2,8
horror,12,33,3,13,5
horse,8,7,1,4,2
hospital,12,33,56,16,19
hospitality,3,1,3,2,2
host,5,3,3,3,3
hostile,22,17,2,5,4
hot,1,30,1,1,3
hotel,2,28,8,1,1
hour,73,146,110,22,27
house,42,395,117,56,88
housing,2,14,30,15,27
houston,1,15,3,4,1
however,114,17,5,16,8
huge,9,15,7,12,24
human,209,84,92,109,114
humanitarian,3,7,15,4,5
humanity,41,6,9,13,17
hundred,109,397,45,18,41
hungry,4,3,3,2,5
hunting,2,7,2,5,1
hurt,1,101,13,3,17
husband,5,49,30,8,5
idea,294,194,70,17,181
identified,3,4,4,1,4
identify,5,6,5,4,2
identity,3,6,2,2,7
ignore,5,3,3,6,12
ignored,15,2,6,1,4
ii,6,11,20,4,15
ill,7,65,1,6,30
illegal,3,343,6,27,13
illusion,14,1,1,4,3
image,9,9,5,10,6
imagine,26,188,30,4,18
immediate,13,5,19,15,7
immediately,37,221,18,11,4
immigrant,1,26,5,30,55
impact,1,28,70,4,22
impartial,6,3,1,3,1
imperative,5,1,9,1,9
imperfect,1,1,1,1,3
implement,1,10,11,4,2
importance,132,4,7,7,2
important,99,317,107,80,110
impose,10,24,10,8,8
imposed,13,6,6,2,5
imposing,7,3,3,2,2
impossible,79,39,3,7,5
improve,8,1,15,29,33
include,7,13,13,7,5
included,7,19,7,3,3
includes,6,35,31,10,20
including,9,207,150,34,60
inclusion,1,3,1,1,1
income,1,19,52,24,44
increase,56,91,100,40,38
increased,41,11,15,3,20
increasing,33,10,35,17,8
incredible,20,664,44,4,17
indeed,97,22,3,1,13
indefinitely,7,1,2,1,2
independence,39,53,16,10,14
independent,29,83,25,10,24
india,11,29,15,7,9
indian,3,21,15,4,1
individual,284,40,26,22,65
industrial,14,9,6,1,2
industry,17,108,31,12,84
inevitable,20,2,2,3,6
infected,7,5,5,5,2
infection,7,1,3,4,1
inflation,3,236,32,3,2
inflict,1,2,2,3,1
influence,103,3,4,8,17
information,17,46,13,28,33
informed,14,5,5,1,6
inherited,2,3,5,1,6
initiative,8,7,36,27,25
injured,3,29,11,1,1
injury,2,1,6,3,1
injustice,5,18,5,1,7
innocent,8,75,20,29,31
innovation,3,1,6,9,55
inside,2,22,8,5,8
insist,5,3,1,3,21
inspired,29,6,3,5,15
instance,39,10,1,1,4
instead,50,167,45,32,61
institute,2,20,6,6,4
institution,99,85,27,40,37
instructed,4,3,5,2,2
instruction,23,2,1,3,4
intellectual,116,2,1,1,3
intelligence,40,33,11,47,15
intend,4,3,5,7,20
intended,13,1,4,1,3
intense,2,1,7,2,1
intention,46,5,7,11,7
interest,215,82,45,32,104
interested,12,17,2,3,9
interesting,4,119,4,3,2
interference,3,44,3,2,1
international,72,2,50,32,61
intimidation,6,5,5,1,2
introduced,23,12,12,1,2
introduction,5,3,10,5,3
invest,1,6,75,11,61
invested,7,9,32,1,5
investigation,3,69,4,3,1
investing,1,2,46,2,14
invite,1,6,2,9,2
invited,3,7,4,4,2
involved,10,71,13,9,18
involves,1,1,1,5,2
iron,16,18,4,1,9
irresponsible,5,1,2,1,5
island,1,20,10,2,11
isolated,8,1,1,6,11
israel,1,123,24,17,122
issue,19,90,90,59,159
issued,2,12,9,4,3
item,2,8,5,2,1
january,8,74,26,6,9
japan,12,34,7,16,5
japanese,13,4,1,1,2
jew,325,1,4,2,16
jewish,142,4,5,1,24
job,17,1209,424,140,518
join,31,23,19,36,37
joined,18,51,14,21,20
joining,5,18,19,5,4
joint,1,3,14,3,5
journalist,4,4,6,4,1
journey,2,17,12,11,34
joy,10,6,2,3,6
judge,16,157,32,10,25
judged,15,3,1,1,4
judgment,26,1,13,1,10
justice,32,172,81,50,69
justify,6,3,3,2,6
keep,40,377,203,55,176
keeping,13,35,32,17,18
kept,26,128,16,8,22
key,5,20,41,18,13
kill,1,152,4,18,22
killed,5,183,35,15,33
kind,182,126,53,22,81
king,8,20,27,4,19
knew,36,242,31,9,28
knock,3,40,5,1,2
knocked,1,37,5,1,1
know,119,3715,616,209,473
knowing,9,14,19,3,26
knowledge,97,10,7,9,10
known,25,89,43,18,48
lack,99,9,3,7,15
laid,35,41,20,2,20
land,21,115,32,29,40
landed,1,5,3,1,5
language,63,31,4,4,2
large,61,88,27,21,18
largely,6,14,2,5,2
larger,23,21,10,11,17
largest,8,149,64,9,36
last,139,569,239,88,228
lasting,7,3,2,7,28
late,15,49,22,11,9
later,110,120,32,9,28
latest,3,12,4,3,3
latin,3,3,4,5,1
launch,3,5,16,4,16
launched,5,22,8,6,15
law,92,418,223,127,176
lawyer,2,111,13,3,4
lay,49,10,11,9,27
le,128,148,77,21,87
lead,81,74,76,73,106
leader,166,190,137,84,134
leadership,34,99,53,33,82
leading,24,209,70,22,16
leaf,10,8,8,2,4
league,38,5,4,1,5
learn,29,28,14,21,25
learned,46,35,23,16,28
learning,19,3,12,13,13
least,130,106,44,18,33
leave,35,189,59,27,45
leaving,14,92,22,9,8
led,66,38,50,13,50
left,90,790,68,42,40
leg,1,30,3,2,5
legal,5,86,9,24,16
legally,1,35,3,2,6
legislation,7,27,55,37,28
legislative,8,1,3,4,5
legitimate,2,10,12,2,20
length,4,3,3,1,3
lesson,32,8,3,13,19
let,45,1233,287,50,323
letter,12,27,15,8,24
level,73,239,32,25,38
liberty,31,87,19,100,33
library,1,2,1,1,3
lie,73,103,32,14,20
life,313,417,223,236,257
lifetime,2,20,7,3,11
lift,5,45,17,12,21
lifted,1,37,1,3,12
lifting,2,6,1,4,4
light,54,75,18,13,22
like,113,3082,377,111,362
likely,10,6,24,8,15
limb,3,1,1,1,4
limit,22,3,47,15,20
limited,29,2,4,1,6
line,75,92,124,32,63
link,2,3,2,2,3
list,5,77,9,3,5
listen,9,110,10,10,17
listened,6,28,2,2,1
listening,1,19,3,6,12
little,121,644,113,21,60
live,45,114,64,59,103
lived,22,21,26,6,17
living,37,55,48,19,54
load,1,9,1,1,3
loan,3,18,10,18,37
local,14,89,37,51,32
lock,1,22,3,1,4
long,185,481,174,72,155
longer,102,212,44,25,50
longstanding,1,1,6,1,3
look,73,1340,414,46,131
looked,88,158,28,4,11
looking,13,290,67,8,47
lose,20,243,23,7,47
losing,14,101,28,8,17
loss,25,25,32,11,15
lost,71,301,84,32,72
lot,23,1638,307,45,117
love,41,943,51,27,81
loved,6,60,32,13,23
loving,1,5,1,3,2
low,13,125,32,10,12
lower,36,62,67,9,37
lowered,4,9,2,2,1
lowering,2,2,10,1,4
lowest,8,68,11,1,10
loyal,12,33,2,1,2
loyalty,12,14,2,1,4
luther,1,5,5,1,6
lying,13,20,5,1,3
mad,2,4,4,3,1
made,288,798,237,78,212
main,28,37,5,6,10
maintain,33,15,16,3,15
major,3,66,106,26,21
majority,80,45,50,12,30
make,257,1109,538,228,567
maker,1,4,3,1,2
making,61,144,222,50,129
man,264,539,66,35,71
manage,2,8,6,1,8
managed,6,1,4,1,2
management,8,10,11,8,3
mandate,2,92,13,5,3
manner,66,7,1,3,5
manufacturer,1,23,12,1,13
manufacturing,1,51,23,2,34
many,190,1385,275,188,277
march,25,5,19,8,20
mark,15,111,12,3,13
marked,7,1,3,4,2
market,7,101,39,66,101
marriage,19,2,6,19,11
martin,2,5,8,3,14
mass,287,45,7,52,22
master,59,11,4,2,4
mate,9,1,2,2,1
material,63,28,16,19,16
matter,168,138,120,25,84
max,2,25,1,2,4
may,411,186,132,66,164
maybe,2,324,41,3,26
mayor,2,71,46,9,20
mean,301,719,312,45,149
meaning,44,33,6,6,12
meant,58,74,19,5,19
meantime,2,14,22,1,5
meanwhile,8,12,2,1,19
measure,102,15,37,24,35
medal,1,11,11,1,1
medical,5,43,24,52,28
medicine,1,26,12,31,9
medium,8,265,8,3,9
meet,23,77,64,60,106
meeting,211,58,53,16,30
member,172,114,115,95,85
memorial,2,6,13,3,3
memory,35,12,12,4,19
men,279,131,53,112,122
mental,41,79,23,1,8
mentioned,30,35,12,3,6
mercy,4,3,6,9,2
merely,108,5,1,2,7
mess,1,85,4,2,4
message,8,29,34,28,28
met,12,78,58,26,35
method,67,3,1,14,1
mexico,1,348,5,8,7
middle,21,162,122,100,107
midst,9,2,8,3,12
might,213,93,32,22,73
military,132,530,108,108,101
million,87,1036,335,111,201
mind,153,91,35,14,39
mine,5,142,19,1,8
minimum,3,25,21,1,28
minister,11,28,22,13,11
minority,7,2,15,11,16
minute,19,169,20,8,9
miracle,8,29,1,3,1
miss,1,18,5,4,1
missed,3,19,4,1,2
missing,2,18,6,2,1
mission,39,32,51,48,54
mistake,46,59,13,17,24
misunderstanding,3,9,3,1,1
mix,4,3,2,1,4
moderate,5,4,7,4,2
modern,27,13,13,11,7
moment,132,55,110,44,65
momentum,1,8,5,9,12
money,27,636,101,59,95
month,24,457,239,54,132
moral,83,3,12,29,22
morning,22,129,35,21,11
mostly,20,39,5,2,5
mother,25,45,34,17,37
motion,5,5,3,1,1
mountain,2,17,7,4,8
move,13,97,108,35,84
moved,16,55,40,5,15
movement,558,231,18,17,19
much,166,1776,249,73,179
murderer,1,43,2,4,5
must,698,312,87,293,340
name,58,326,44,10,14
named,2,83,16,8,12
nation,576,951,347,405,397
national,484,140,93,78,68
native,16,3,20,1,10
natural,76,32,9,9,24
nature,141,7,12,13,14
naval,12,1,2,2,1
navy,9,8,2,6,3
near,7,43,22,6,9
nearly,26,71,83,40,82
necessary,232,33,23,39,46
necessity,56,1,3,1,8
need,84,515,389,180,365
needed,26,68,47,24,26
needle,1,5,2,7,2
negative,16,19,7,1,3
negotiate,1,29,26,1,6
negotiation,5,27,15,3,19
nervous,5,4,1,1,1
nest,1,15,1,4,2
net,3,6,10,2,7
never,273,2218,187,77,151
new,362,934,380,315,507
newly,7,2,2,3,1
news,9,417,39,11,27
newspaper,43,23,2,1,3
next,23,325,140,53,182
night,19,223,41,18,32
nightmare,1,34,2,2,1
nine,5,99,13,5,10
noble,11,9,2,15,3
nobody,52,931,19,3,15
none,16,85,35,7,28
normal,6,29,6,7,1
north,14,243,13,16,40
note,6,3,8,2,4
nothing,149,482,76,20,56
notice,14,64,9,6,2
noticed,5,21,7,1,4
november,41,187,7,4,4
number,125,1089,201,41,62
nurse,1,6,19,5,9
oath,1,11,9,6,12
objective,53,2,6,10,9
obligation,29,4,40,11,32
obstacle,18,3,5,2,5
obviously,10,23,4,7,11
occasion,46,13,4,1,5
occupy,6,2,3,1,3
occur,3,4,7,2,1
occurred,6,2,13,2,1
offensive,24,8,2,12,6
offer,28,10,16,31,52
offering,6,1,2,4,10
office,30,309,98,29,89
officer,21,68,71,17,17
official,79,48,33,30,20
often,136,38,24,18,52
oh,2,634,28,4,2
old,175,143,65,15,61
older,7,9,17,7,3
one,868,2834,735,228,531
onto,1,38,9,2,6
open,50,240,59,27,77
opened,14,50,7,6,15
opening,4,27,8,4,8
openly,28,14,2,2,5
operate,4,3,7,5,7
operation,13,43,39,38,12
opinion,136,77,5,4,16
opportunity,31,31,85,64,154
oppose,23,13,5,13,6
opposed,40,28,5,9,7
opposing,7,25,1,1,1
opposite,20,77,5,2,4
opposition,38,11,4,2,13
oppression,21,3,5,9,5
order,211,196,51,34,44
ordered,9,6,11,5,14
orderly,2,1,1,5,2
organization,1,35,33,22,21
organized,1,6,6,2,6
others,104,169,69,50,73
otherwise,47,35,3,3,6
ought,98,18,5,3,6
outcome,27,6,7,11,20
outline,5,2,2,5,2
outrage,6,1,1,2,2
outside,38,122,23,9,14
outstanding,16,26,7,1,15
overcome,35,2,4,12,14
overnight,1,3,3,5,10
overwhelming,10,9,13,1,13
owe,10,8,37,11,10
owes,13,2,4,2,1
owned,1,8,4,1,3
owner,1,16,2,7,31
ownership,2,2,2,9,3
pace,4,3,18,3,18
pacific,1,6,7,2,6
page,4,27,8,2,10
paid,19,155,83,7,45
pain,9,15,24,5,20
painful,1,8,8,3,12
paper,33,108,5,1,6
parade,6,6,1,1,2
parent,15,105,123,29,72
paris,9,15,11,2,2
parliament,54,4,1,7,5
part,221,162,149,62,179
participate,11,5,2,5,10
participation,3,1,2,7,6
particular,59,57,10,5,17
particularly,47,7,30,6,22
partisan,2,15,12,6,18
partner,4,7,75,20,51
party,401,321,37,41,120
pas,14,68,83,43,68
passage,3,1,5,3,1
passed,39,93,87,45,52
passing,10,8,14,12,13
passion,11,9,6,1,23
past,85,64,90,39,120
pastor,3,11,1,2,4
path,12,15,34,48,57
patient,4,36,27,18,15
patriot,8,247,12,7,8
patriotism,13,3,2,1,11
patrol,2,92,4,28,6
paul,1,39,6,4,5
pay,28,342,210,39,133
paying,4,144,91,4,37
peace,67,104,32,138,155
peaceful,16,8,7,26,35
peacefully,4,8,4,3,9
penalty,4,104,6,8,8
penny,6,64,36,1,5
pension,4,17,3,6,7
people,985,4772,1015,503,947
per,11,23,40,4,9
percent,1,50,8,31,99
perfect,5,101,8,5,24
performed,7,1,2,1,2
performing,5,1,1,6,2
perhaps,27,85,4,2,18
peril,7,2,2,7,10
period,79,150,27,15,19
permanent,16,8,7,17,11
permanently,11,6,4,7,2
permit,11,2,1,7,4
persecution,10,39,1,2,4
perseverance,11,1,1,2,2
person,124,411,55,24,34
personal,66,21,32,18,12
personally,20,21,12,3,6
phase,13,8,3,6,2
phrase,18,34,11,1,1
physical,62,14,21,5,2
physically,16,14,5,1,1
picked,1,27,3,1,3
picture,36,53,6,6,7
piece,30,62,58,10,9
pilot,1,31,2,2,3
place,210,621,145,80,178
placed,28,4,4,6,6
placing,7,1,3,2,1
plain,2,9,3,2,6
plan,44,91,252,93,175
plane,9,144,12,5,8
planet,8,12,10,2,25
planned,4,6,6,5,5
plant,2,74,9,4,22
platform,6,16,1,1,2
play,46,130,19,3,39
played,24,22,6,2,6
player,1,27,6,4,2
playing,10,36,10,8,12
please,3,335,56,11,18
pleased,12,12,15,10,6
pledge,4,14,15,17,14
plenty,3,47,5,1,7
plot,1,4,3,8,9
pocket,3,5,16,1,20
point,138,361,124,32,78
poison,31,4,3,2,5
police,23,298,65,27,20
policy,292,232,42,51,68
political,423,300,35,39,72
politician,32,207,4,5,12
politics,51,80,20,9,93
poll,1,554,12,4,9
poor,28,47,16,13,25
popular,31,72,8,6,7
population,78,23,15,8,7
port,2,8,59,4,3
portion,18,24,9,5,4
pose,3,3,5,3,12
position,155,63,55,13,22
positive,25,34,11,2,7
posse,45,1,3,5,4
possibility,51,8,25,7,10
possible,227,157,52,29,74
possibly,14,23,5,5,2
post,13,61,8,3,5
potential,1,32,22,24,34
poverty,9,19,20,20,55
power,296,219,157,102,160
powerful,19,173,19,9,27
practical,111,1,3,7,14
practice,58,6,15,12,17
praise,10,3,4,2,5
pray,5,16,9,6,8
prayer,4,14,5,12,10
preach,1,2,1,1,1
precious,8,12,3,3,10
pregnancy,1,1,2,1,5
prejudice,12,1,4,1,3
prepare,14,3,19,11,10
prepared,26,13,27,15,19
preparing,11,2,5,5,5
prescription,2,8,43,24,16
presence,12,1,5,4,5
present,191,5,14,5,10
preserve,36,10,9,7,7
preserving,12,4,4,1,2
president,7,1400,339,153,268
press,100,183,38,10,11
pressure,10,18,22,16,18
pretend,10,19,1,1,5
pretending,2,2,1,1,1
pretty,1,196,12,6,24
prevail,16,6,2,9,1
prevent,47,38,36,30,52
prevented,11,1,3,5,5
preventing,6,3,3,8,7
prevention,2,4,7,5,1
previous,10,17,16,2,11
price,3,245,132,17,28
pride,18,22,27,7,17
primarily,10,4,2,1,2
primary,15,135,8,9,1
prime,1,48,18,12,9
principal,17,6,3,6,8
principle,267,21,23,40,59
prior,1,40,7,3,1
priority,2,24,12,25,31
prison,5,147,7,15,11
prisoner,1,30,2,10,5
private,17,59,57,26,43
privilege,10,15,8,8,8
probably,31,415,18,4,16
problem,190,574,62,63,120
proceed,3,5,1,3,4
process,92,58,58,17,54
produce,26,9,18,15,17
produced,24,26,4,5,6
producing,8,7,6,5,1
product,43,59,42,9,35
production,22,29,23,9,11
productive,11,3,12,3,7
profession,20,1,2,2,3
professional,12,26,15,8,11
profit,6,2,19,4,20
profound,53,5,22,4,14
progress,59,15,114,67,128
progressive,10,5,8,1,4
prohibition,2,1,1,1,1
project,8,14,28,10,31
promise,14,92,86,46,116
promised,6,31,19,8,17
promising,3,12,5,7,4
promote,18,6,9,16,23
promoting,8,2,4,7,7
promotion,4,1,2,1,6
pronounced,9,1,1,1,2
proof,42,18,8,1,7
propaganda,166,5,2,1,3
proper,12,11,1,2,2
properly,11,35,3,2,3
property,12,17,8,7,1
proportion,16,4,3,1,3
proposal,9,1,25,15,52
propose,1,1,10,26,7
proposed,5,5,20,9,20
prospect,23,1,4,8,13
prosperity,11,17,7,26,70
protect,15,209,145,63,81
protected,17,26,21,10,12
protecting,3,40,27,15,13
protection,31,49,40,12,22
protective,5,5,2,1,1
protects,3,4,5,4,5
protest,27,26,2,1,12
proud,12,255,51,46,40
prove,45,26,7,2,9
proved,63,9,1,2,7
provide,20,20,99,53,67
provided,23,4,29,10,11
provides,8,2,9,9,7
providing,10,4,36,27,23
province,17,2,1,10,1
provision,6,6,4,4,10
public,245,83,101,37,65
publicly,8,10,3,2,7
pull,2,18,15,1,15
pulled,3,25,5,6,6
pump,2,20,12,1,2
purchase,2,12,5,7,5
purchasing,1,1,2,2,1
purpose,193,27,16,31,40
pursue,12,7,8,20,49
pursued,14,1,3,4,4
pursuing,4,4,2,13,7
pursuit,4,1,5,7,21
push,9,16,12,1,17
pushing,4,57,9,1,20
put,132,835,144,36,159
putting,23,81,30,7,24
qualified,6,17,8,2,2
quality,82,13,29,10,25
quarter,34,26,17,2,11
question,243,230,100,44,107
quick,3,65,7,3,6
quickly,29,209,36,20,18
quiet,5,10,2,8,10
quit,1,16,2,1,5
quite,125,69,23,1,2
quote,2,33,49,6,2
race,219,179,26,5,64
racial,132,23,8,2,13
radical,18,494,3,14,3
rage,10,7,2,2,2
raging,3,12,4,3,2
raid,1,15,2,7,1
rail,1,1,47,4,6
raise,24,88,77,14,61
raised,28,46,22,6,15
raising,4,13,28,10,13
rallied,2,1,4,6,3
rally,7,155,4,3,7
ran,3,145,39,2,20
range,1,1,32,4,9
rank,47,7,16,2,2
rapid,8,29,9,2,3
rapidly,16,31,17,1,8
rare,16,3,9,2,2
rate,3,112,97,14,67
rather,194,59,19,5,34
ray,4,2,2,2,1
rd,2,48,9,1,1
reach,34,15,40,26,75
reached,38,26,15,7,10
reaching,7,4,3,2,16
read,53,104,27,14,17
readiness,15,1,1,1,1
reading,24,31,3,13,8
ready,64,109,40,14,18
real,123,232,124,17,55
realistic,3,1,4,2,3
reality,73,3,14,10,18
really,97,1110,153,13,34
reason,230,317,104,18,74
reasonable,7,7,2,4,5
recall,10,1,4,1,5
receive,12,11,13,17,21
received,51,37,14,13,12
receiving,3,6,4,3,1
recent,6,39,17,16,19
recently,5,65,14,10,14
recommendation,2,6,4,10,2
recommended,7,1,5,2,1
reconciliation,1,5,5,7,6
record,3,457,74,19,25
recover,3,6,16,6,15
recovered,3,5,1,1,5
recovery,6,7,53,14,47
recruit,16,2,1,7,7
red,50,60,24,6,16
reduce,2,17,64,21,53
reduced,7,14,14,3,8
reducing,3,9,19,7,16
reform,17,54,10,109,191
refuse,12,47,9,5,21
refused,15,29,8,4,8
regain,4,2,2,2,2
regard,105,10,15,2,5
regardless,6,5,6,2,16
regime,37,10,1,111,30
region,13,9,32,62,81
regional,3,1,6,4,9
register,2,12,4,1,1
regulation,4,133,1,9,26
reign,5,19,2,1,1
reinforcement,4,2,1,4,2
reject,9,11,5,9,26
rejected,12,28,4,1,11
related,1,10,8,2,3
relation,42,7,7,5,17
relationship,6,93,11,5,21
relative,4,8,16,3,2
release,2,101,10,6,6
relentless,1,3,3,3,7
reliable,4,2,2,7,2
reliance,1,11,2,1,1
relief,6,13,17,51,12
religion,37,20,4,7,31
religious,84,51,6,21,14
rely,1,10,4,2,9
remain,64,89,22,18,38
remained,52,2,3,1,2
remaining,5,7,7,4,3
remains,28,14,15,16,29
remark,12,3,5,2,9
remarkable,5,1,3,1,9
remember,27,691,103,22,42
remembered,15,7,3,4,4
remind,6,3,13,11,17
reminded,3,3,6,4,13
removal,4,10,1,2,1
remove,6,18,5,6,12
removing,7,8,3,3,4
renewed,5,2,4,8,8
rent,1,4,7,2,1
repair,5,4,11,2,9
repeat,10,19,8,2,15
repeatedly,5,13,6,1,4
replace,6,12,6,7,14
report,10,118,33,24,14
reported,3,45,10,3,2
reporter,1,20,5,2,1
represent,15,22,8,9,12
representative,75,58,30,18,22
represented,26,24,7,4,6
representing,8,23,9,1,1
represents,22,11,6,3,9
repression,2,2,2,6,8
republic,52,31,6,5,6
republican,8,613,140,17,168
request,3,22,10,5,5
require,4,17,40,30,44
required,9,11,18,13,18
requirement,3,7,73,3,2
requires,3,4,13,36,29
rescue,2,23,61,13,7
rescued,2,2,1,4,4
reserve,11,24,28,6,5
resolute,12,4,2,4,1
resolution,12,1,5,25,12
resolve,4,6,8,32,30
resource,16,23,41,28,43
respect,41,207,49,44,58
respected,4,251,3,4,8
respond,1,1,37,8,19
responded,1,3,3,7,5
response,6,9,44,22,13
responsibility,73,3,30,73,137
responsible,55,21,17,21,37
rest,47,68,69,13,35
restaurant,5,6,16,1,2
restoration,15,2,5,1,4
restore,13,131,24,3,31
restored,10,16,3,1,4
restoring,5,7,6,1,5
restriction,4,9,6,3,2
result,246,97,48,47,39
resulted,27,1,3,1,1
resume,7,5,3,1,2
retail,1,2,1,2,2
retired,4,4,3,3,3
retreat,3,6,2,14,2
return,21,32,24,41,25
returned,15,10,2,6,3
returning,2,19,1,4,3
revenue,1,9,7,6,12
reverse,12,17,1,2,12
review,2,12,9,10,8
reviewed,1,2,2,4,1
revolution,122,6,2,5,25
rhetoric,2,2,1,3,3
rich,5,92,3,2,17
rid,4,154,8,5,7
right,222,2483,436,125,520
rigorous,4,3,4,3,5
rise,35,7,18,24,22
rising,7,22,28,14,27
risk,27,17,85,23,50
risked,2,5,5,2,1
risking,1,2,3,2,2
river,4,12,12,3,4
road,34,39,94,16,47
robust,8,2,3,1,2
rock,4,17,6,1,5
role,13,13,16,16,37
room,21,201,88,13,21
root,19,9,3,7,13
rose,1,6,3,10,3
roughly,2,1,9,2,5
round,20,12,3,2,9
route,9,14,5,2,3
row,3,54,2,1,2
ruin,27,27,4,7,6
rule,32,74,44,27,100
run,43,402,27,25,33
running,3,305,34,12,13
rural,1,3,14,2,16
rushed,3,3,1,1,3
russia,60,693,73,6,16
russian,24,40,32,1,7
s,3,1,13,15,10
sacred,34,24,33,3,14
sacrifice,84,8,8,29,34
sacrificed,17,2,8,2,7
sacrificing,4,8,1,2,2
sadly,2,23,5,1,4
safe,4,152,76,32,47
safeguard,17,3,4,5,7
safely,4,9,13,2,10
safer,1,19,25,21,18
safety,3,48,40,19,29
said,73,4010,391,56,170
sailor,1,1,1,2,1
sake,31,27,11,5,11
sanction,4,25,26,7,22
save,19,191,64,37,55
saved,16,135,7,9,17
saving,8,42,38,26,37
saw,38,363,54,29,40
say,115,2625,345,63,177
saying,18,443,80,13,32
scale,30,24,9,7,8
scar,1,3,2,1,1
scattered,2,1,1,1,1
scene,11,11,4,4,8
scholar,1,15,1,3,1
school,77,314,241,105,152
science,20,6,28,34,55
scientific,20,3,10,9,7
scientist,2,14,26,27,23
scope,8,2,2,2,5
score,1,5,5,4,7
sea,9,5,10,3,3
search,5,13,15,15,7
searching,2,2,1,2,2
seat,13,66,8,1,14
second,76,315,102,39,57
secret,33,33,11,7,12
secretary,6,87,70,49,24
secure,23,131,16,40,56
secured,20,5,7,2,4
securing,17,1,1,9,5
security,19,177,88,231,245
see,106,1219,279,90,205
seed,8,5,1,2,3
seeing,22,64,55,9,22
seek,14,21,20,38,54
seeking,5,3,16,7,13
seem,16,22,9,7,18
seemed,84,8,1,3,1
seems,38,25,12,7,12
seen,29,587,80,48,96
seize,2,5,4,6,14
seized,5,2,1,4,3
self,14,3,5,4,3
sell,3,61,11,6,15
selling,2,30,4,3,5
senate,3,129,104,23,36
send,6,234,43,30,44
sending,1,75,7,3,10
sense,86,134,31,15,85
sensitive,2,4,1,1,1
sent,23,124,13,28,35
separate,7,12,6,1,5
september,6,5,24,52,11
series,14,9,5,9,12
serious,42,43,47,23,40
seriously,25,32,9,4,6
serve,81,16,30,46,49
served,25,7,35,9,35
service,113,77,134,54,50
serving,10,5,15,14,12
session,4,4,5,8,6
set,83,178,52,51,107
setback,2,1,1,3,9
setting,8,23,12,3,8
settlement,10,9,2,1,7
seven,19,139,41,16,15
several,45,6,33,8,24
severe,9,6,23,6,4
shadow,3,7,6,6,23
shake,6,11,2,4,7
shall,71,3,7,1,11
shape,20,51,12,6,30
shaped,5,4,2,5,7
share,18,22,83,39,90
shared,3,7,26,9,30
sharp,5,13,1,1,3
shattered,5,14,2,3,1
sheer,22,1,1,1,3
shelter,1,4,15,9,4
shield,4,15,2,7,5
shift,1,8,7,3,16
shining,2,2,3,1,1
ship,6,56,14,5,13
shooting,3,34,4,1,10
shop,5,4,1,2,4
shore,1,7,6,2,31
short,42,107,16,11,14
shortly,2,34,12,2,6
shot,4,157,149,4,24
shoulder,19,31,10,3,12
shouting,5,5,1,1,1
show,81,252,66,55,41
showed,35,32,11,9,7
showing,2,22,13,10,6
shown,30,19,8,14,13
shut,5,86,13,5,13
sick,1,144,13,5,44
side,104,179,35,41,50
sight,19,10,5,4,15
sign,39,111,52,19,39
signal,8,19,2,4,1
signed,3,91,31,10,15
significant,9,4,96,7,11
signing,1,19,20,4,9
silence,22,72,11,3,1
silent,8,28,3,1,3
similar,49,13,9,11,5
simple,31,146,43,5,44
simply,46,30,25,4,45
sin,18,2,1,1,1
since,135,100,123,43,94
sing,3,2,1,1,2
single,40,250,123,27,71
sister,2,7,25,2,17
sit,4,60,25,4,22
sitting,6,127,33,4,12
situation,102,69,35,21,24
six,21,144,49,8,41
size,19,33,13,8,15
skill,9,3,13,24,39
slaughter,1,4,1,1,6
slave,16,1,2,2,8
slavery,8,1,1,5,8
sleep,7,11,5,2,6
sleeping,1,7,1,1,1
slow,20,14,8,4,11
slowly,41,6,1,4,7
small,121,106,60,39,109
smaller,21,17,3,1,6
smith,1,28,1,2,2
socalled,101,23,8,2,1
social,191,120,26,57,38
socialism,14,17,1,1,1
society,27,14,14,71,56
soft,1,14,2,1,1
soil,28,7,1,6,3
sold,6,54,6,4,5
soldier,93,307,14,19,26
solemn,9,3,2,8,2
solid,18,16,4,3,4
solution,30,2,18,11,16
solve,10,47,14,6,43
solved,9,23,2,4,3
solving,3,10,3,1,4
somebody,7,389,15,6,45
somehow,5,24,7,5,22
someone,6,10,59,2,27
something,90,525,111,23,119
sometimes,30,74,23,18,60
son,18,121,61,10,37
song,8,14,1,1,2
soon,68,197,23,12,26
sorrow,2,1,1,9,2
sought,5,1,8,3,7
soul,31,21,30,8,4
sound,45,103,15,12,11
source,41,14,11,30,40
south,35,176,36,14,44
southern,6,57,6,4,4
sovereign,27,10,5,2,11
sovereignty,12,26,5,2,5
soviet,6,11,1,8,11
space,16,101,16,4,69
speak,51,98,53,17,69
speaker,27,34,11,18,32
speaking,47,47,16,4,5
special,41,141,23,14,28
specific,4,5,13,5,14
specifically,2,7,8,1,2
speech,44,267,15,21,21
speed,7,21,45,2,10
spend,3,66,11,18,43
spending,1,56,19,32,57
spent,11,111,40,11,37
spirit,158,64,6,33,49
spoke,21,70,32,4,22
spoken,23,14,24,5,7
sport,7,58,3,4,2
spot,7,8,4,1,5
spread,30,7,33,19,24
spreading,12,3,2,6,2
spring,24,5,5,2,9
square,9,11,6,2,7
squarely,1,1,1,1,6
st,2,13,75,12,41
stability,12,4,14,13,16
stadium,1,5,3,1,3
staff,5,18,52,10,11
stage,38,93,12,10,12
stair,2,37,4,1,3
stake,7,12,20,15,32
stand,71,300,109,55,123
standard,23,38,24,38,40
standing,12,166,49,15,25
star,5,40,5,4,5
start,24,205,70,26,102
started,14,235,52,12,25
starting,2,92,31,9,32
state,884,1645,632,257,405
statement,29,104,7,2,7
station,5,14,31,4,13
status,7,15,7,13,20
stay,3,107,64,18,40
steadfast,2,1,3,4,2
steady,18,2,6,8,6
steel,9,88,15,2,6
step,51,42,98,47,96
stick,6,34,5,1,5
still,165,177,172,55,195
stimulus,7,2,2,2,1
stock,43,96,10,7,13
stolen,2,38,3,1,2
stood,25,79,27,9,20
stop,18,474,84,29,70
stopped,3,191,21,10,16
storm,55,10,51,15,14
story,8,292,47,26,80
straight,3,56,18,2,17
strait,2,1,4,2,2
stranger,5,1,2,5,12
strategy,2,6,14,43,38
street,28,124,46,21,80
strength,125,114,24,35,60
strengthen,11,18,17,28,46
strengthening,10,1,11,9,7
strengthens,1,1,2,2,6
stretch,3,1,2,1,10
strict,3,8,2,1,1
strike,30,8,14,13,22
strong,45,355,49,57,76
stronger,38,51,51,30,48
strongest,15,67,8,1,15
strongly,10,52,8,8,8
struck,9,9,8,3,7
structure,47,4,3,6,2
struggle,257,10,19,34,34
struggling,5,4,10,6,18
stuck,4,18,5,2,6
student,15,48,53,20,111
studied,26,12,1,2,3
study,68,18,32,4,19
stuff,5,258,9,2,7
subject,86,30,4,8,12
substantial,1,8,4,1,4
substitute,9,2,2,3,4
succeed,36,9,11,23,30
succeeded,42,2,3,4,4
success,141,86,16,33,54
successful,38,75,8,18,8
successfully,10,7,4,1,5
sudden,14,114,9,8,6
suffer,15,11,5,7,9
suffered,15,20,4,8,8
suffering,31,20,11,27,14
suggested,5,1,4,2,10
sum,8,3,2,1,5
summer,14,12,15,3,17
summon,2,2,5,1,8
sun,5,9,6,2,3
sunday,2,8,6,4,4
supply,14,40,78,25,9
support,70,227,154,94,149
supported,15,22,18,7,22
supporter,12,46,8,7,4
supporting,3,16,18,9,15
supposed,5,171,8,5,10
suppress,5,5,7,1,2
suppression,6,28,8,1,2
supreme,32,133,30,2,14
sure,9,169,217,54,161
surely,22,2,1,2,25
surplus,3,2,1,3,7
surprise,3,23,10,4,4
surprised,12,28,7,4,2
surrender,7,51,1,4,2
surrounded,5,10,2,1,3
surrounding,3,5,3,6,3
survive,4,14,1,3,3
survived,2,3,2,2,5
suspect,3,15,7,3,3
sustain,4,10,2,6,13
sustained,3,3,6,7,5
sworn,1,7,16,7,6
system,116,145,84,96,176
systematic,16,3,1,1,1
table,13,26,45,6,20
tactic,36,3,1,6,9
take,273,1429,273,110,259
taken,137,214,50,39,51
taking,53,251,76,35,55
talent,39,19,4,6,13
talented,2,21,2,4,3
talk,37,576,132,12,80
talked,10,101,39,5,24
talking,12,316,87,6,41
tariff,1,189,1,3,1
task,125,24,7,24,38
taught,28,10,10,1,10
tax,1,511,276,138,219
taxpayer,1,17,8,19,41
teach,23,51,10,14,13
teacher,18,31,33,15,51
teaching,69,10,4,5,12
tear,11,39,5,3,16
technology,3,22,34,44,82
tell,13,785,115,22,88
telling,3,93,13,2,10
temporarily,5,1,5,1,1
temporary,7,2,6,36,7
ten,36,80,25,10,27
tend,9,11,1,1,4
tendency,33,4,2,1,1
term,29,170,86,20,43
terrible,35,294,11,19,15
territorial,26,2,2,1,1
territory,98,16,14,12,7
terror,10,42,6,124,14
terrorism,15,8,17,29,15
terrorist,4,130,26,245,60
test,26,71,57,24,25
tested,1,18,6,8,12
testing,1,7,35,13,2
th,35,183,94,43,24
thank,6,1839,489,138,166
thanks,14,73,49,34,30
the,4,53,13,1,10
thing,160,2116,437,50,266
think,104,2608,464,30,284
thinking,40,62,13,7,15
third,32,127,43,26,34
though,156,151,40,7,35
thought,100,414,82,20,33
thousand,164,525,96,42,69
threat,14,139,67,87,68
threaten,5,8,6,12,21
threatened,15,12,4,4,19
threatening,11,17,9,4,3
three,56,641,151,45,63
thrive,1,5,5,1,12
thriving,1,8,6,1,9
throughout,40,45,36,25,31
throw,10,65,3,3,2
thursday,2,13,1,2,1
thus,336,1,12,4,2
tie,12,10,2,4,17
time,659,1705,526,221,510
tire,3,7,1,2,2
tired,4,22,17,3,13
title,7,24,4,1,2
today,228,438,409,124,250
together,73,387,206,95,223
told,17,290,75,18,60
tolerate,7,1,1,1,11
toll,1,1,8,1,1
tomorrow,8,131,24,7,35
tone,13,5,1,6,2
took,91,607,65,17,76
tool,3,9,50,16,14
top,3,191,49,7,47
total,14,107,31,6,5
touch,4,22,1,6,8
tough,5,336,19,22,46
towards,162,1,1,3,29
tower,1,10,7,2,2
town,30,32,40,1,31
track,1,10,23,13,13
trade,38,234,18,38,42
tradition,24,28,6,20,25
traffic,2,12,1,1,4
tragedy,6,14,14,11,29
tragic,16,5,2,1,5
trail,1,11,1,1,1
train,26,20,32,17,29
trained,35,6,9,14,8
training,97,7,12,34,35
transfer,1,1,5,2,8
transform,16,3,9,4,5
transformation,12,2,1,2,6
transformed,21,4,1,4,2
travel,1,62,34,10,24
treasury,2,20,5,1,1
treat,2,49,13,9,10
treated,11,86,17,3,8
treating,1,4,3,2,5
treatment,6,18,26,31,16
treaty,35,2,4,6,14
tremendous,19,290,2,4,2
trend,9,14,4,2,18
trial,5,107,8,5,10
tried,37,72,12,8,10
triumph,45,4,2,7,2
troop,32,64,83,81,101
true,103,270,40,25,111
truly,3,76,35,3,20
trust,9,37,24,41,28
trusted,1,6,7,2,1
truth,102,108,74,8,58
try,52,141,46,22,52
trying,15,275,58,22,49
tuesday,1,66,6,1,2
turmoil,5,4,1,1,9
turn,82,177,60,22,54
turned,43,165,18,9,18
turning,9,15,8,9,8
twice,2,88,9,4,10
two,195,909,263,77,190
type,32,19,17,3,3
typically,1,5,2,1,2
tyranny,9,5,3,23,16
tyrant,1,26,1,10,4
u,278,1431,523,277,740
ultimate,13,20,6,6,6
ultimately,8,39,9,4,38
unable,20,12,7,2,8
unchecked,3,11,1,1,1
uncomfortable,1,1,1,1,5
underlying,10,2,1,2,4
undermine,9,7,6,12,2
understand,93,225,74,36,83
understandable,2,2,7,2,3
understanding,49,10,13,4,21
understands,4,17,11,1,2
understood,50,42,16,3,16
unemployment,4,22,51,5,30
unfair,2,57,4,6,7
unfortunately,50,58,7,7,8
uniform,26,4,8,21,22
union,35,100,108,37,62
unique,10,5,9,10,14
unit,15,5,17,9,9
unite,6,2,13,7,5
united,41,528,379,195,264
unity,21,17,13,9,11
universal,24,19,25,4,18
university,9,25,28,4,40
unless,62,54,14,11,15
unlike,1,43,10,5,12
unlimited,6,20,3,2,1
untold,3,2,2,1,2
unwavering,1,3,1,2,2
uphold,7,33,11,7,9
upon,202,42,12,17,53
urban,3,2,11,3,4
urge,16,1,3,16,14
urged,8,3,1,4,2
urgent,6,11,15,14,12
us,9,48,10,6,7
use,98,313,72,51,91
used,81,374,130,39,41
using,9,69,22,17,21
usually,16,33,7,3,2
utility,7,1,10,1,1
valley,1,12,5,3,5
valuable,23,4,4,1,1
value,86,85,37,59,93
various,103,27,2,1,1
vast,25,18,27,9,10
vehicle,3,45,54,4,7
veteran,2,88,98,6,42
vice,12,51,79,15,31
vicious,1,139,2,2,7
victim,43,19,3,13,12
victory,79,172,7,41,18
view,153,18,81,16,23
viewed,1,2,3,1,1
vigorously,2,2,2,1,1
village,11,4,5,3,2
violation,4,20,6,6,4
violence,12,36,53,54,70
violent,13,80,10,12,24
virtue,35,1,1,1,4
vision,8,13,19,17,23
visit,6,6,18,6,12
visited,2,3,9,3,8
vital,42,8,23,29,8
voice,18,89,25,12,52
volunteer,22,7,3,11,10
vote,20,1435,158,29,99
voted,9,173,37,11,9
voter,2,332,25,3,11
voting,6,206,62,2,17
wage,26,30,69,6,78
waging,11,14,1,1,3
wait,9,126,29,7,22
waited,5,12,1,2,3
waiting,8,65,31,3,17
walk,7,155,32,10,32
walking,3,54,20,2,7
wall,13,354,47,9,50
want,49,3372,450,123,378
wanted,15,385,38,7,18
wanting,5,8,1,1,1
war,290,563,150,166,267
warfare,10,1,1,2,4
warned,2,2,1,2,2
warning,14,6,9,7,1
waste,5,22,9,3,18
watch,8,189,19,14,15
watched,4,86,8,6,7
watching,4,119,22,4,22
water,8,97,75,18,31
wave,9,61,8,3,12
way,365,1527,411,149,317
weak,45,69,1,9,4
weakened,3,7,1,1,9
weaker,15,6,2,2,4
weakness,38,29,3,3,2
wealth,9,24,11,9,23
weapon,87,107,24,123,72
wear,5,18,10,6,4
week,47,444,175,23,88
welcome,8,16,24,31,18
welcomed,12,2,2,4,9
welfare,21,15,2,6,6
well,107,1308,545,105,223
went,48,609,98,11,30
west,5,32,28,23,32
western,20,4,9,5,5
whatever,28,157,29,12,32
whenever,21,15,8,4,6
wherever,13,32,12,9,9
whether,85,110,130,19,84
whip,1,3,1,1,3
white,26,246,56,19,46
whole,244,292,109,22,49
whose,151,115,16,17,36
wide,4,8,4,1,1
widely,3,3,5,1,2
wider,7,1,2,3,2
widespread,2,4,6,3,1
wife,11,102,56,10,14
willing,25,47,23,22,59
win,36,820,56,20,33
wind,4,69,33,4,25
window,1,37,10,1,6
winning,18,148,6,6,8
winter,12,10,27,2,6
wisdom,26,6,2,7,11
wise,15,18,2,6,6
wish,63,57,17,22,3
withdraw,3,5,6,1,2
within,143,125,47,30,73
without,183,143,86,59,139
witnessed,8,14,3,7,4
woman,25,501,123,128,205
wonder,2,115,15,1,19
wonderful,10,167,9,3,11
wood,2,7,3,2,1
word,116,368,61,46,84
work,260,379,335,236,483
worked,10,186,53,32,67
worker,79,190,183,109,168
working,42,215,262,83,142
world,354,1144,578,345,461
worried,1,23,30,2,4
worry,5,59,22,12,9
worrying,1,3,5,1,1
worse,30,190,23,7,21
worst,31,316,18,8,33
worth,42,77,12,13,23
would,960,2184,234,183,335
wound,7,6,18,3,6
wounded,3,24,23,7,12
write,9,46,11,5,16
writer,19,16,1,1,3
writing,11,16,3,2,2
written,19,22,15,6,12
wrong,39,215,40,18,29
wrote,3,24,31,8,20
year,302,2117,707,287,709
yes,1,178,71,18,65
yesterday,3,67,42,5,16
yet,122,182,48,120,73
yield,4,18,5,6,1
young,131,177,65,36,165
younger,11,5,1,8,5
youngest,1,5,3,3,3
youth,53,28,4,4,5
zone,2,23,4,6,1
