wort,hitler,trump
a,3,7
abandoned,14,12
abandoning,3,4
abiding,1,18
ability,52,7
able,145,221
abnormal,2,3
abolish,12,25
abolished,11,7
abolishing,6,7
abolition,15,2
abortion,2,15
abroad,13,9
absence,2,1
absolute,36,48
absolutely,42,131
absurd,36,1
absurdity,17,1
abuse,6,41
abused,5,10
abusing,2,4
abusive,1,3
abyss,1,2
academic,2,1
academy,4,2
accent,1,2
accept,27,33
acceptable,2,10
acceptance,8,2
accepted,33,9
accepting,3,2
accident,6,4
accompanying,2,2
accomplice,3,3
accomplished,15,8
accomplishing,5,2
accomplishment,5,4
accord,13,26
according,63,28
account,73,12
accountable,1,32
accounting,1,5
accumulate,1,1
accumulated,2,1
accuracy,3,2
accurate,2,40
accurately,6,3
accusation,2,1
accused,4,4
achieve,29,8
achieved,47,57
achievement,33,22
acid,3,2
acknowledge,10,3
acknowledged,8,6
acknowledges,1,1
acknowledging,1,2
across,5,148
act,74,139
acted,16,7
acting,19,12
action,98,45
active,53,5
actively,2,4
activity,110,5
actor,1,6
actual,23,13
actually,45,657
add,8,67
added,10,46
adding,1,4
addition,11,74
additional,4,19
address,10,25
addressing,3,2
adhere,1,1
adjusting,3,1
adjustment,1,1
administered,5,3
administration,21,376
administrator,2,3
admiration,20,1
admired,2,6
admission,2,6
admit,19,21
admits,3,5
admitted,21,19
admitting,1,3
adult,10,4
advance,15,8
advanced,11,7
advancing,3,2
advantage,42,65
adventure,5,1
adversary,41,3
advertisement,8,2
advice,5,16
advised,2,1
advisory,1,1
advocate,5,6
afar,1,2
affair,87,10
affect,5,25
affected,16,10
affection,5,1
affirmative,3,1
afflicted,2,2
afford,10,28
afforded,7,1
afraid,9,89
africa,3,14
african,5,34
afternoon,6,12
afterwards,24,6
age,50,67
agency,1,22
agent,2,43
aggravated,2,1
aggression,4,2
aggressive,5,9
agitated,1,9
agitation,6,1
agitator,20,2
ago,35,622
agree,6,75
agreed,3,26
agreement,8,37
agricultural,4,8
agriculture,1,29
ahead,8,102
aid,11,10
aim,165,1
aiming,4,1
air,15,116
alarm,4,1
alcohol,1,3
alien,22,174
alive,11,18
alleged,1,1
allegiance,2,6
alliance,135,6
allied,9,1
allimportant,1,1
allow,48,188
allowed,38,318
allowing,16,39
allows,4,10
ally,46,16
almighty,6,1
almost,103,320
alone,96,85
along,35,236
alongside,1,6
already,124,179
also,322,609
altered,10,3
alternative,19,4
although,50,50
altogether,3,1
always,320,414
amassed,1,1
amazed,8,7
amazing,6,194
ambition,7,1
ambitious,3,2
amends,3,1
america,15,1214
american,18,1144
amid,8,1
ammunition,3,18
among,220,39
amount,40,86
amounting,1,1
analysis,7,3
anarchy,1,7
ancestor,8,10
ancient,20,6
anger,10,15
angered,1,2
angle,5,1
angrily,1,2
angry,3,69
anguish,1,1
animal,18,17
annihilated,3,1
annihilation,6,1
anniversary,3,3
announce,1,34
announced,8,74
announcement,1,10
announcing,1,13
annual,1,2
another,178,351
answer,38,83
answered,12,4
answering,3,1
anthem,3,8
anti,4,6
antic,2,1
anticipated,3,6
antisemitism,8,1
anxious,7,1
anybody,15,398
anyone,27,100
anything,56,710
anywhere,4,156
apart,35,17
appalled,1,1
appalling,8,3
apparatus,5,3
apparently,17,1
appeal,38,15
appealing,3,8
appear,40,8
appeared,49,4
appearing,2,1
appears,18,1
applause,4,27
applicable,3,2
application,15,13
applied,17,6
applies,13,4
apply,10,3
appoint,2,14
appointed,12,26
appointing,1,1
appointment,2,4
appreciate,13,190
appreciated,12,3
appreciates,1,4
appreciation,8,5
approach,8,6
approaching,9,1
appropriate,3,19
approval,2,73
approve,2,18
approved,3,100
approves,1,3
approximately,3,35
april,2,20
aptitude,6,5
architect,5,5
architectural,6,3
architecture,11,1
area,28,111
arena,3,13
argue,2,1
argument,33,4
arm,38,74
armament,15,1
armed,11,17
armistice,3,2
army,138,48
around,30,241
arranged,8,1
arrest,7,25
arrested,3,18
arresting,1,3
arrival,6,3
arrive,10,15
arrived,20,18
arrives,2,1
arrogance,3,1
arrogant,4,4
arsenal,1,2
art,78,4
article,8,21
artificial,6,2
artificially,9,1
artist,10,10
as,1,28
ashamed,7,17
asia,2,28
asian,1,16
aside,13,9
ask,21,196
asked,19,139
asking,3,71
asleep,1,3
aspect,20,5
ass,3,5
assassin,3,1
assassination,2,3
assault,10,31
assembly,22,5
asserted,7,1
assertion,4,1
asset,6,15
assign,2,2
assistance,21,1
associate,6,1
associated,6,3
association,59,8
assume,25,24
assumed,19,4
assuming,7,4
assure,16,1
assured,24,1
astonishing,5,2
astounding,3,7
astray,11,1
asylum,2,59
atheist,1,1
athlete,1,25
atlantic,1,1
atmosphere,12,10
atone,1,2
atonement,1,1
atrocious,1,4
attack,82,139
attacked,19,55
attacking,8,21
attempt,108,12
attempted,8,4
attempting,4,3
attend,16,2
attendance,7,4
attended,12,5
attending,7,2
attention,89,3
attitude,155,5
attracting,3,1
attraction,5,1
attractive,6,4
attribute,6,3
audience,18,32
auditorium,1,1
august,18,7
auspex,2,3
author,16,2
authority,140,43
automatic,1,10
automatically,7,11
automobile,1,19
auxiliary,3,1
available,13,42
average,34,39
avoid,14,4
avoided,5,2
await,1,1
awaited,2,2
awarded,1,2
aware,15,4
away,65,457
ay,1,1
b,4,6
baby,1,105
back,63,1553
backbone,4,1
backed,1,12
background,14,9
backing,5,6
backward,2,1
backwards,1,1
bad,31,855
badge,6,19
badly,3,164
bait,2,1
balance,19,5
ballot,2,536
ban,1,159
banana,1,16
band,11,7
banish,1,2
banished,3,2
bank,5,71
banker,1,8
banner,14,2
bar,1,23
barbarian,3,1
barbaric,2,2
barbarism,2,1
bare,9,6
barely,5,8
bargaining,3,1
barred,4,2
barrel,1,41
barren,3,1
barricade,1,1
barrier,7,3
barry,1,12
base,18,87
based,59,55
basic,4,9
basis,69,16
battered,1,1
battery,2,40
batting,1,1
battle,31,60
battlefield,13,1
bay,2,9
be,1,9
bear,39,18
bearing,10,4
beat,1,158
beaten,4,20
beating,2,66
beautiful,8,532
beauty,14,58
became,157,77
beck,1,2
become,249,156
becomes,41,19
becoming,41,20
bed,4,18
beer,5,2
beg,3,1
began,104,13
begged,2,2
begin,36,61
beginning,64,105
begun,20,23
behalf,16,10
behind,37,149
being,32,9
belief,61,27
believe,79,793
believed,47,39
believer,2,11
believing,6,9
bell,1,2
belong,29,33
belonged,23,2
belonging,24,3
belongs,18,31
beloved,6,12
bench,2,4
bend,1,20
beneficial,9,1
benefit,18,18
benefited,6,1
bent,5,2
berlin,26,4
beside,10,2
besides,6,1
best,135,358
betray,3,9
betrayal,6,25
betrayed,18,21
betraying,2,1
betrays,4,1
better,145,575
beyond,42,49
bias,2,3
bidding,2,8
big,30,1094
bigger,2,181
biggest,1,295
bill,2,212
billion,1,717
bind,5,2
birth,11,32
birthday,1,18
bit,4,213
bitten,1,6
bitter,33,2
bitterly,9,2
black,20,87
blame,15,43
blamed,1,6
blaming,1,6
blanket,1,3
blatant,1,3
blazed,2,1
blazing,2,3
bleak,1,1
bled,4,3
bleed,1,1
bless,2,79
blessed,2,2
blessing,13,1
blew,1,15
blind,20,4
block,1,16
blood,123,68
bloodshed,9,8
bloodthirsty,1,3
bloody,4,2
blow,25,50
blue,2,37
bluff,1,1
blunder,3,1
board,3,48
boasting,2,1
body,121,28
bold,3,9
bolt,2,3
bomb,2,37
bond,6,8
bone,2,1
book,48,35
booming,1,3
border,2,1093
bore,7,4
bored,1,7
boring,1,12
born,33,24
borne,13,1
borrow,1,5
borrowed,3,2
bos,1,19
bosom,7,9
boss,1,6
bother,4,12
bothered,4,1
bottle,1,4
bottom,2,42
bought,5,49
bound,67,5
boundless,2,2
bow,6,1
boxing,3,1
boy,42,68
brain,46,11
branch,29,10
brand,3,61
brave,6,55
bravely,1,4
brazen,2,4
bread,31,3
break,37,98
breakdown,2,1
breaking,9,24
breast,2,1
breath,3,2
breed,8,1
breeding,8,1
bribed,1,5
brick,2,2
bridge,2,2
brief,2,2
briefly,9,4
bright,1,2
brightest,1,6
brilliance,1,2
brilliant,14,70
brilliantly,2,12
bring,86,218
bringing,27,71
brings,16,10
brink,2,5
british,74,1
broad,83,3
broadcast,2,1
broader,1,1
broke,29,92
broken,40,54
brook,1,10
brother,3,13
brought,79,141
brow,4,1
brunt,4,1
brutal,21,24
brutality,5,1
brutalized,1,2
brutally,2,11
budget,1,15
build,17,177
building,49,186
built,14,257
bull,1,11
bullet,4,9
bully,1,7
burden,14,3
bureaucrat,1,18
bureaucratic,3,1
burglar,2,2
burglary,1,1
buried,3,2
burn,2,29
burning,4,20
burst,8,3
business,42,232
businessman,2,9
bust,2,3
busy,8,14
buy,2,143
buying,2,42
by,1,10
c,2,6
cabinet,11,3
cain,1,6
calamity,3,8
calculated,12,3
calculation,7,1
call,76,624
called,112,415
calling,17,74
callous,2,1
calm,12,11
calmly,7,2
came,122,757
camp,20,7
campaign,31,223
canal,2,7
cancel,1,73
cancer,1,1
candidate,4,157
cannon,2,1
cannot,184,147
canvas,1,4
canvassed,1,1
cap,3,5
capability,13,11
capable,70,18
capacity,37,10
capital,32,83
capitalist,3,1
captain,2,27
captivity,1,2
capture,1,3
captured,1,1
car,1,276
card,4,16
care,26,292
cared,4,4
career,18,49
careful,13,55
carefully,27,6
caring,3,1
carried,83,10
carrier,3,6
carry,64,26
carrying,20,9
case,252,369
cast,11,94
catastrophe,21,39
catastrophic,5,8
catch,2,128
catching,2,7
category,6,18
catholic,24,56
caucus,1,61
caught,2,115
cause,157,24
caused,23,61
causing,3,17
cease,21,3
ceased,13,1
celebrate,2,10
celebrated,1,1
celebration,4,1
cell,6,5
cent,8,79
central,32,32
century,65,16
certain,239,133
certainly,55,45
certificate,6,1
certified,2,17
chain,6,50
chair,5,47
chairman,21,39
chamber,10,3
chamberlain,1,6
champion,42,40
chance,38,117
change,79,151
changed,19,69
changing,9,26
channel,2,2
chant,1,6
chaos,6,26
chaotic,1,2
chapter,4,2
character,143,5
charge,12,183
charged,2,34
charm,4,1
cheap,5,9
cheaper,1,13
cheapest,1,1
cheated,1,33
cheating,1,55
check,7,84
checked,1,18
cheer,1,2
cheering,2,8
cherish,1,7
cherished,4,10
chess,1,1
chief,41,31
child,63,329
chilly,1,2
china,1,1048
chinese,1,37
choice,10,180
choir,1,1
choking,1,2
choose,10,4
chose,10,4
chosen,35,1
christ,1,6
christian,21,40
christmas,1,44
chronic,2,1
church,36,32
circle,95,27
circuit,1,4
circumstance,57,13
circus,11,1
cited,1,1
citizen,67,186
citizenship,11,25
city,77,408
civic,11,5
civil,33,40
civilian,3,10
clad,1,1
claim,26,13
claimed,4,10
claiming,2,8
clan,1,1
clarity,5,2
class,165,80
classic,5,1
classical,4,1
classified,5,23
classify,1,3
claus,1,2
clause,1,8
clean,1,81
cleansing,1,2
clear,83,45
cleared,4,2
clearly,58,4
clerk,3,7
clever,8,1
client,2,1
climate,6,31
climb,2,12
climbed,2,2
climber,1,1
cling,4,1
close,27,250
closed,4,60
closely,7,20
closer,10,20
closing,1,20
clothes,9,1
clothing,2,5
cloud,1,5
club,6,16
clutched,1,8
co,1,2
coach,1,22
coal,5,30
coalition,25,10
coast,2,26
code,6,7
coerced,1,1
coffer,1,2
coincide,4,1
cold,9,55
coldblooded,1,2
collaboration,8,1
collapse,69,13
collapsing,1,24
colleague,3,3
collect,5,3
collected,2,8
collecting,1,1
collective,2,1
college,4,44
colonel,3,12
colossal,6,10
columbus,2,7
column,7,13
combat,12,8
combating,3,1
combination,7,8
combined,13,16
come,186,1125
comfortable,2,2
coming,27,707
command,16,3
commander,3,11
commend,1,1
comment,1,16
commerce,11,1
commercial,39,25
commission,2,8
commit,5,9
commits,3,1
committed,19,22
committee,37,73
committing,1,5
common,109,88
commonly,1,2
commonplace,1,1
communication,3,2
communist,9,134
community,109,92
company,19,188
comparable,5,10
comparatively,6,1
compare,11,12
compared,20,53
comparing,2,2
comparison,19,23
compassionate,1,4
compensate,1,1
compete,5,11
competent,10,10
competition,5,19
competitive,1,5
competitor,3,7
complacent,1,2
complain,9,11
complaining,5,13
complaint,4,3
complement,3,1
complete,42,49
completed,11,26
completely,56,52
completing,1,2
completion,1,1
complex,2,14
compliment,1,4
comply,2,3
compound,1,3
comprehensible,2,1
comprehension,3,2
comprehensive,8,6
con,2,18
conceal,5,1
concealed,1,5
concede,1,13
conceited,5,2
conceivable,7,1
conceived,3,5
concentrated,16,2
concept,38,11
concern,22,4
concerned,42,25
concerning,10,3
concession,9,6
concise,2,1
conclude,4,2
concluded,7,2
conclusion,29,34
conclusive,2,4
conclusively,1,1
concocted,2,6
concord,1,1
concrete,4,22
condemn,4,7
condemned,9,4
condemning,1,1
condition,173,42
conduct,53,5
conducted,16,8
conducting,6,3
confer,2,3
conference,3,15
confidence,28,38
confident,3,17
confine,2,1
confined,7,1
confines,9,1
confirm,7,6
confirmation,3,15
confirmed,8,9
conflict,62,9
conformity,4,1
confront,1,6
confronted,11,3
confused,8,5
congo,1,18
congratulation,1,51
congress,3,237
conjunction,1,1
connected,16,4
conquered,15,7
conquering,8,2
conquest,13,1
conscience,18,3
consensus,1,2
consent,8,21
consequence,88,8
conservative,8,121
consider,56,43
consideration,64,1
considered,99,39
considering,8,6
consist,5,1
consistently,1,2
conspiracy,4,5
constant,18,3
constantly,28,7
constituent,10,2
constitute,15,1
constitution,25,80
constitutional,9,23
construction,5,19
constructive,14,1
consult,1,5
consumed,2,12
consumer,1,4
consumption,3,1
contact,21,1
contagion,2,2
contained,5,1
contains,1,2
contemplated,2,2
contempt,7,2
content,27,19
contest,3,16
context,1,1
continent,18,20
contingent,2,4
continually,6,1
continuation,3,5
continue,49,95
continued,25,8
continues,2,12
continuing,3,9
contract,3,5
contracting,5,1
contradicting,1,1
contrary,68,2
contrast,15,13
contribute,9,1
contributed,11,1
contributing,2,3
contribution,9,7
control,40,126
controlled,6,16
controlling,2,1
controversy,7,3
conveniently,1,1
converge,1,1
conversation,1,42
conversion,1,1
convict,1,5
conviction,71,7
convince,6,9
convinced,46,4
convincing,5,1
cook,2,1
cool,4,13
cooled,1,1
coolest,1,2
cooperation,7,2
coordinate,1,2
copy,2,4
cord,2,1
core,1,7
corner,6,30
cornered,2,2
corp,5,5
corporate,2,5
corporation,2,6
correct,26,41
corrected,1,4
correcting,1,1
correction,4,1
corrective,3,1
correctly,10,5
correctness,4,4
corresponding,7,1
corrupt,8,358
corrupted,4,3
corruptible,1,1
corrupting,3,3
corruption,9,53
cost,23,150
costly,1,5
could,560,944
council,10,6
counsel,2,7
count,18,46
counted,6,49
counter,6,9
counteract,7,1
counterpart,4,1
counting,3,32
country,168,3670
countryman,2,1
countryside,2,1
coup,3,1
couple,7,192
courage,57,77
courageous,11,11
course,207,122
court,20,273
cover,8,38
covered,6,35
coward,12,4
cowardly,23,2
crack,2,13
cracked,3,3
craftsman,2,2
crammed,6,5
crash,1,15
crashing,1,15
crave,1,1
crazy,7,323
create,22,17
created,45,91
creating,7,18
creation,17,11
creator,15,1
credibility,1,17
credit,5,87
creed,3,8
crew,2,6
cried,3,38
crime,20,370
criminal,46,271
criminally,4,4
cripple,4,2
crippled,3,3
crisis,6,34
criterion,2,1
critic,3,3
critical,15,73
critically,5,3
criticism,19,2
crooked,1,348
cross,4,10
crossed,1,27
crossing,4,15
crowd,22,188
crowded,3,13
crowning,2,1
crucial,2,8
crude,9,2
cruel,4,8
cruelly,1,5
cruelty,3,1
crumbling,1,1
crusade,2,11
crush,5,16
crushed,3,13
crushing,2,16
cry,26,39
crystal,1,1
culpable,1,1
culprit,1,1
cult,1,2
cultural,98,3
culture,76,48
cunning,12,1
cup,1,1
cupboard,1,4
cure,8,10
curiosity,4,2
curious,1,3
currency,2,17
current,18,19
curve,1,1
custom,10,3
cut,9,344
cynical,1,1
czech,14,1
da,3,50
daily,50,5
dam,1,1
damage,18,71
damaged,1,1
damning,1,2
danger,79,60
dangerous,28,152
dare,11,2
dared,7,4
daring,5,5
dark,10,16
darkest,1,1
darkness,3,1
darling,1,56
data,3,8
date,15,35
daughter,3,31
david,2,125
dawn,3,3
day,283,1041
daylight,1,3
de,4,12
dead,24,131
deadly,7,45
deal,45,724
dealing,26,60
dealt,24,22
dear,3,8
dearly,5,3
death,52,168
debate,7,110
debated,1,3
debt,3,59
decade,12,104
decay,13,1
deceit,1,2
deceive,1,1
december,5,5
decency,4,1
decent,16,5
deception,4,2
deceptive,2,2
decide,27,20
decided,50,60
decides,6,5
deciding,10,1
decimated,1,24
decision,78,127
decisive,26,1
decisively,1,9
declaration,6,2
declare,11,8
declared,22,13
declaring,2,5
decline,27,40
declined,4,6
declining,1,1
decrease,3,4
decree,10,11
decrepit,5,1
dedicate,1,1
dedicated,2,2
deemed,5,1
deep,6,78
deeper,10,4
deepest,2,6
deeply,17,5
defamation,4,1
defamed,1,2
defaming,1,5
default,1,6
defeat,29,71
defeated,6,69
defect,25,1
defective,12,2
defend,48,169
defended,7,11
defender,8,8
defending,14,32
defends,2,4
defiance,1,2
defiled,1,1
define,2,8
defined,8,3
definitely,23,20
definition,7,8
defy,4,1
degenerate,25,1
degrading,2,1
degree,63,23
delay,2,16
delayed,1,9
deliberate,6,3
deliberately,9,5
delighted,3,9
delinquent,2,17
deliver,5,19
delivered,21,18
delivering,6,13
demand,66,18
demanded,17,4
demanding,2,13
demarcation,1,1
democracy,69,118
democrat,22,854
democratic,47,6
demolish,1,22
demonstrated,10,3
demonstrates,1,1
demonstrating,2,2
demonstration,27,3
den,2,6
denied,12,10
deny,12,4
department,13,111
depend,13,1
dependence,2,2
dependent,20,1
depending,2,6
depends,15,10
depraved,5,7
depravity,2,3
depressed,5,2
depressing,7,2
depression,3,34
depth,9,2
deputy,6,3
derogatory,2,1
descend,5,1
describe,9,8
described,18,3
describing,3,2
description,6,4
desert,6,12
deserve,6,38
deserved,7,2
deserves,7,6
design,9,2
designed,5,10
designer,1,2
designing,2,1
desire,29,2
desired,10,1
despair,10,2
desperate,5,28
despicable,10,1
despise,2,6
despised,3,1
despite,21,74
destiny,39,5
destroy,26,145
destroyed,22,137
destroying,9,119
destroys,8,4
destruction,47,84
destructive,15,14
detail,17,14
detailed,5,5
detect,2,1
detected,1,3
deter,1,3
determination,45,5
determine,8,16
determined,55,13
determining,7,1
deterrent,1,1
devastating,7,30
develop,26,6
developed,54,12
developing,16,11
development,130,25
device,1,2
devil,6,4
devised,1,2
devote,13,6
devoted,18,5
devotion,14,13
dial,1,1
dice,1,2
dictate,8,2
dictated,6,2
dictator,2,43
dictatorship,9,8
die,21,62
died,9,63
difference,34,113
different,107,318
differently,4,27
difficult,87,33
difficulty,25,7
dig,1,1
digging,1,1
dignitary,2,4
dignity,17,33
dilettante,1,2
diligence,4,3
diligently,1,2
diploma,4,20
diplomacy,6,1
diplomatic,4,1
dire,3,2
direct,24,21
directed,43,6
directing,5,2
direction,32,20
directive,1,1
directly,11,8
director,5,11
dirt,1,2
dirty,2,49
disadvantage,3,4
disappear,24,8
disappeared,11,6
disappointed,1,15
disappointment,2,1
disarming,4,1
disaster,21,216
disastrous,26,29
discard,4,1
discarded,3,2
disciple,3,2
discipline,20,1
disclose,2,2
disconcerting,2,1
discourse,2,1
discovered,25,13
discrepancy,3,11
discretion,4,4
discriminate,1,5
discrimination,2,7
discus,9,22
discussed,10,12
discussing,3,5
discussion,34,20
disease,36,16
disgrace,10,120
disgraced,1,4
disgraceful,6,18
disgust,4,2
disgusted,5,2
disgusting,2,11
dish,2,1
dishonest,1,65
dishonesty,1,5
disillusioned,1,3
disintegration,17,1
dismal,1,1
dismembered,4,1
dismembering,1,1
dismissed,1,2
disparage,1,4
disparaged,2,2
display,9,4
disposal,17,5
disposition,2,1
dispute,12,7
disputing,1,1
disregard,3,4
disrupt,1,1
disruption,7,1
dissipated,1,2
dissolve,4,5
distance,6,6
distant,6,15
distinction,13,2
distinguished,4,3
distract,4,4
distracting,1,1
distress,26,2
distribute,2,11
distributed,7,7
distributing,1,1
distribution,5,11
district,27,56
disturbed,3,4
disturbing,9,1
ditch,1,1
divide,5,8
divided,6,4
dividend,1,1
dividing,1,2
division,20,9
doctor,3,123
doctrine,77,2
document,6,89
documentary,2,9
dog,8,22
domestic,11,21
dominant,11,55
dominate,12,3
dominates,3,3
dominating,2,10
domination,15,1
dominion,3,31
donated,1,2
donation,1,4
done,89,1107
doomed,22,4
door,12,37
dope,2,1
dos,1,10
dose,1,1
double,2,35
doubled,1,14
doubt,25,31
dozen,7,7
dr,12,36
draconian,1,1
draft,1,1
drafted,1,1
drag,11,4
dragged,8,2
dragging,3,1
drained,1,2
dramatic,2,3
drastically,1,10
draw,24,6
drawback,8,1
drawing,10,9
drawn,13,1
dreadful,1,1
dream,16,79
dreamed,3,2
dreaming,2,1
dreamt,4,4
drenched,1,2
dress,1,7
dressed,3,5
drew,3,3
drill,3,96
drilled,6,1
drilling,2,34
drink,2,2
drive,9,67
driven,13,6
driver,1,4
driving,8,32
drone,1,7
drop,9,56
dropped,3,32
drove,5,13
drown,1,1
drug,1,419
drum,1,2
dry,1,9
due,54,8
dust,2,7
duty,124,17
dy,2,1
dying,4,60
dynamic,2,1
dynasty,9,1
e,1,14
eagle,1,3
ear,12,7
earlier,11,41
earliest,1,2
early,44,105
earn,10,4
earned,2,11
earth,60,30
ease,7,3
easier,23,34
easiest,3,10
easily,66,73
east,10,99
eastern,11,6
easy,21,182
eat,3,7
eating,4,5
economic,169,88
economically,3,10
economics,9,3
economy,6,252
editor,1,1
editorial,1,4
educate,9,2
educated,13,2
educating,3,1
education,92,71
educational,26,12
edward,2,3
effect,128,16
effected,6,1
effective,36,21
effectively,13,13
efficiency,22,4
effort,108,50
egg,2,4
egypt,4,1
egyptian,1,1
eight,18,107
eighteen,2,1
either,54,103
ejected,1,1
elderly,1,15
elect,3,37
elected,7,92
election,19,1539
elector,2,1
electoral,3,5
electric,1,165
elegant,1,5
element,140,21
elementary,8,2
eleventh,2,1
eligible,1,3
eliminate,5,19
eliminated,10,22
eliminating,6,4
elizabeth,1,12
eloquent,2,2
else,46,279
elsewhere,17,7
embarked,2,1
embarrassment,1,24
embodiment,3,1
embrace,8,6
embraced,2,2
emerge,4,2
emerged,8,3
emotion,4,3
emotional,8,3
emphasis,6,3
empire,60,6
employ,14,1
employed,52,5
employee,17,14
employer,21,1
employment,11,7
emptied,2,9
empty,10,18
enable,20,2
enacted,4,1
encountered,9,3
encourage,3,4
encouraged,8,2
encouraging,7,1
end,207,456
endanger,1,1
endangered,1,1
ended,7,207
ending,3,28
endless,10,39
endowment,2,1
endure,19,5
endured,2,1
enduring,6,2
enemy,164,117
energetic,9,4
energy,52,496
enforce,4,9
enforced,5,4
enforcement,2,181
enforcing,2,3
engaged,13,9
engagement,2,2
engine,1,9
engineer,4,4
engineered,4,2
engineering,2,3
england,7,12
english,9,9
engulfed,2,1
enjoy,7,14
enjoyed,4,3
enjoying,3,4
enjoyment,5,1
enjoys,2,3
enlisted,1,1
enormous,30,2
enough,42,126
enriched,1,1
ensure,5,47
ensuring,4,7
enter,24,2
entered,21,9
entering,10,7
enterprise,18,5
entertainment,1,1
enthusiasm,39,24
enthusiastic,10,5
entire,12,115
entirely,55,10
entitled,10,11
entity,4,4
entrance,7,2
entrusted,14,1
environment,5,30
envy,7,10
epic,1,7
epidemic,3,2
equal,34,16
equality,12,2
equally,17,6
equip,2,1
equipment,8,155
equipped,2,9
equitable,1,3
equivalent,2,1
era,15,1
eradicate,2,13
erasing,1,2
erected,5,3
ernst,3,2
error,20,24
escape,7,3
escaped,2,1
especially,126,78
essence,11,1
essential,62,4
essentially,11,38
establish,37,4
established,51,5
establishment,27,65
esteem,7,1
estimate,15,6
estimated,11,8
estimating,5,1
etc,45,1
eternal,28,7
eternally,1,1
eternity,2,3
europe,73,106
european,30,16
evacuation,1,1
even,470,1542
evening,26,88
event,47,59
eventually,23,16
ever,88,1659
everlasting,9,3
every,270,929
everybody,25,573
everyday,18,3
everyone,23,234
everything,82,555
everywhere,19,22
evidence,20,70
evil,60,54
evolution,9,1
evolved,4,1
exact,6,48
exactly,11,111
examination,11,2
examined,7,2
examining,2,1
example,82,81
exceeded,4,3
exceedingly,3,2
excellence,4,2
excellent,18,11
except,41,77
exception,16,30
exceptional,5,6
excess,3,7
excessive,5,1
exchange,13,2
excited,2,7
excitement,4,2
exciting,1,20
exclude,3,1
excluding,1,1
exclusively,52,3
excuse,13,29
execute,1,5
executed,1,12
execution,11,1
executive,5,64
exercise,27,3
exercised,11,1
exhaustive,2,2
exist,58,10
existed,28,2
existence,238,1
existing,32,21
exists,36,2
exit,1,6
expand,2,13
expanded,2,2
expanding,1,3
expansion,15,3
expect,21,11
expectancy,1,2
expectation,1,5
expected,12,22
expedition,3,3
expeditious,1,1
expense,12,5
experience,71,29
experienced,9,7
experiment,8,2
expert,11,23
explain,21,48
explained,14,8
explaining,2,7
explanation,12,2
explode,1,3
exploded,2,2
exploit,16,1
exploited,16,2
explosion,2,2
export,1,10
expose,4,11
exposed,3,16
exposing,1,2
express,18,13
expressed,24,1
expression,43,19
extend,10,8
extended,8,4
extends,1,1
extension,8,3
extent,32,17
exterior,3,1
extinction,3,1
extinguished,1,1
extortion,4,1
extracted,1,1
extraneous,1,1
extraordinarily,7,3
extraordinary,11,9
extreme,26,22
extremely,7,30
extremist,4,31
eye,86,62
f,8,13
fabricated,1,13
fabulous,1,2
face,84,65
faced,18,5
facilitate,6,2
facility,3,7
facing,5,7
fact,329,319
factor,46,10
factory,17,75
fail,24,13
failed,50,70
failing,10,40
fails,10,1
failure,48,20
fair,2,153
fairly,2,20
faith,74,51
faithful,12,1
faithfully,2,1
fall,39,38
fallen,9,4
falling,10,33
false,32,39
falsification,2,1
familiar,9,6
family,17,392
famous,4,29
fan,1,37
fanatic,2,8
fancy,1,5
fantastic,8,201
fantasy,1,2
far,130,439
farm,1,57
farmer,6,216
fascism,1,21
fascist,2,67
fashion,16,4
fashioned,5,2
fast,3,133
faster,1,20
fat,2,11
fatal,25,2
fate,82,6
fateful,5,1
father,38,112
fault,13,19
faulty,1,3
fear,46,19
feared,15,26
fearless,1,8
fearlessly,1,2
february,6,13
fed,2,1
federal,28,169
federalist,7,2
federation,5,2
feed,2,6
feel,73,75
feeling,124,40
fell,25,14
fellow,22,32
felt,82,42
female,5,9
fence,1,1
fertile,2,1
feverishly,1,4
fewer,2,14
fiction,2,8
field,56,52
fifth,1,19
fifty,15,2
fiftytwo,2,1
fight,163,335
fighter,3,64
fighting,119,231
figure,5,54
file,5,23
filing,1,4
fill,14,32
filled,23,24
filling,6,5
film,1,2
filth,6,8
final,79,35
finally,163,64
finance,21,25
financial,29,13
find,122,189
finding,7,29
fine,15,104
finger,6,17
finish,8,79
finished,2,78
fire,24,86
fired,5,56
firing,1,3
firm,19,28
first,416,960
firsthand,1,2
fist,9,17
fit,14,7
five,24,299
fix,6,37
fixed,23,36
flag,37,82
flagrant,3,8
flame,4,7
fled,1,6
fleeing,1,8
flesh,4,1
flew,1,14
flight,3,7
float,1,3
flood,4,11
floor,2,20
floundering,1,6
flourish,3,2
flourishing,1,1
flow,2,15
flowing,2,6
flying,2,38
focus,1,16
foe,6,2
fold,2,4
folded,1,2
folk,5,6
follow,38,34
followed,52,12
follower,53,2
following,75,41
follows,22,4
fond,1,3
food,16,28
fool,13,43
fooled,1,1
foolish,11,13
foolishly,3,3
foolishness,1,1
foot,11,93
footing,3,2
forbidden,3,1
force,222,238
forced,67,30
forcing,4,4
forecast,3,1
forefront,1,2
foreign,136,163
forest,2,2
forever,4,33
forge,4,5
forged,1,13
forgery,1,1
forget,36,198
forgetting,2,3
forging,3,20
forgiven,1,1
forgot,3,19
forgotten,20,40
form,211,57
formal,13,1
formed,50,13
former,57,54
forming,15,4
formula,13,4
fort,1,40
forth,19,22
fortitude,2,1
fortress,5,2
fortune,12,52
forty,9,2
forum,4,3
forward,52,65
fought,33,140
foul,1,2
found,121,125
foundation,87,15
founded,38,7
founder,29,12
founding,9,28
four,36,585
fourth,8,23
fox,4,51
fraction,6,15
framed,1,1
france,86,50
frank,4,5
frankly,3,135
fraud,2,145
fraudulent,2,33
fraught,5,2
free,54,295
freed,2,3
freedom,57,154
freely,9,1
freer,1,2
french,63,1
fresh,24,2
friend,12,292
friendly,7,26
friendship,9,2
frightened,4,4
front,100,100
frontier,49,8
frontline,1,3
fry,1,5
fuel,1,17
fulfilled,23,9
fulfilling,8,1
full,42,39
fulltime,1,1
fully,27,65
fume,1,15
fun,1,48
function,29,3
fund,12,30
fundamental,77,3
funeral,3,6
funny,1,29
furious,5,2
furthermore,16,3
future,185,114
g,1,5
gable,2,2
gain,37,24
gained,46,7
gallery,2,1
game,11,94
gang,9,103
gap,1,4
gaping,1,1
gas,5,100
gasping,1,1
gate,2,17
gather,6,6
gathered,8,5
gathering,7,1
gave,56,380
gazette,1,7
general,207,343
generally,55,10
generation,53,33
generous,3,2
genius,57,36
gentle,1,3
gentleman,30,102
gentry,7,1
george,3,41
german,861,5
germany,311,50
get,44,2477
getting,14,378
giant,4,43
gift,29,20
gigantic,16,8
girl,14,15
give,116,658
given,89,107
giving,22,92
glad,1,25
gladly,3,8
glaring,2,2
glass,1,16
glimpse,1,1
globe,12,4
glorious,8,38
glory,14,3
glove,1,6
glowing,7,1
go,77,1979
goal,44,30
god,31,233
godless,1,1
going,12,5337
gold,7,58
golden,1,11
gone,17,252
good,118,1722
goodbye,1,4
goodness,1,11
goodnight,1,1
got,20,2264
govern,2,1
governed,10,5
governing,10,3
government,152,182
grab,1,28
grabbing,2,6
grace,3,3
grade,8,3
gradually,93,1
grain,2,3
grand,4,33
grandchild,1,8
grande,1,4
granite,5,2
grant,8,24
granted,14,5
granting,2,1
grasp,17,2
grass,1,11
grateful,8,8
gratitude,4,9
grave,29,6
great,366,3081
greater,69,60
greatest,54,503
greatly,4,26
greatness,40,31
green,1,110
greeted,4,2
grew,22,13
grief,1,3
grim,1,1
grin,1,7
grip,9,3
gross,4,7
grossly,3,19
ground,70,51
grounded,14,1
groundwork,5,5
group,101,250
grow,17,12
growing,16,22
grown,17,2
grows,7,1
growth,18,18
guarantee,36,33
guaranteed,15,9
guaranteeing,2,2
guard,23,44
guardian,4,7
guarding,1,4
guest,4,3
guidance,3,1
guided,4,2
guiding,13,1
guilt,8,1
guilty,8,28
gulf,7,2
gun,6,142
gushing,1,4
h,1,4
habit,25,3
hail,2,1
hailed,1,1
half,28,298
halfhour,1,1
hall,69,13
halt,2,7
hammer,1,5
hammered,2,4
hand,230,108
handed,4,17
handful,6,2
handicapped,1,1
handle,2,38
handling,3,5
hanging,1,10
hansen,2,2
happen,36,719
happened,42,841
happening,14,408
happens,25,223
happier,1,2
happiest,1,7
happiness,8,3
happy,16,168
hard,38,298
harden,2,2
hardened,6,14
harder,3,60
hardest,3,14
hardly,20,8
hardship,7,1
hardworking,2,78
hardy,1,4
harm,8,16
harmless,5,2
harmony,8,1
harsh,7,4
harvest,2,3
hate,12,171
hated,14,15
hating,1,3
hatred,35,16
haunt,1,2
havoc,7,1
hawker,1,1
head,40,150
headed,2,23
heading,2,12
headquarters,4,2
heal,1,5
healing,1,1
health,18,47
healthiest,2,4
healthy,29,10
heap,1,1
hear,8,320
heard,20,366
hearing,5,69
hears,5,2
heart,83,76
hearted,1,1
heartless,2,6
heat,3,19
heaven,22,34
heavier,1,2
heavily,4,6
heavy,11,14
heeded,2,1
heel,2,2
height,6,25
heir,2,2
held,69,41
hell,4,663
helmet,3,1
help,67,235
helped,20,65
helpful,2,2
helping,6,17
helpless,4,1
hence,47,4
henceforth,2,1
henchman,3,2
heritage,6,53
hero,28,85
heroic,37,2
heroically,2,1
heroine,1,2
hesitate,4,3
hesitation,8,1
hidden,9,5
hide,2,9
hideous,1,2
high,53,174
higher,95,108
highest,54,165
highly,18,70
highness,1,2
highway,1,10
hill,1,13
hint,1,2
hire,1,38
hired,2,5
historian,2,4
historic,2,68
historical,36,1
history,142,1063
hit,8,210
hitler,1,3
hold,83,91
holder,1,1
holding,26,15
holland,1,1
holocaust,1,1
holy,3,3
home,95,316
homeland,2,7
homeless,1,18
honest,39,118
honestly,6,54
honesty,13,5
honorary,1,1
hop,1,1
hope,55,211
hopeful,1,1
hopeless,9,2
hopelessly,3,5
hoping,5,3
horde,6,3
horizon,7,1
horn,2,2
hornet,1,1
horrified,1,2
horror,12,33
horse,8,7
hospital,12,33
hospitality,3,1
host,5,3
hostile,22,17
hot,1,30
hotel,2,28
hounded,1,3
hour,73,146
house,42,395
household,1,6
housing,2,14
houston,1,15
however,114,17
howl,1,1
howling,2,1
hub,1,1
huddled,1,3
huge,9,15
human,209,84
humane,12,2
humanitarian,3,7
humanity,41,6
humiliating,7,9
humiliation,7,13
hundred,109,397
hung,7,3
hungary,2,13
hungry,4,3
hunter,1,101
hunting,2,7
hurried,2,8
hurry,1,1
hurt,1,101
husband,5,49
hybrid,5,8
hypocrisy,6,1
hypocrite,1,6
hysteria,1,1
hysterical,1,1
i,2,441
ice,1,112
idea,294,194
identical,6,6
identification,1,13
identified,3,4
identify,5,6
identity,3,6
ideological,9,5
ideology,18,16
idiot,1,10
idol,3,1
ignore,5,3
ignored,15,2
ii,6,11
iii,2,59
ill,7,65
illegal,3,343
illegally,1,73
illusion,14,1
illustrates,1,1
illustration,5,1
im,1,96
image,9,9
imaginable,5,3
imagination,7,4
imagine,26,188
imagined,8,2
imagining,3,1
immaculate,2,1
immature,1,1
immeasurable,1,1
immediate,13,5
immediately,37,221
immigrant,1,26
immoral,2,4
immortal,13,5
immune,2,10
immunity,1,35
impact,1,28
impartial,6,3
impeded,1,1
impenetrable,2,1
imperative,5,1
imperfect,1,1
implement,1,10
importance,132,4
important,99,317
impose,10,24
imposed,13,6
imposes,2,1
imposing,7,3
impossibility,6,1
impossible,79,39
imposter,2,1
impotent,1,1
impressed,8,7
impression,50,1
impressive,7,6
imprisoned,1,5
improve,8,1
impunity,1,1
incapable,23,11
incensed,1,1
incident,3,9
incited,3,2
inciting,4,3
inclination,4,3
include,7,13
included,7,19
includes,6,35
including,9,207
inclusion,1,3
income,1,19
incompetence,8,29
incompetent,12,91
incomprehensible,12,1
inconceivable,10,2
incorrect,1,22
increase,56,91
increased,41,11
increasing,33,10
incredible,20,664
incredibly,4,17
incumbent,5,7
incursion,1,1
indeed,97,22
indefinitely,7,1
independence,39,53
independent,29,83
index,2,1
india,11,29
indian,3,21
indicated,8,1
indicating,1,2
indication,4,2
indifference,13,1
indifferent,12,1
indirectly,8,3
indiscriminately,1,1
individual,284,40
industrial,14,9
industry,17,108
ineffective,9,5
inevitable,20,2
infamy,4,1
infantry,3,1
infected,7,5
infection,7,1
infinite,4,2
inflation,3,236
inflict,1,2
influence,103,3
influenced,13,2
inform,1,8
information,17,46
informed,14,5
ingenious,1,3
inherited,2,3
initiated,3,2
initiative,8,7
injected,3,1
injure,4,2
injured,3,29
injury,2,1
injustice,5,18
inner,82,10
innocent,8,75
innocently,2,3
innovation,3,1
inquiry,2,4
insane,4,60
insanity,2,23
inside,2,22
insincere,2,1
insist,5,3
inspired,29,6
inspiring,4,5
installed,4,8
instance,39,10
instantly,1,4
instead,50,167
instigated,1,1
instilling,1,1
instinct,87,5
institute,2,20
instituting,2,2
institution,99,85
instruct,1,2
instructed,4,3
instruction,23,2
instructor,2,1
instrument,43,5
insult,5,12
insulted,1,1
insurmountable,2,2
integrity,6,58
intellectual,116,2
intelligence,40,33
intelligent,15,6
intelligently,1,1
intend,4,3
intended,13,1
intense,2,1
intensity,1,1
intent,4,3
intention,46,5
intentionally,3,5
interest,215,82
interested,12,17
interesting,4,119
interfere,6,19
interference,3,44
interfering,2,3
interior,4,2
internal,57,3
international,72,2
interpret,1,5
interrupt,2,2
interrupted,2,4
interrupting,1,1
interruption,5,1
intimately,3,1
intimidated,1,7
intimidation,6,5
intolerance,6,2
introduce,9,23
introduced,23,12
introducing,5,5
introduction,5,3
invaded,3,24
invasion,7,79
inventor,7,1
invest,1,6
invested,7,9
investigate,7,43
investigated,3,15
investigating,3,14
investigation,3,69
investing,1,2
invitation,6,1
invite,1,6
invited,3,7
invoked,1,2
involved,10,71
involves,1,1
involving,1,4
iron,16,18
irregular,1,3
irregularity,1,25
irreplaceable,4,2
irresponsible,5,1
is,1,38
island,1,20
isolated,8,1
israel,1,123
issue,19,90
issued,2,12
issuing,1,4
italian,14,3
italy,34,12
item,2,8
j,1,36
january,8,74
japan,12,34
japanese,13,4
jew,325,1
jewish,142,4
job,17,1209
join,31,23
joined,18,51
joining,5,18
joint,1,3
joke,3,38
journal,1,2
journalist,4,4
journey,2,17
joy,10,6
judge,16,157
judged,15,3
judgment,26,1
july,5,13
jumped,1,3
justice,32,172
justification,17,2
justified,14,1
justify,6,3
k,1,5
karl,12,4
keep,40,377
keeping,13,35
keller,1,4
ken,1,9
kept,26,128
key,5,20
kick,2,19
kill,1,152
killed,5,183
kin,1,2
kind,182,126
kindly,6,2
kindness,3,1
king,8,20
kissed,1,10
knee,4,9
knew,36,242
knight,3,8
knock,3,40
knocked,1,37
knocking,1,15
know,119,3715
knowing,9,14
knowledge,97,10
known,25,89
kurt,5,2
lack,99,9
lackey,4,1
laid,35,41
lance,1,3
land,21,115
landed,1,5
language,63,31
large,61,88
largely,6,14
larger,23,21
largescale,1,1
largest,8,149
last,139,569
lasted,5,9
lasting,7,3
late,15,49
later,110,120
latest,3,12
latin,3,3
latter,57,1
laugh,7,15
laughed,3,39
laughing,3,48
laughter,1,1
launch,3,5
launched,5,22
law,92,418
lawyer,2,111
lay,49,10
laying,3,32
layman,1,1
lazy,5,4
le,128,148
lead,81,74
leader,166,190
leadership,34,99
leading,24,209
leaf,10,8
league,38,5
learn,29,28
learned,46,35
learning,19,3
least,130,106
leather,1,4
leave,35,189
leaving,14,92
lecture,16,5
led,66,38
leech,2,1
left,90,790
leftwing,2,32
leg,1,30
legal,5,86
legality,1,1
legally,1,35
legend,2,16
legendary,1,10
legion,2,1
legislation,7,27
legislative,8,1
legitimate,2,10
leisurely,1,1
lending,1,1
length,4,3
leo,1,9
lesser,4,3
lesson,32,8
let,45,1233
letter,12,27
level,73,239
liable,4,1
liar,6,10
liberal,7,57
liberate,5,12
liberated,5,1
liberty,31,87
library,1,2
lie,73,103
life,313,417
lifeblood,1,2
lifeless,1,1
lifetime,2,20
lift,5,45
lifted,1,37
lifting,2,6
light,54,75
lightly,3,1
lightning,6,4
like,113,3082
liked,8,64
likely,10,6
likewise,3,48
liking,4,6
limb,3,1
limit,22,3
limitation,3,1
limited,29,2
line,75,92
lined,2,5
lingering,1,1
link,2,3
lip,1,3
list,5,77
listed,1,9
listen,9,110
listened,6,28
listening,1,19
listens,1,2
literally,1,54
little,121,644
live,45,114
lived,22,21
livelihood,20,3
living,37,55
lloyd,3,5
load,1,9
loaded,1,11
loaf,1,2
loan,3,18
lobby,1,6
local,14,89
locate,2,2
lock,1,22
locked,1,14
logically,2,1
london,2,1
long,185,481
longed,3,1
longer,102,212
longing,13,3
longstanding,1,1
look,73,1340
looked,88,158
looking,13,290
loose,6,15
lord,11,5
lose,20,243
loses,9,11
losing,14,101
loss,25,25
lost,71,301
lot,23,1638
loud,1,16
loudest,1,1
loudly,1,1
lousy,2,8
love,41,943
loved,6,60
lovely,1,13
lover,1,13
loving,1,5
lovingly,1,1
low,13,125
lower,36,62
lowered,4,9
lowering,2,2
lowest,8,68
loyal,12,33
loyalty,12,14
luck,8,30
lucky,4,33
lunatic,2,80
lust,8,1
luther,1,5
luxury,1,6
lying,13,20
machine,5,99
machinery,3,9
mad,2,4
made,288,798
madness,6,2
magic,13,3
magnet,1,5
magnificent,16,42
magnitude,5,4
mailed,1,8
maimed,4,1
main,28,37
maine,1,7
maintain,33,15
majestic,1,4
major,3,66
majority,80,45
make,257,1109
maker,1,4
making,61,144
male,4,20
malice,2,2
malicious,4,4
malpractice,1,1
man,264,539
manage,2,8
managed,6,1
management,8,10
manager,1,4
manchester,1,4
mandate,2,92
manipulate,1,1
manipulation,1,2
manner,66,7
manufacture,1,8
manufactured,1,2
manufacturer,1,23
manufacturing,1,51
many,190,1385
marathon,1,1
marble,1,7
march,25,5
marching,4,3
mark,15,111
marked,7,1
market,7,101
marriage,19,2
married,3,18
marry,1,1
marshal,2,1
martin,2,5
marvel,1,3
marxism,76,2
marxist,138,93
mask,6,66
mass,287,45
master,59,11
match,2,15
mate,9,1
material,63,28
mathematical,3,1
matter,168,138
max,2,25
maximum,3,4
may,411,186
maybe,2,324
mayor,2,71
meadow,1,11
mean,301,719
meanest,1,5
meaning,44,33
meaningless,3,4
meant,58,74
meantime,2,14
meanwhile,8,12
measure,102,15
mechanic,4,1
mechanical,14,1
mechanism,7,5
medal,1,11
medical,5,43
medically,1,2
medicine,1,26
medium,8,265
meet,23,77
meeting,211,58
melt,1,2
member,172,114
memorial,2,6
memory,35,12
men,279,131
menacing,1,23
mental,41,79
mentally,8,17
mention,7,72
mentioned,30,35
mercenary,3,1
merciless,3,1
mercy,4,3
mere,50,9
merely,108,5
merit,11,6
mess,1,85
message,8,29
met,12,78
method,67,3
methodically,1,2
mexico,1,348
middle,21,162
middleman,1,4
midst,9,2
might,213,93
mighty,12,2
migration,2,15
mild,4,1
militant,15,3
military,132,530
milk,2,9
million,87,1036
mind,153,91
mine,5,142
minimum,3,25
minister,11,28
minor,5,19
minority,7,2
minute,19,169
miracle,8,29
miraculous,1,2
mirror,1,2
mirrored,1,1
miserable,27,3
misery,29,12
misled,9,1
miss,1,18
missed,3,19
missing,2,18
mission,39,32
mistake,46,59
misunderstanding,3,9
mix,4,3
mixed,10,2
mixing,3,1
mob,14,10
mock,2,1
mocked,2,2
mockery,2,2
model,11,14
moderate,5,4
moderation,4,1
modern,27,13
moment,132,55
momentous,4,1
momentum,1,8
monday,1,31
money,27,636
monger,1,6
monopoly,4,9
monster,4,27
monstrosity,5,3
monstrous,4,5
month,24,457
monument,8,17
monumental,3,8
mood,2,1
moon,4,13
moral,83,3
morale,3,1
morality,4,1
morally,6,1
moreover,38,2
morning,22,129
morsel,3,3
mortar,3,1
moscow,1,27
mostly,20,39
mother,25,45
motion,5,5
motor,1,2
motto,2,15
mountain,2,17
mouth,15,11
move,13,97
moved,16,55
movement,558,231
much,166,1776
multinational,1,2
multiple,1,6
multiply,4,11
munich,70,1
munition,6,1
murdered,1,26
murderer,1,43
museum,1,3
music,4,26
must,698,312
mutilated,2,2
myriad,1,1
mysterious,6,1
mystery,7,1
n,12,10
nail,2,7
nailed,2,1
naive,1,3
naked,2,1
name,58,326
named,2,83
napoleon,3,1
nation,576,951
national,484,140
nationalism,6,2
nationalist,35,3
native,16,3
natural,76,32
naturally,52,1
nature,141,7
naval,12,1
navy,9,8
nd,2,8
near,7,43
nearly,26,71
necessarily,26,9
necessary,232,33
necessity,56,1
neck,5,8
need,84,515
needed,26,68
needle,1,5
negative,16,19
negligence,1,1
negotiate,1,29
negotiating,2,34
negotiation,5,27
negotiator,4,30
neither,40,11
nervous,5,4
nest,1,15
net,3,6
neutral,2,4
never,273,2218
nevertheless,18,3
new,362,934
newly,7,2
news,9,417
newspaper,43,23
next,23,325
nicely,1,27
night,19,223
nightly,1,2
nightmare,1,34
nine,5,99
nipped,1,1
nobility,10,1
noble,11,9
nobody,52,931
noise,2,3
non,4,1
none,16,85
nonexistent,1,4
nonpatriotic,1,1
nonsense,14,18
noon,1,1
normal,6,29
normally,2,21
north,14,243
northern,4,2
nose,5,4
note,6,3
noted,5,1
nothing,149,482
notice,14,64
noticed,5,21
november,41,187
novice,1,1
nowadays,11,4
nowhere,5,10
number,125,1089
numbered,3,1
numerous,10,32
nurse,1,6
nursing,1,19
oath,1,11
obey,7,5
object,47,1
objective,53,2
obligation,29,4
obliterate,1,15
obliterated,1,24
oblivion,4,2
observe,11,3
observed,14,4
observer,10,20
obsolete,2,19
obstacle,18,3
obstruction,1,6
obtain,10,3
obtained,16,1
obvious,33,7
obviously,10,23
occasion,46,13
occupied,12,5
occupies,1,1
occupy,6,2
occupying,4,8
occur,3,4
occurred,6,2
october,11,10
odd,2,1
odds,2,6
of,1,4
offend,2,1
offensive,24,8
offer,28,10
offered,22,10
offering,6,1
office,30,309
officer,21,68
official,79,48
officially,2,11
often,136,38
oftentimes,1,5
oh,2,634
old,175,143
older,7,9
oldest,1,2
oldfashioned,1,5
one,868,2834
onesided,1,14
onetenth,2,2
onslaught,7,4
onto,1,38
onward,3,1
open,50,240
opened,14,50
opening,4,27
openly,28,14
operate,4,3
operating,4,4
operation,13,43
opinion,136,77
opponent,46,108
opportunity,31,31
oppose,23,13
opposed,40,28
opposing,7,25
opposite,20,77
opposition,38,11
oppression,21,3
oppressive,5,2
orator,15,1
order,211,196
ordered,9,6
orderly,2,1
organ,8,3
organic,5,3
organically,1,1
organization,1,35
organized,1,6
origin,21,4
original,45,20
originally,13,8
originated,4,2
others,104,169
otherwise,47,35
ought,98,18
ounce,5,36
out,1,31
outcome,27,6
outer,6,1
outlet,3,2
outline,5,2
outof,1,1
outrage,6,1
outraged,1,2
outrageously,1,2
outset,16,1
outside,38,122
outsider,3,13
outstanding,16,26
overboard,3,3
overcome,35,2
overcrowded,1,1
overnight,1,3
overthrow,15,7
overthrowing,1,1
overturned,1,5
overturning,1,1
overwhelmed,3,1
overwhelming,10,9
owe,10,8
owed,5,2
owes,13,2
owned,1,8
owner,1,16
ownership,2,2
pace,4,3
pacific,1,6
pack,2,36
packed,6,25
packing,1,9
page,4,27
paid,19,155
pain,9,15
painful,1,8
paint,1,10
painted,2,5
painter,5,1
painting,13,14
pair,2,1
palestine,2,1
palm,3,16
pandering,1,1
paper,33,108
parade,6,6
parading,1,2
paragraph,1,8
parallel,1,1
parcel,2,2
parent,15,105
parental,4,25
paris,9,15
parliament,54,4
part,221,162
partially,2,2
participant,1,1
participate,11,5
participated,6,4
participating,5,2
participation,3,1
particular,59,57
particularly,47,7
partisan,2,15
partner,4,7
party,401,321
pas,14,68
pass,2,3
passage,3,1
passed,39,93
passing,10,8
passion,11,9
past,85,64
pastor,3,11
path,12,15
pathetic,1,16
patient,4,36
patriot,8,247
patriotic,16,37
patriotism,13,3
patrol,2,92
paul,1,39
pause,2,2
paved,1,2
pay,28,342
payday,2,1
paying,4,144
payment,6,27
peace,67,104
peaceful,16,8
peacefully,4,8
peaceloving,2,1
peak,4,1
pen,5,6
penalty,4,104
penny,6,64
pension,4,17
people,985,4772
per,11,23
percent,1,50
percentage,2,21
perception,4,1
perfect,5,101
perfectly,8,4
perform,7,1
performed,7,1
performing,5,1
perhaps,27,85
peril,7,2
perilous,2,1
period,79,150
perjury,1,3
permanent,16,8
permanently,11,6
permissible,2,1
permission,2,6
permit,11,2
perpetrated,1,5
persecute,4,4
persecuted,7,24
persecuting,1,15
persecution,10,39
perseverance,11,1
person,124,411
personal,66,21
personality,26,41
personally,20,21
persuasion,3,1
pervert,2,1
perverted,1,2
perverting,1,1
peter,3,20
petrified,1,6
petty,22,1
phantom,4,1
phase,13,8
phenomenon,49,4
philosophy,4,3
photograph,2,2
phrase,18,34
physical,62,14
physically,16,14
picked,1,27
picture,36,53
piece,30,62
pill,1,8
pillaging,1,3
pillow,1,10
pilot,1,31
pimp,1,1
pinnacle,1,1
pistol,2,1
pitch,9,2
placard,9,1
place,210,621
placed,28,4
placing,7,1
plague,9,42
plain,2,9
plainly,2,2
plan,44,91
plane,9,144
planet,8,12
plank,1,6
planned,4,6
plant,2,74
platform,6,16
play,46,130
played,24,22
player,1,27
playing,10,36
plea,1,4
pleasant,7,1
please,3,335
pleased,12,12
pleasure,6,4
pledge,4,14
pledged,2,5
plenty,3,47
plot,1,4
plunder,3,4
plundered,1,3
plunge,1,1
pm,2,7
pocket,3,5
point,138,361
pointing,1,6
poison,31,4
poisoned,3,5
poisoning,10,10
poisonous,10,12
pole,5,7
police,23,298
policeman,1,28
policy,292,232
polish,7,2
politic,2,1
political,423,300
politically,12,56
politician,32,207
politics,51,80
poll,1,554
poor,28,47
poorer,3,1
popular,31,72
popularity,7,5
population,78,23
port,2,8
portfolio,1,1
portion,18,24
portrait,1,1
pose,3,3
position,155,63
positive,25,34
posse,45,1
possessed,26,1
possessing,6,1
possibility,51,8
possible,227,157
possibly,14,23
post,13,61
postal,3,4
posted,2,4
poster,19,2
postpone,2,1
potential,1,32
pounce,1,1
pour,2,19
poured,4,29
poverty,9,19
power,296,219
powerful,19,173
powerless,3,1
practical,111,1
practically,21,26
practice,58,6
praise,10,3
pray,5,16
prayer,4,14
pre,1,2
preach,1,2
preached,1,1
precious,8,12
predict,1,3
predicted,1,11
pregnancy,1,1
pregnant,1,4
prejudice,12,1
preliminary,26,1
premise,6,4
prepare,14,3
prepared,26,13
preparing,11,2
prescription,2,8
presence,12,1
present,191,5
presentation,3,3
presented,38,10
preservation,48,1
preserve,36,10
preserved,16,2
preserving,12,4
president,7,1400
press,100,183
pressed,4,1
pressure,10,18
prestige,9,4
presume,2,2
pretend,10,19
pretended,6,5
pretending,2,2
pretext,4,3
pretty,1,196
prevail,16,6
prevalent,13,3
prevent,47,38
prevented,11,1
preventing,6,3
prevention,2,4
prevents,6,2
previous,10,17
previously,20,8
prey,15,5
price,3,245
pride,18,22
primarily,10,4
primary,15,135
prime,1,48
principal,17,6
principle,267,21
print,4,3
printed,8,2
prior,1,40
priority,2,24
prison,5,147
prisoner,1,30
pristine,1,1
private,17,59
privilege,10,15
privileged,1,1
pro,6,37
probably,31,415
problem,190,574
procedure,10,9
proceed,3,5
process,92,58
proclaimed,10,4
produce,26,9
produced,24,26
producer,1,12
producing,8,7
product,43,59
production,22,29
productive,11,3
prof,9,3
profession,20,1
professional,12,26
professor,18,6
profit,6,2
profitable,6,2
profited,2,2
profiting,3,1
profound,53,5
profoundly,19,2
progress,59,15
progressive,10,5
prohibit,2,2
prohibiting,2,3
prohibition,2,1
project,8,14
prominent,2,1
promise,14,92
promised,6,31
promising,3,12
promote,18,6
promoted,3,2
promoter,7,2
promoting,8,2
promotion,4,1
promptly,3,4
pronounced,9,1
pronunciation,1,1
proof,42,18
propaganda,166,5
propagandist,14,1
proper,12,11
properly,11,35
property,12,17
proportion,16,4
proportionately,2,6
proposal,9,1
propose,1,1
proposed,5,5
prospect,23,1
prosperity,11,17
protect,15,209
protected,17,26
protecting,3,40
protection,31,49
protective,5,5
protector,3,7
protects,3,4
protest,27,26
protestation,1,1
protested,3,4
protocol,1,2
proud,12,255
proudly,1,42
prove,45,26
proved,63,9
provide,20,20
provided,23,4
provides,8,2
providing,10,4
province,17,2
provision,6,6
provisional,1,11
provokes,3,1
psyche,1,1
psychological,23,2
psychologically,4,1
psychologist,2,3
psychology,4,2
public,245,83
publication,3,4
publicity,1,12
publicly,8,10
publish,1,1
published,9,5
pull,2,18
pulled,3,25
pulling,1,6
pulse,1,2
pump,2,20
punished,1,2
punishment,4,4
pupil,3,4
puppet,1,9
purchase,2,12
purchasing,1,1
pure,18,13
purely,44,1
purpose,193,27
purposely,4,8
pursue,12,7
pursued,14,1
pursuing,4,4
pursuit,4,1
push,9,16
pushed,8,29
pushing,4,57
put,132,835
putting,23,81
q,1,1
qualified,6,17
quality,82,13
quantum,1,1
quarter,34,26
queen,4,5
question,243,230
questioned,2,3
quick,3,65
quicker,2,3
quickest,1,2
quickly,29,209
quid,1,14
quiet,5,10
quit,1,16
quite,125,69
quo,3,13
quote,2,33
rabbi,1,1
race,219,179
racial,132,23
radical,18,494
radically,2,1
rage,10,7
raging,3,12
raid,1,15
rail,1,1
railroad,1,24
railway,5,2
rain,2,14
raise,24,88
raised,28,46
raising,4,13
rallied,2,1
rally,7,155
ram,1,1
rampant,1,22
ran,3,145
range,1,1
rank,47,7
ranked,4,13
rant,1,2
ranting,2,2
rapid,8,29
rapidly,16,31
rare,16,3
rarely,7,7
rat,4,2
rate,3,112
rather,194,59
ration,2,1
raving,1,1
ray,4,2
rd,2,48
reach,34,15
reached,38,26
reaching,7,4
react,1,2
read,53,104
readiness,15,1
reading,24,31
ready,64,109
real,123,232
realistic,3,1
reality,73,3
really,97,1110
reason,230,317
reasonable,7,7
reasonably,1,1
reasoning,7,3
rebel,6,2
rebirth,1,6
recall,10,1
receive,12,11
received,51,37
receives,10,1
receiving,3,6
recent,6,39
recently,5,65
reception,2,2
receptive,1,2
recipient,2,5
reciprocal,1,32
recognition,29,3
recognizable,1,2
recommend,4,11
recommendation,2,6
recommended,7,1
reconciliation,1,5
reconstruction,4,10
record,3,457
recorded,1,40
recourse,4,1
recover,3,6
recovered,3,5
recovery,6,7
recruit,16,2
recruited,2,1
recruiting,4,1
red,50,60
reduce,2,17
reduced,7,14
reducing,3,9
reelect,1,3
reestablished,1,1
reexamine,1,3
reference,3,2
referred,2,5
referring,6,4
refined,1,2
reflecting,1,1
reflective,1,1
reflex,1,1
reform,17,54
refreshment,1,1
refuse,12,47
refused,15,29
refusing,4,4
regain,4,2
regard,105,10
regarded,20,1
regarding,11,5
regardless,6,5
regime,37,10
region,13,9
regional,3,1
register,2,12
regret,6,8
regular,3,5
regulation,4,133
reign,5,19
rein,5,2
reinforcement,4,2
reject,9,11
rejected,12,28
rejection,2,8
related,1,10
relation,42,7
relationship,6,93
relative,4,8
relatively,7,11
relax,1,5
release,2,101
relentless,1,3
reliable,4,2
reliance,1,11
relied,5,1
relief,6,13
relieved,1,1
religion,37,20
religious,84,51
rely,1,10
relying,1,1
remain,64,89
remained,52,2
remaining,5,7
remains,28,14
remark,12,3
remarkable,5,1
remember,27,691
remembered,15,7
remind,6,3
reminded,3,3
remnant,3,1
removal,4,10
remove,6,18
removed,11,19
removing,7,8
render,22,1
renewed,5,2
renounced,9,3
rent,1,4
repair,5,4
reparation,2,9
repeat,10,19
repeated,19,3
repeatedly,5,13
repeating,4,2
repertoire,1,1
replace,6,12
replaced,11,30
replacement,1,1
replacing,1,5
reply,18,2
report,10,118
reported,3,45
reporter,1,20
represent,15,22
representative,75,58
represented,26,24
representing,8,23
represents,22,11
repression,2,2
reproach,6,1
republic,52,31
republican,8,613
repulsive,6,3
reputation,4,13
request,3,22
requested,2,11
requesting,1,4
require,4,17
required,9,11
requirement,3,7
requires,3,4
rescue,2,23
rescued,2,2
resembling,1,1
reservation,2,1
reserve,11,24
reserved,4,1
residence,4,1
resign,3,8
resigned,1,4
resist,6,1
resistance,74,3
resisting,3,1
resolute,12,4
resolution,12,1
resolve,4,6
resort,6,1
resource,16,23
respect,41,207
respected,4,251
respond,1,1
responded,1,3
response,6,9
responsibility,73,3
responsible,55,21
rest,47,68
restaurant,5,6
restoration,15,2
restore,13,131
restored,10,16
restoring,5,7
restrict,4,2
restricted,7,2
restricting,3,2
restriction,4,9
restricts,2,1
result,246,97
resulted,27,1
resulting,12,5
resume,7,5
resurgence,10,1
retail,1,2
retire,3,1
retired,4,4
retiring,1,1
retreat,3,6
retribution,8,23
return,21,32
returned,15,10
returning,2,19
reunion,2,1
reveal,5,7
revealed,8,24
revenge,4,9
revenue,1,9
reversal,1,1
reverse,12,17
reversed,2,7
revert,2,1
review,2,12
reviewed,1,2
revival,18,1
revive,3,1
revived,1,6
revolt,5,1
revolting,5,1
revolution,122,6
rewarded,2,4
rhetoric,2,2
rhyme,1,1
rich,5,92
richard,1,9
richer,1,12
rid,4,154
riddle,1,1
rider,1,2
ridiculous,25,90
ridiculously,7,4
rifle,6,25
rig,1,45
right,222,2483
righteous,3,8
rightly,10,1
rigid,8,2
rigorous,4,3
ring,5,3
riot,3,13
rioter,1,19
rise,35,7
risen,2,1
rising,7,22
risk,27,17
risked,2,5
risking,1,2
risky,2,3
rival,12,14
river,4,12
road,34,39
roared,1,1
rob,2,17
robbed,12,7
robber,3,2
robbery,7,6
robbing,4,5
robe,1,2
robs,1,2
robust,8,2
rock,4,17
rogue,6,7
role,13,13
romantic,1,2
rome,7,4
room,21,201
root,19,9
rose,1,6
rot,1,4
rotten,1,6
rotting,1,6
rough,5,55
roughest,1,2
roughly,2,1
round,20,12
rout,1,5
route,9,14
routine,4,1
row,3,54
rowdy,1,5
rubber,1,1
rude,1,2
ruin,27,27
ruined,11,10
ruining,5,7
rule,32,74
ruled,9,28
ruling,14,15
run,43,402
running,3,305
rural,1,3
rush,3,19
rushed,3,3
russia,60,693
russian,24,40
rust,1,1
ruthless,26,5
ruthlessly,12,4
s,3,1
sa,1,1
sabotage,4,1
sacred,34,24
sacrifice,84,8
sacrificed,17,2
sacrificing,4,8
sad,4,148
saddest,3,5
sadistic,2,9
sadly,2,23
safe,4,152
safeguard,17,3
safeguarding,5,1
safely,4,9
safer,1,19
safety,3,48
said,73,4010
sailor,1,1
sake,31,27
salary,6,9
salesman,1,4
sanction,4,25
sanctioned,2,2
sand,1,23
sane,3,5
sarcastic,1,10
sat,4,10
satisfaction,10,1
satisfactory,7,1
satisfied,10,3
satisfy,5,1
saturday,1,20
savage,3,18
savagely,1,6
save,19,191
saved,16,135
saving,8,42
saw,38,363
say,115,2625
saying,18,443
scale,30,24
scandal,4,18
scar,1,3
scare,4,11
scared,1,7
scattered,2,1
scene,11,11
scheme,9,11
scholar,1,15
school,77,314
schooling,4,1
science,20,6
scientific,20,3
scientist,2,14
scope,8,2
score,1,5
scorned,1,4
scoundrel,7,7
scourge,16,8
scrap,1,6
scream,2,5
screening,1,5
screw,1,17
scum,1,8
sea,9,5
sealed,3,3
search,5,13
searching,2,2
seat,13,66
second,76,315
secondarily,1,1
secondary,13,2
secret,33,33
secretary,6,87
secretly,2,2
section,65,33
secure,23,131
secured,20,5
securing,17,1
security,19,177
see,106,1219
seed,8,5
seeing,22,64
seek,14,21
seeking,5,3
seem,16,22
seemed,84,8
seemingly,1,1
seems,38,25
seen,29,587
seize,2,5
seized,5,2
seizing,2,1
seldom,10,4
select,12,6
selected,10,1
selection,10,2
selective,3,1
self,14,3
sell,3,61
selling,2,30
senate,3,129
send,6,234
sending,1,75
sense,86,134
sensitive,2,4
sent,23,124
sentence,8,41
sentiment,29,1
separate,7,12
september,6,5
serbia,3,1
serial,1,7
series,14,9
serious,42,43
seriously,25,32
serve,81,16
served,25,7
service,113,77
serving,10,5
servitude,2,1
session,4,4
set,83,178
setback,2,1
setting,8,23
settle,8,11
settled,10,47
settlement,10,9
settler,1,1
setup,1,2
seven,19,139
seventh,1,8
several,45,6
severe,9,6
severed,2,1
severely,1,4
severity,2,1
sex,1,5
sexual,6,37
shackle,2,2
shade,1,4
shadow,3,7
shake,6,11
shall,71,3
sham,3,7
shame,7,56
shameful,9,5
shamefully,5,3
shameless,6,2
shape,20,51
shaped,5,4
share,18,22
shared,3,7
sharp,5,13
sharpest,1,1
shatter,2,3
shattered,5,14
shattering,1,1
shed,21,3
sheep,2,1
sheer,22,1
sheet,1,5
shell,7,5
shelter,1,4
sheltered,1,1
shield,4,15
shift,1,8
shining,2,2
ship,6,56
shirt,1,7
shocked,3,11
shook,2,4
shoot,5,24
shooting,3,34
shop,5,4
shore,1,7
short,42,107
shortage,1,4
shortest,1,1
shortly,2,34
shot,4,157
shoulder,19,31
shout,10,6
shouting,5,5
show,81,252
showed,35,32
shower,1,3
showing,2,22
shown,30,19
shunned,1,1
shut,5,86
sick,1,144
side,104,179
sided,3,1
siege,1,43
sight,19,10
sign,39,111
signal,8,19
signature,3,89
signed,3,91
significant,9,4
signing,1,19
silence,22,72
silenced,1,4
silent,8,28
silly,3,8
similar,49,13
similarity,2,1
simple,31,146
simpler,1,1
simplest,5,4
simply,46,30
simultaneously,3,8
sin,18,2
since,135,100
sing,3,2
singer,1,1
singing,5,2
single,40,250
sinister,6,23
sink,3,5
sinking,2,1
sir,1,744
sister,2,7
sit,4,60
sitting,6,127
situation,102,69
six,21,144
size,19,33
sketch,5,1
skill,9,3
skilled,5,4
skin,1,17
skip,1,2
skull,3,1
slander,6,3
slandered,3,4
slaughter,1,4
slaughtered,1,6
slave,16,1
slavery,8,1
sleep,7,11
sleeping,1,7
sleepy,1,96
slide,2,3
slight,13,11
slightly,1,22
slogan,21,5
slow,20,14
slower,2,1
slowly,41,6
slum,1,11
small,121,106
smaller,21,17
smallest,13,6
smash,5,8
smashed,3,4
smile,3,4
smiled,1,14
smith,1,28
smoke,1,1
smooth,1,1
sneak,2,1
snow,2,1
soandso,1,2
soared,1,2
soaring,1,9
socalled,101,23
social,191,120
socialism,14,17
socialist,154,74
society,27,14
soft,1,14
soil,28,7
sold,6,54
soldier,93,307
sole,38,5
solely,19,5
solemn,9,3
solemnly,1,1
solid,18,16
solidly,1,1
solution,30,2
solve,10,47
solved,9,23
solvent,2,1
solving,3,10
somebody,7,389
somehow,5,24
someone,6,10
something,90,525
sometimes,30,74
somewhat,19,14
somewhere,6,5
son,18,121
song,8,14
soon,68,197
sooner,22,13
sophisticated,1,14
sophistication,1,2
sore,3,1
sorrow,2,1
sorry,4,72
sort,26,144
sought,5,1
soul,31,21
sound,45,103
sounded,1,8
soundly,1,1
source,41,14
south,35,176
southern,6,57
sovereign,27,10
sovereignty,12,26
soviet,6,11
space,16,101
spade,2,3
spain,3,1
span,2,4
spanish,1,4
spare,3,2
spark,2,1
speak,51,98
speaker,27,34
speaking,47,47
speaks,4,3
special,41,141
specific,4,5
specifically,2,7
specimen,8,9
spectacle,10,2
spectacular,1,4
speculation,5,1
speech,44,267
speed,7,21
spell,4,3
spend,3,66
spending,1,56
spends,2,4
spent,11,111
sphere,65,1
spine,1,4
spirit,158,64
spiritual,39,1
split,5,4
spoil,2,1
spoiled,1,5
spoke,21,70
spoken,23,14
sponsor,1,1
sport,7,58
sporting,1,1
spot,7,8
spread,30,7
spreading,12,3
spring,24,5
springing,1,2
spy,2,17
spying,1,22
squad,9,1
squandered,1,1
square,9,11
squarely,1,1
squeeze,2,1
st,2,13
stability,12,4
stadium,1,5
staff,5,18
staffed,1,1
stage,38,93
staggering,1,10
stain,2,2
stained,2,3
stair,2,37
stake,7,12
stamp,12,9
stamped,3,19
stand,71,300
standard,23,38
standing,12,166
standpoint,44,22
star,5,40
stare,1,1
stared,1,1
stark,1,6
start,24,205
started,14,235
starting,2,92
state,884,1645
stated,10,15
statement,29,104
station,5,14
stationed,3,1
statue,3,20
stature,2,1
status,7,15
statute,2,13
staunch,1,1
stay,3,107
steadfast,2,1
steadily,40,1
steady,18,2
steal,6,44
stealing,1,12
steel,9,88
steer,1,1
steering,1,2
stench,1,1
step,51,42
sterling,1,3
stern,2,1
stewart,1,2
stick,6,34
stiff,1,16
still,165,177
stimulus,7,2
sting,1,1
stinking,1,1
stirring,2,2
stock,43,96
stole,1,20
stolen,2,38
stone,10,30
stood,25,79
stop,18,474
stopped,3,191
store,9,80
stored,2,10
storm,55,10
stormed,5,5
story,8,292
straight,3,56
strait,2,1
strange,7,32
stranger,5,1
strangling,1,3
strategy,2,6
straw,1,14
stream,2,25
streaming,1,1
street,28,124
strength,125,114
strengthen,11,18
strengthened,11,2
strengthening,10,1
strengthens,1,1
stress,5,1
stretch,3,1
strict,3,8
strictly,4,1
strike,30,8
striking,22,2
string,1,3
striving,8,1
strong,45,355
stronger,38,51
strongest,15,67
stronghold,1,1
strongly,10,52
struck,9,9
structural,1,2
structure,47,4
struggle,257,10
struggling,5,4
stuck,4,18
student,15,48
studied,26,12
study,68,18
studying,7,6
stuff,5,258
stuffed,1,12
stumbling,1,3
stupid,30,189
stupidity,16,8
style,8,4
subject,86,30
subjective,7,2
submarine,3,8
submission,4,2
submitted,7,2
subsequent,13,1
subservient,2,1
subsidiary,1,2
substance,11,2
substantial,1,8
substantially,1,32
substitute,9,2
succeed,36,9
succeeded,42,2
success,141,86
successful,38,75
successfully,10,7
succession,7,1
succumbed,5,1
suck,1,2
sucking,1,3
sudden,14,114
suddenly,61,4
suffer,15,11
suffered,15,20
suffering,31,20
suffers,3,2
sufficient,41,1
suggested,5,1
suggesting,1,4
suit,7,33
suitable,16,1
sum,8,3
summarily,1,1
summary,1,1
summer,14,12
summon,2,2
summoned,1,3
sun,5,9
sunday,2,8
sundry,1,1
superior,75,2
supervisor,1,1
supplement,1,1
supplied,5,4
supply,14,40
supplying,2,7
support,70,227
supported,15,22
supporter,12,46
supporting,3,16
suppose,3,1
supposed,5,171
supposedly,1,19
supposing,4,3
suppress,5,5
suppressed,2,1
suppression,6,28
supreme,32,133
supremely,2,1
sure,9,169
surely,22,2
surgeon,1,1
surmount,2,1
surplus,3,2
surprise,3,23
surprised,12,28
surprising,8,3
surrender,7,51
surrendered,3,42
surrendering,1,6
surround,2,4
surrounded,5,10
surrounding,3,5
survival,3,6
survive,4,14
survived,2,3
survives,4,1
surviving,1,1
suspect,3,15
suspected,3,7
suspicious,1,1
sustain,4,10
sustained,3,3
swamp,3,58
swarm,4,1
swastika,7,2
sweating,1,5
sweep,1,1
sweeping,2,2
sweet,1,6
swell,3,1
sweltering,2,2
swept,1,2
swim,1,2
swore,1,1
sworn,1,7
swung,2,1
symbol,24,5
sympathy,20,1
system,116,145
systematic,16,3
systematically,24,10
t,24,27
table,13,26
tactic,36,3
take,273,1429
taken,137,214
taking,53,251
tale,3,3
talent,39,19
talented,2,21
talk,37,576
talked,10,101
talker,3,1
talking,12,316
tame,3,4
tariff,1,189
task,125,24
taught,28,10
tax,1,511
taxed,1,4
taxpayer,1,17
tds,1,2
teach,23,51
teacher,18,31
teaching,69,10
tear,11,39
tearing,1,4
technician,1,1
technology,3,22
teeming,1,1
telephone,5,8
tell,13,785
telling,3,93
temporarily,5,1
temporary,7,2
ten,36,80
tend,9,11
tendency,33,4
tender,2,50
tense,1,1
tension,3,1
tenth,3,1
term,29,170
terminate,1,47
terminated,1,34
terrible,35,294
terrific,1,30
terrified,1,2
territorial,26,2
territory,98,16
terror,10,42
terrorism,15,8
terrorist,4,130
test,26,71
testament,3,4
tested,1,18
testify,1,8
testimony,3,7
testing,1,7
text,3,7
th,35,183
thank,6,1839
thanked,2,1
thankful,4,2
thanks,14,73
that,2,234
the,4,53
theft,1,10
theme,15,3
theorist,12,3
theory,27,64
thereafter,3,7
therefore,225,15
thief,7,11
thin,2,7
thing,160,2116
think,104,2608
thinking,40,62
third,32,127
thirst,2,1
thirsty,1,3
this,1,127
though,156,151
thought,100,414
thousand,164,525
threat,14,139
threaten,5,8
threatened,15,12
threatening,11,17
three,56,641
threshold,1,1
threw,4,20
thrive,1,5
thriving,1,8
throat,2,3
throughout,40,45
throw,10,65
throwing,2,16
thrown,18,31
thursday,2,13
thus,336,1
ticket,1,13
tie,12,10
tied,1,13
tiger,2,1
till,3,26
tilled,1,3
tilt,1,1
time,659,1705
timid,6,5
tiny,5,28
tipped,1,1
tire,3,7
tired,4,22
title,7,24
tobacco,2,5
today,228,438
together,73,387
told,17,290
tolerate,7,1
tolerated,6,1
toll,1,1
tommy,1,23
tomorrow,8,131
tone,13,5
took,91,607
tool,3,9
tooth,3,1
top,3,191
torch,5,2
tore,1,3
torn,9,5
tornado,1,5
torture,1,2
tortured,3,2
total,14,107
totally,2,206
touch,4,22
touching,4,2
tough,5,336
toughness,1,2
towards,162,1
tower,1,10
town,30,32
track,1,10
tracked,1,1
trade,38,234
trader,1,1
tradesman,1,1
tradition,24,28
traditional,14,3
traffic,2,12
trafficked,1,6
tragedy,6,14
tragic,16,5
trail,1,11
train,26,20
trained,35,6
training,97,7
trait,11,3
traitor,22,4
trampled,3,2
transaction,4,2
transcript,1,3
transfer,1,1
transform,16,3
transformation,12,2
transformed,21,4
transitory,5,2
transport,4,1
transporting,1,2
trap,1,3
trapping,1,1
travel,1,62
treacherous,1,2
treachery,2,1
treason,12,12
treasure,3,14
treasurer,4,6
treasury,2,20
treat,2,49
treated,11,86
treating,1,4
treatment,6,18
treaty,35,2
tree,6,13
trembling,6,1
tremendous,19,290
trend,9,14
trial,5,107
tribe,4,1
tribunal,4,2
tribute,6,6
trick,12,1
tried,37,72
triple,11,8
triumph,45,4
triumphant,10,1
troop,32,64
trouble,20,91
troubled,2,3
true,103,270
truest,3,2
truly,3,76
trust,9,37
trusted,1,6
truth,102,108
truthful,3,2
try,52,141
trying,15,275
tuesday,1,66
turkey,3,5
turmoil,5,4
turn,82,177
turned,43,165
turning,9,15
tutor,1,1
twelve,8,2
twentyfive,7,1
twice,2,88
twist,2,3
twisted,1,4
twisting,2,1
two,195,909
type,32,19
typical,19,21
typically,1,5
tyranny,9,5
tyrant,1,26
u,278,1431
ultimate,13,20
ultimately,8,39
unable,20,12
unanimous,2,2
unanimously,1,2
unavoidable,1,1
unborn,2,4
unceremoniously,1,4
unchecked,3,11
uncomfortable,1,1
und,2,1
undeniable,1,2
underestimate,1,1
underlying,10,2
undermine,9,7
undermined,2,1
understand,93,225
understandable,2,2
understanding,49,10
understands,4,17
understood,50,42
uneducated,2,1
unemployed,4,2
unemployment,4,22
unequivocally,1,1
unfair,2,57
unfinished,1,3
unfortunate,19,6
unfortunately,50,58
unfounded,1,2
unfriendly,2,1
unhappy,7,12
unhealthy,4,2
unified,1,9
uniform,26,4
uniformly,1,1
union,35,100
unique,10,5
unison,1,2
unit,15,5
unite,6,2
united,41,528
uniting,2,2
unity,21,17
universal,24,19
universe,4,1
university,9,25
unknown,20,14
unless,62,54
unlike,1,43
unlimited,6,20
unnecessarily,2,1
unpleasant,11,3
unpopular,2,22
unqualified,1,1
unrelenting,2,4
unrestricted,2,1
unsafe,1,13
unskilled,1,2
unthinkable,2,19
unto,3,2
untold,3,2
untruth,1,1
unusual,3,9
unwavering,1,3
upheld,7,7
uphold,7,33
upholding,2,6
upon,202,42
upset,1,26
urban,3,2
urge,16,1
urged,8,3
urgent,6,11
urgently,1,1
us,9,48
usa,3,92
use,98,313
used,81,374
useless,18,3
ushered,1,1
using,9,69
usual,10,2
usually,16,33
utility,7,1
uttered,8,1
utterly,21,2
vagrant,1,1
vain,24,1
valid,3,3
validity,2,1
valley,1,12
valuable,23,4
value,86,85
valued,3,3
various,103,27
vast,25,18
vehement,1,1
vehicle,3,45
vein,2,2
venture,1,2
verdict,2,6
verge,3,3
vermin,4,1
vessel,17,3
veteran,2,88
vial,1,2
vice,12,51
vicious,1,139
victim,43,19
victor,9,7
victorious,27,2
victory,79,172
view,153,18
viewed,1,2
vigorous,10,3
vigorously,2,2
vile,3,6
villa,1,2
village,11,4
vindicated,1,1
violated,2,12
violation,4,20
violence,12,36
violent,13,80
violently,5,14
virgin,1,9
virtue,35,1
virus,2,109
visible,16,1
vision,8,13
visit,6,6
visited,2,3
visiting,2,3
vital,42,8
vitality,8,1
vivid,3,2
vividly,2,1
vocabulary,4,1
vocational,5,1
vogue,3,1
voice,18,89
void,2,2
voluntarily,9,1
volunteer,22,7
vote,20,1435
voted,9,173
voter,2,332
voting,6,206
vow,1,1
wage,26,30
waging,11,14
wagon,1,4
wailing,1,1
wait,9,126
waited,5,12
waiting,8,65
walk,7,155
walking,3,54
wall,13,354
want,49,3372
wanted,15,385
wanting,5,8
war,290,563
ward,4,3
ware,1,1
warfare,10,1
warm,2,14
warn,3,1
warned,2,2
warning,14,6
warrant,2,4
warsaw,1,1
waste,5,22
wasted,3,3
wasting,1,8
watch,8,189
watched,4,86
watching,4,119
water,8,97
wave,9,61
waved,1,1
waver,3,1
wavering,8,1
waving,1,5
wax,1,1
way,365,1527
we,3,319
weak,45,69
weakened,3,7
weakening,8,1
weaker,15,6
weakest,2,7
weakness,38,29
wealth,9,24
weapon,87,107
wear,5,18
wearing,5,6
wednesday,5,4
weed,1,2
week,47,444
weekly,2,4
weighs,3,2
weight,8,20
welcome,8,16
welcomed,12,2
welfare,21,15
well,107,1308
wellknown,3,4
wellmeaning,1,1
went,48,609
west,5,32
western,20,4
wet,1,2
whatever,28,157
whatsoever,31,39
wheel,2,25
whenever,21,15
whereas,52,6
wherever,13,32
whether,85,110
whip,1,3
whipped,3,1
whirlpool,1,10
white,26,246
whittled,1,5
whoever,8,30
whole,244,292
wholeheartedly,4,1
whose,151,115
wicked,1,2
wide,4,8
widely,3,3
widened,1,1
wider,7,1
widespread,2,4
widow,1,1
wield,4,5
wife,11,102
wild,10,20
will,2,25
willed,2,2
willing,25,47
willingly,4,2
willpower,20,14
wilson,1,2
win,36,820
wind,4,69
window,1,37
wine,1,8
wing,2,50
winning,18,148
winter,12,10
wipe,7,17
wiped,6,20
wiping,1,5
wire,1,7
wisdom,26,6
wise,15,18
wish,63,57
wished,21,2
wishful,1,1
wishing,2,5
with,1,6
withdraw,3,5
withdrawn,1,4
withdrew,3,30
withering,2,1
withheld,1,2
within,143,125
without,183,143
withstand,7,4
witness,12,20
witnessed,8,14
woke,3,45
wolf,7,1
woman,25,501
wonder,2,115
wonderful,10,167
wont,1,16
wood,2,7
wooden,2,1
word,116,368
wore,2,3
work,260,379
worked,10,186
worker,79,190
working,42,215
world,354,1144
worried,1,23
worry,5,59
worrying,1,3
worse,30,190
worst,31,316
worth,42,77
worthless,18,2
would,960,2184
wound,7,6
wounded,3,24
wrap,1,2
wreck,3,2
wrecked,4,5
wretched,6,2
write,9,46
writer,19,16
writes,2,5
writing,11,16
written,19,22
wrong,39,215
wronged,1,4
wrote,3,24
x,2,8
yard,3,9
year,302,2117
yes,1,178
yesterday,3,67
yet,122,182
yield,4,18
young,131,177
younger,11,5
youngest,1,5
youth,53,28
zone,2,23
,7,4
and,1,1
no,1,1
