wort,hitler,biden
a,3,8
abandon,11,2
abandoned,14,8
ability,52,58
able,145,278
abortion,2,1
abroad,13,8
absolute,36,5
absolutely,42,14
absorb,2,1
abstract,18,1
abundant,3,1
abuse,6,12
abused,5,2
abyss,1,1
academic,2,2
accept,27,10
acceptable,2,1
accepted,33,2
accepts,1,2
accessible,2,4
accident,6,17
accidental,1,1
accompany,1,1
accomplish,8,3
accomplished,15,6
accomplishment,5,1
accord,13,4
according,63,30
accordingly,35,1
account,73,11
accountable,1,11
accounting,1,8
accumulate,1,1
accumulated,2,2
accurate,2,4
accurately,6,1
achieve,29,10
achieved,47,1
achievement,33,5
achieves,1,1
achieving,3,4
acknowledge,10,12
acknowledged,8,4
acknowledges,1,4
acknowledging,1,2
acquire,18,1
acquired,28,4
acquisition,19,1
across,5,146
act,74,145
acted,16,3
acting,19,8
action,98,100
active,53,9
actively,2,5
activity,110,8
actor,1,6
actual,23,5
actually,45,39
acute,2,1
adapt,3,4
adaptation,3,8
add,8,32
added,10,22
adding,1,16
addition,11,28
additional,4,59
address,10,34
addressed,10,2
addressing,3,14
adequate,15,5
adherence,3,1
adjacent,1,1
adjust,1,1
adjustment,1,1
administer,4,3
administered,5,5
administering,1,3
administration,21,126
administrator,2,8
admiration,20,1
admire,1,3
admired,2,3
admission,2,2
admit,19,6
admitted,21,1
adolescent,3,1
adopt,47,1
adopted,60,5
adult,10,25
advance,15,21
advanced,11,20
advancement,1,2
advancing,3,7
advantage,42,3
adversary,41,8
adversity,3,1
advice,5,9
advocate,5,9
advocated,2,2
afar,1,1
affair,87,10
affect,5,16
affected,16,11
affecting,5,3
afford,10,39
afforded,7,3
afraid,9,7
africa,3,22
african,5,2
afternoon,6,19
afterwards,24,8
age,50,76
aged,1,1
agency,1,35
agent,2,14
aggression,4,8
aggressive,5,3
aggressor,5,2
ago,35,113
agree,6,31
agreed,3,25
agreement,8,36
agricultural,4,3
agriculture,1,8
ahead,8,64
aid,11,12
aim,165,2
air,15,42
alarming,4,1
alert,2,4
alexander,1,1
alike,3,4
alive,11,9
alliance,135,12
allied,9,5
allotted,10,1
allow,48,47
allowed,38,14
allowing,16,11
allows,4,9
ally,46,95
almost,103,49
aloft,1,1
alone,96,28
along,35,69
alongside,1,14
already,124,128
also,322,326
alter,13,2
alternative,19,11
although,50,20
altogether,3,1
always,320,124
amazed,8,3
amazement,2,1
amazing,6,11
ambition,7,19
ambitious,3,9
ameliorate,2,1
ameliorated,2,1
america,15,561
american,18,750
amid,8,2
ammunition,3,2
among,220,66
amongst,2,1
amount,40,30
amounted,6,1
ample,3,2
analysis,7,5
ancestor,8,1
ancestral,1,1
ancient,20,2
anew,10,1
anger,10,6
angered,1,1
angry,3,3
animated,2,1
anniversary,3,7
announce,1,6
announced,8,55
announcement,1,8
announcing,1,30
annual,1,5
anonymous,2,1
another,178,136
answer,38,45
answered,12,1
answering,3,2
anticipated,3,6
antiquated,5,1
antisemitic,7,1
antisemitism,8,2
anxiety,19,6
anxious,7,5
anxiously,2,2
anybody,15,45
anyone,27,61
anything,56,76
anywhere,4,13
apart,35,10
apparent,22,2
apparently,17,6
appeal,38,8
appealed,9,1
appear,40,1
appeared,49,1
appears,18,2
applicant,2,2
application,15,4
applied,17,2
apply,10,4
appoint,2,1
appointed,12,7
appointment,2,9
appreciate,13,15
appreciated,12,1
appreciation,8,1
apprenticeship,2,3
approach,8,14
approached,4,1
approaching,9,1
appropriate,3,11
approval,2,12
approved,3,19
approximately,3,10
april,2,14
arabian,1,1
arbitrary,3,1
arch,1,3
area,28,64
arena,3,3
argue,2,5
argued,2,2
argument,33,5
arise,26,2
arm,38,27
armed,11,11
army,138,10
around,30,206
arrange,6,1
arrangement,4,2
arrest,7,1
arrested,3,2
arrival,6,1
arrive,10,3
arrived,20,4
arrives,2,1
arsenal,1,9
art,78,1
article,8,3
artificial,6,4
artificially,9,1
artillery,5,2
as,1,1
ascertain,1,1
ashamed,7,1
asia,2,5
asian,1,7
aside,13,19
ask,21,62
asked,19,73
asking,3,38
asleep,1,1
aspect,20,4
aspiration,9,2
ass,3,8
assailant,2,1
assault,10,29
assembled,5,1
assembly,22,2
assert,8,2
asserted,7,2
asserting,1,1
assertion,4,1
asset,6,10
assigned,15,2
assist,5,3
assistance,21,42
assisted,1,1
associate,6,1
associated,6,8
association,59,11
assume,25,3
assumption,7,3
assure,16,5
assured,24,3
assuring,4,1
astonishing,5,1
astounding,3,3
asylum,2,3
athlete,1,1
atlantic,1,5
attached,21,2
attack,82,79
attacked,19,17
attacker,2,1
attacking,8,9
attained,17,2
attempt,108,6
attempted,8,2
attempting,4,3
attend,16,8
attended,12,3
attending,7,4
attends,1,1
attention,89,6
attitude,155,7
attract,16,3
attracted,5,1
attributed,29,1
audience,18,11
august,18,13
author,16,2
authority,140,20
autocrat,1,6
automobile,1,15
auxiliary,3,2
avail,6,1
available,13,82
average,34,48
avert,1,2
averted,3,4
avoid,14,6
awarded,1,3
aware,15,5
awareness,2,2
away,65,77
awful,1,33
b,4,8
baby,1,11
back,63,455
backbone,4,17
backed,1,5
background,14,28
backing,5,2
backward,2,2
backwards,1,4
bad,31,33
badge,6,1
badly,3,13
balance,19,3
ballot,2,12
ban,1,21
bank,5,24
banker,1,2
banner,14,2
bar,1,3
barbaric,2,1
barbarism,2,2
bare,9,3
bargain,4,3
bargaining,3,3
barrel,1,11
barrier,7,4
base,18,13
based,59,39
basic,4,17
basing,1,1
basis,69,9
battalion,12,2
battery,2,20
battle,31,29
battlefield,13,10
bay,2,2
bear,39,18
beat,1,35
beaten,4,5
beating,2,4
beautiful,8,8
became,157,24
become,249,40
becomes,41,5
becoming,41,8
bed,4,16
beforehand,8,1
beg,3,2
began,104,32
begin,36,45
beginning,64,46
begun,20,6
behalf,16,4
behind,37,72
being,32,3
belief,61,7
believe,79,122
believed,47,8
believer,2,1
believing,6,9
belittle,1,1
bell,1,2
belong,29,10
belongs,18,1
beloved,6,5
bench,2,5
bend,1,1
bending,1,1
benefactor,3,1
benefit,18,60
benefited,6,1
bent,5,1
bereft,1,1
berlin,26,2
besides,6,2
best,135,138
betray,3,1
better,145,272
beyond,42,48
bias,2,1
biblical,1,2
bickering,1,1
bidding,2,1
big,30,115
bigger,2,14
biggest,1,22
bill,2,262
billed,1,1
billion,1,149
bind,5,1
birthday,1,12
bit,4,43
bitter,33,4
black,20,55
blame,15,2
blanket,1,2
bless,2,61
blessed,2,1
blessing,13,1
blew,1,2
block,1,17
blood,123,8
bloody,4,6
blow,25,3
blue,2,17
bluff,1,1
blunt,1,5
board,3,32
body,121,5
bold,3,5
bomb,2,4
bombardment,5,1
bond,6,1
bone,2,1
book,48,13
booming,1,1
border,2,36
bore,7,4
boring,1,1
born,33,12
borrow,1,4
borrowing,1,2
bos,1,1
bottle,1,2
bottom,2,50
bought,5,6
bound,67,5
boundary,6,2
bountiful,1,1
bow,6,2
boy,42,15
brain,46,7
branch,29,3
brand,3,1
brave,6,16
bravely,1,4
breach,3,3
break,37,36
breakdown,2,1
breaking,9,7
breast,2,2
breath,3,10
bridge,2,94
brief,2,6
bright,1,1
brilliant,14,3
bring,86,70
bringing,27,24
brings,16,9
brink,2,4
britain,84,1
british,74,1
broad,83,11
broadcast,2,3
broader,1,3
broadly,1,5
broke,29,5
broken,40,8
brother,3,29
brotherhood,1,1
brought,79,26
bruised,1,2
brunt,4,1
brutal,21,4
brutality,5,3
brutally,2,2
brute,7,1
budget,1,6
build,17,262
building,49,80
built,14,72
bulk,14,3
bull,1,2
bullet,4,7
bully,1,1
bur,1,1
burden,14,16
buried,3,1
burn,2,8
burning,4,10
business,42,125
bust,2,1
busy,8,4
butt,1,1
buy,2,26
buying,2,8
by,1,1
c,2,4
cabinet,11,11
calamity,3,2
calculated,12,3
calculation,7,1
call,76,100
called,112,59
calling,17,21
calm,12,2
came,122,92
cameroon,1,1
camp,20,4
campaign,31,10
cancer,1,29
candidate,4,7
cannon,2,1
cannot,184,39
cap,3,10
capability,13,13
capable,70,9
capacity,37,50
capital,32,18
capitalism,1,2
capitalist,3,13
captain,2,2
capture,1,3
captured,1,2
car,1,29
card,4,10
care,26,161
cared,4,2
career,18,19
careful,13,6
carefully,27,5
caring,3,7
carried,83,6
carrier,3,12
carry,64,18
carrying,20,15
case,252,95
cast,11,7
casual,1,1
catastrophe,21,4
catastrophic,5,3
catch,2,4
catching,2,4
category,6,5
catholic,24,6
catholicism,3,1
caucus,1,7
caught,2,6
cause,157,29
caused,23,22
causing,3,16
caution,1,1
cease,21,2
celebrate,2,9
celebrated,1,1
celebration,4,2
cell,6,8
cent,8,15
central,32,13
century,65,84
ceremony,3,1
certain,239,30
certainly,55,2
certainty,3,6
chain,6,50
chair,5,20
chairman,21,24
chamber,10,16
champion,42,7
championed,8,6
championing,2,1
chance,38,71
chancellor,7,2
change,79,164
changed,19,31
changing,9,29
chaos,6,8
chapter,4,3
character,143,8
charge,12,20
charged,2,2
cheaper,1,8
cheating,1,1
check,7,27
checked,1,2
cheering,2,1
chemistry,2,1
cherished,4,2
chief,41,28
child,63,361
childhood,4,10
china,1,65
chinese,1,1
choice,10,36
choir,1,1
choose,10,22
choosing,5,5
chorus,1,1
chose,10,3
chosen,35,2
christian,21,3
christianity,6,1
christmas,1,18
church,36,11
circle,95,2
circuit,1,6
circumstance,57,46
citadel,6,1
citizen,67,42
citizenship,11,3
city,77,55
civic,11,1
civil,33,46
civilian,3,28
claim,26,19
claiming,2,3
clarity,5,3
class,165,95
classified,5,10
claus,1,1
clean,1,76
cleanup,1,6
clear,83,116
cleared,4,2
clearer,7,3
clearing,1,4
clearly,58,16
clergy,11,2
clerk,3,1
climate,6,171
climatic,1,1
climb,2,2
climbed,2,1
clone,1,2
close,27,74
closed,4,13
closely,7,23
closer,10,19
closing,1,11
club,6,1
co,1,1
coach,1,1
coal,5,19
coalition,25,7
coast,2,16
coastline,1,1
code,6,25
coercion,3,2
coercive,1,1
coherent,2,1
cohesive,2,1
coincide,4,1
cold,9,13
collaborate,3,1
collaborating,2,1
collaboration,8,1
collapse,69,4
collapsed,6,4
colleague,3,31
collect,5,4
collection,4,3
collective,2,19
college,4,60
colonel,3,3
columbus,2,1
combat,12,12
combating,3,3
combination,7,7
combine,6,1
combined,13,28
come,186,263
coming,27,86
command,16,5
commander,3,27
commemorate,1,2
comment,1,7
commerce,11,9
commercial,39,9
commission,2,14
commit,5,11
committed,19,28
committee,37,24
committing,1,8
common,109,13
communication,3,11
communist,9,1
community,109,180
company,19,94
comparable,5,1
compare,11,1
compared,20,5
comparing,2,1
compelling,3,1
compensate,1,1
compensated,1,1
compensation,1,1
compete,5,34
competent,10,1
competition,5,31
competitive,1,22
competitor,3,10
complacent,1,3
complain,9,2
complaining,5,4
complete,42,12
completed,11,2
completely,56,12
completing,1,1
completion,1,1
complex,2,5
compliment,1,3
compound,1,1
comprehensive,8,6
comprised,2,1
compromise,9,12
comrade,29,1
concealed,1,1
conceived,3,1
concentrated,16,1
concept,38,1
conception,28,2
concern,22,27
concerned,42,8
concerning,10,1
concert,1,1
concerted,1,1
conclude,4,5
concluded,7,5
conclusion,29,3
concord,1,1
concrete,4,5
condemn,4,2
condition,173,27
conditioned,5,1
conduct,53,5
conducted,16,1
conducting,6,3
conference,3,9
confidence,28,15
confident,3,16
confirm,7,1
confirmed,8,16
conflict,62,29
confront,1,10
confronted,11,1
confronting,2,3
confuse,1,1
confused,8,2
confusion,12,7
congested,1,2
congestion,1,3
congratulation,1,5
congress,3,90
connected,16,3
connecting,1,3
connection,28,2
conquer,8,1
conscience,18,2
conscious,18,1
consciousness,12,1
consecutive,1,3
consensus,1,18
consent,8,3
consented,2,1
consequence,88,33
conservation,7,3
conservative,8,3
conserve,2,1
consider,56,5
considerable,6,5
considerably,2,2
consideration,64,4
considered,99,4
considering,8,3
consistent,5,8
consistently,1,1
consists,19,1
conspiracy,4,2
constant,18,14
constantly,28,5
constituency,2,2
constituent,10,2
constitution,25,18
constitutional,9,3
constrained,1,1
construction,5,6
constructive,14,3
consumer,1,23
consuming,1,2
contact,21,20
contain,4,2
contained,5,3
contains,1,2
contaminated,6,1
content,27,2
contest,3,2
context,1,3
continent,18,2
contingency,2,2
continue,49,162
continued,25,18
continues,2,18
continuing,3,29
contract,3,4
contracting,5,1
contrary,68,1
contrast,15,1
contribute,9,4
contributed,11,1
contributing,2,2
contribution,9,10
control,40,30
controlled,6,4
controlling,2,3
convenient,4,15
conveniently,1,1
conversation,1,23
conversion,1,2
convict,1,1
conviction,71,4
convince,6,5
convinced,46,12
convincing,5,1
cook,2,4
cool,4,1
cooperate,2,4
cooperation,7,24
cooperative,10,4
coordinate,1,4
cope,3,1
core,1,11
corner,6,8
corp,5,13
corporate,2,21
corporation,2,65
correct,26,5
correctly,10,1
corrupt,8,3
corrupted,4,1
corruption,9,11
cost,23,216
costly,1,1
could,560,158
council,10,16
counsel,2,11
count,18,14
counted,6,7
counter,6,4
countering,1,2
counterpart,4,3
counting,3,10
country,168,516
countryside,2,1
coup,3,2
couple,7,31
courage,57,35
courageous,11,5
course,207,26
court,20,60
cover,8,27
covered,6,9
coward,12,2
crack,2,2
cramp,1,1
cramped,2,2
crash,1,9
crazy,7,2
create,22,65
created,45,41
creates,1,13
creating,7,34
creation,17,23
creative,64,1
creator,15,5
credibility,1,3
credit,5,65
crew,2,9
crime,20,20
criminal,46,10
crisis,6,108
critic,3,2
critical,15,72
critically,5,5
criticism,19,1
cross,4,16
crossed,1,1
crossing,4,2
crowd,22,7
crowded,3,6
crown,13,1
cruel,4,4
cruiser,1,1
crumbling,1,1
crush,5,1
crushed,3,2
cry,26,4
crypt,1,1
crystal,1,3
cup,1,1
curbed,1,1
cure,8,5
currency,2,3
current,18,12
curtailed,4,1
curve,1,7
custom,10,1
cut,9,117
cynical,1,1
dagger,2,4
daily,50,5
damage,18,45
damaged,1,6
dance,1,3
dancing,1,1
danger,79,12
dangerous,28,43
dare,11,5
dared,7,1
dark,10,6
darkest,1,2
darkness,3,5
data,3,27
date,15,8
daughter,3,42
david,2,5
dawn,3,2
day,283,332
de,4,1
dead,24,12
deadly,7,6
deal,45,143
dealing,26,38
dealt,24,10
dear,3,7
dearly,5,2
death,52,33
debate,7,19
debated,1,7
debating,2,4
debt,3,79
decade,12,78
decay,13,3
decaying,1,2
december,5,7
decency,4,10
decent,16,24
deceptive,2,1
decide,27,9
decided,50,19
decides,6,3
deciding,10,4
decimated,1,1
decision,78,56
decisive,26,9
decisively,1,2
declaration,6,21
declare,11,2
declared,22,3
declaring,2,1
decline,27,7
declining,1,4
decoration,4,1
decrease,3,3
dedicate,1,4
dedicated,2,6
dedicating,1,1
deemed,5,1
deep,6,14
deepen,1,2
deeper,10,1
deepest,2,1
deeply,17,9
defamation,4,1
default,1,4
defeat,29,9
defeated,6,8
defend,48,39
defended,7,2
defender,8,5
defending,14,15
defensive,13,3
deficient,1,1
define,2,5
defined,8,4
definition,7,2
defy,4,1
degradation,6,2
degrade,1,3
degraded,4,1
degree,63,32
delay,2,12
deliberate,6,1
deliberation,1,1
delighted,3,1
deliver,5,38
delivered,21,14
delivering,6,14
demand,66,14
demanded,17,1
demanding,2,2
democracy,69,148
democrat,22,62
democratic,47,45
demonstrate,2,7
demonstrating,2,3
demonstration,27,1
denial,1,1
denied,12,11
dental,1,3
deny,12,12
depart,2,2
department,13,81
departure,1,4
depend,13,6
dependence,2,2
dependent,20,2
depending,2,6
depends,15,13
depot,1,1
depravity,2,1
depression,3,6
deprivation,1,1
deprived,11,1
deprives,3,1
depth,9,4
deputy,6,1
der,3,1
derogatory,2,1
described,18,5
description,6,1
desert,6,1
deserve,6,18
deserved,7,2
deserves,7,8
design,9,4
designation,1,1
designed,5,17
designing,2,1
desire,29,3
despair,10,4
desperate,5,7
despite,21,19
destined,22,1
destiny,39,1
destroy,26,4
destroyed,22,6
destroying,9,4
destruction,47,19
destructive,15,2
detail,17,22
detailed,5,5
detect,2,7
deter,1,1
determination,45,7
determine,8,21
determined,55,26
deterred,1,1
detour,1,1
devastating,7,21
develop,26,11
developed,54,10
developing,16,22
development,130,27
devil,6,7
devote,13,1
devoted,18,1
devotion,14,6
diagnosed,3,6
dial,1,1
dictate,8,2
dictator,2,4
dictatorial,2,1
die,21,17
died,9,22
difference,34,32
different,107,75
differentiate,4,3
differently,4,4
difficult,87,38
difficulty,25,3
dig,1,2
digging,1,1
dignified,4,1
dignity,17,69
diligently,1,2
diminished,1,2
diminishes,1,2
diplomacy,6,14
diplomat,8,11
diplomatic,4,4
dire,3,4
direct,24,17
directed,43,6
directing,5,6
direction,32,19
directly,11,19
director,5,14
dirty,2,2
disability,1,8
disadvantage,3,3
disagreeable,4,1
disappointed,1,2
disappointment,2,2
disaster,21,43
discharged,1,1
discipline,20,2
discontent,15,1
discord,3,1
discover,15,1
discovery,14,1
discrimination,2,8
discus,9,15
discussed,10,10
discussing,3,3
discussion,34,11
disease,36,27
disgraceful,6,2
disgusting,2,1
dismissed,1,1
disparaging,1,1
dispatch,2,1
displaced,1,3
displacement,2,1
display,9,2
displayed,20,1
disposal,17,4
dispute,12,1
disrupt,1,4
disrupting,1,3
disruption,7,12
distance,6,3
distant,6,2
distinct,6,2
distinction,13,5
distinguished,4,10
distress,26,1
distributed,7,2
distributing,1,1
distribution,5,7
district,27,28
diverse,3,6
divert,3,1
divide,5,4
divided,6,5
dividing,1,2
division,20,8
doctor,3,37
document,6,15
domain,9,1
domestic,11,16
dominate,12,5
donated,1,7
donation,1,8
done,89,281
door,12,14
dos,1,25
dose,1,10
double,2,14
doubled,1,3
doubt,25,12
doubted,2,1
dozen,7,9
dr,12,38
draft,1,1
drafted,1,1
dragged,8,3
dragging,3,1
dragon,2,2
draining,1,2
dramatic,2,6
drank,2,1
drastically,1,2
draw,24,6
drawing,10,1
drawn,13,1
dread,2,1
dreadful,1,1
dream,16,12
dreamer,4,2
dreaming,2,3
drill,3,1
drilling,2,3
drink,2,11
drive,9,30
driven,13,3
driver,1,19
driving,8,13
drone,1,5
drop,9,19
dropped,3,9
drove,5,3
drown,1,1
drug,1,89
drum,1,1
drunk,1,1
dry,1,1
dual,11,3
due,54,17
dug,1,1
durable,3,4
duration,2,1
dust,2,1
duty,124,24
dying,4,20
dynamic,2,11
eager,4,1
ear,12,8
earlier,11,39
earliest,1,2
early,44,47
earn,10,8
earned,2,12
earnest,3,2
earning,8,7
earnings,7,2
earth,60,6
ease,7,19
easier,23,24
easiest,3,3
easily,66,4
easing,1,1
east,10,23
eastern,11,7
easy,21,17
eat,3,3
eating,4,3
echo,2,2
economic,169,140
economically,3,9
economics,9,20
economy,6,308
editor,1,2
educated,13,21
educates,1,7
educating,3,2
education,92,88
educational,26,6
edward,2,6
effect,128,19
effected,6,3
effective,36,18
effectively,13,3
efficiency,22,3
efficient,16,7
effort,108,109
egg,2,1
ego,4,1
egyptian,1,2
eight,18,28
either,54,29
elder,3,18
elderly,1,8
elected,7,40
election,19,64
elector,2,1
electoral,3,2
electric,1,71
element,140,13
elementary,8,2
elevated,2,3
eligible,1,43
eliminate,5,9
eliminated,10,1
eliminating,6,3
elite,1,4
elizabeth,1,1
eloquence,1,1
else,46,54
elsewhere,17,4
embark,1,1
embarrassment,1,2
embrace,8,9
embraced,2,2
emerge,4,4
emerged,8,7
emerging,1,10
emotion,4,1
emotional,8,3
emotionally,2,1
emphasis,6,1
empire,60,1
employ,14,3
employed,52,2
employee,17,31
employer,21,12
employment,11,16
empty,10,13
enable,20,5
enabled,19,1
enacted,4,4
encounter,3,1
encourage,3,10
encouraged,8,6
encourages,1,1
encouraging,7,4
end,207,131
ended,7,18
ending,3,11
endless,10,2
endowed,18,4
endowment,2,2
endure,19,1
endured,2,6
endures,1,1
enduring,6,8
enemy,164,23
energy,52,102
enforce,4,1
enforcement,2,47
enforcing,2,3
engage,7,11
engaged,13,14
engagement,2,10
engine,1,2
engineer,4,11
engineering,2,1
england,7,2
english,9,4
enhance,2,5
enhanced,3,3
enjoy,7,1
enormous,30,29
enough,42,97
enrolled,2,6
ensure,5,44
ensures,2,1
ensuring,4,6
entail,3,2
enter,24,2
entered,21,1
entering,10,1
enterprise,18,6
entertainment,1,2
enthusiasm,39,3
enthusiastically,4,1
entire,12,55
entirely,55,5
entitled,10,9
entity,4,2
entrance,7,1
environment,5,16
envy,7,2
epidemic,3,4
equal,34,28
equality,12,16
equally,17,11
equip,2,4
equipment,8,9
equipped,2,2
equitable,1,10
equivalent,2,2
era,15,9
erasing,1,1
erecting,1,1
erratic,1,1
error,20,1
escape,7,7
especially,126,52
essence,11,2
essential,62,24
essentially,11,6
establish,37,8
established,51,11
establishing,20,3
establishment,27,1
estimate,15,9
estimated,11,8
etc,45,1
eternal,28,1
ether,3,1
euro,1,2
europe,73,27
european,30,13
evacuation,1,28
evade,1,3
evaded,2,1
evaluation,2,1
even,470,156
evening,26,4
event,47,24
eventuality,1,1
eventually,23,6
ever,88,181
everincreasing,2,3
every,270,394
everybody,25,90
everyday,18,3
everyone,23,106
everything,82,146
everywhere,19,34
evidence,20,23
evident,19,3
evil,60,6
evolve,1,3
evolved,4,2
exact,6,14
exactly,11,32
examine,15,1
example,82,118
exceeded,4,1
exceedingly,3,1
excellence,4,3
excellent,18,3
except,41,4
exception,16,4
exceptional,5,2
excess,3,1
exchanged,1,1
excited,2,2
excuse,13,39
execute,1,3
executing,1,2
executive,5,26
exemplary,3,2
exemplified,3,1
exercise,27,5
exhaust,1,3
exhaustive,2,1
exist,58,5
existed,28,1
existence,238,6
existing,32,7
exists,36,6
exit,1,1
expand,2,24
expanded,2,9
expanding,1,17
expansion,15,4
expect,21,14
expectation,1,9
expected,12,7
expects,2,4
expedition,3,1
expend,1,2
expenditure,9,2
expense,12,5
experience,71,15
experienced,9,9
experiencing,3,4
experiment,8,2
expert,11,24
explain,21,10
explained,14,2
explaining,2,2
explode,1,2
exploded,2,2
exploit,16,2
exploitation,9,3
exploiting,5,1
export,1,4
expose,4,3
exposed,3,11
express,18,8
expressed,24,3
expressing,4,2
expression,43,16
expunging,1,1
extend,10,20
extended,8,13
extending,3,8
extends,1,3
extension,8,1
extensive,6,2
extent,32,12
extinguished,1,1
extract,6,1
extracted,1,1
extraneous,1,1
extraordinarily,7,2
extraordinary,11,19
extreme,26,54
extremely,7,8
extremist,4,2
eye,86,26
f,8,2
face,84,68
faced,18,15
facilitate,6,3
facilitating,2,1
facility,3,26
facing,5,27
fact,329,178
factor,46,1
factory,17,10
fade,4,2
fail,24,10
failed,50,21
failing,10,2
failure,48,7
fair,2,103
fairly,2,6
faith,74,34
faithful,12,3
fall,39,30
fallen,9,18
falling,10,12
false,32,5
faltering,1,1
familiar,9,2
family,17,422
famine,4,2
famous,4,1
fan,1,3
fancy,1,1
far,130,72
fare,2,2
farm,1,5
farmer,6,5
fascinated,1,1
fascism,1,1
fashion,16,1
fast,3,28
faster,1,33
fatal,25,1
fate,82,3
fateful,5,1
father,38,34
fatigued,1,1
fault,13,1
fear,46,18
feared,15,1
fearful,5,1
feasible,1,1
feature,41,1
february,6,6
fed,2,20
federal,28,169
federation,5,1
feed,2,4
feeding,3,1
feel,73,40
feeling,124,16
fell,25,5
fellow,22,35
felt,82,12
female,5,1
fence,1,5
festival,1,1
fever,2,1
fewer,2,24
fiction,2,1
fidelity,1,1
field,56,18
fifth,1,8
fifty,15,3
fight,163,83
fighting,119,38
figurative,1,1
figure,5,16
file,5,1
filing,1,2
fill,14,3
filled,23,3
film,1,1
final,79,20
finally,163,57
finance,21,9
financial,29,27
find,122,73
finding,7,12
fine,15,12
finger,6,1
finish,8,26
finished,2,14
fire,24,71
firing,1,3
firm,19,11
firmly,25,5
first,416,297
firstclass,1,2
firsthand,1,3
fit,14,5
five,24,72
fix,6,12
fixed,23,3
flag,37,11
flagrant,3,2
flame,4,3
flank,3,1
flash,3,4
fled,1,1
fleeing,1,1
fleet,7,8
flew,1,8
flexibility,3,2
flight,3,21
flood,4,12
floor,2,16
flourishing,1,1
flow,2,8
flower,2,1
flowing,2,1
flying,2,6
focus,1,33
foe,6,1
foiled,1,1
folk,5,237
follow,38,23
followed,52,7
follower,53,1
following,75,11
follows,22,1
food,16,41
fooled,1,2
foolish,11,1
foot,11,18
footstep,2,2
forbid,5,1
force,222,99
forced,67,9
forceful,1,1
forcing,4,1
forecast,3,1
forefront,1,3
foreign,136,25
foremost,11,4
forest,2,19
forever,4,11
forge,4,1
forged,1,1
forget,36,20
forgets,2,1
forgiven,1,1
forgot,3,6
forgotten,20,2
form,211,7
formally,1,3
formed,50,2
former,57,58
forming,15,1
formulated,4,1
forth,19,8
fortified,2,1
fortunate,12,5
fortune,12,10
forum,4,16
forward,52,79
foster,5,3
fostering,1,1
fought,33,14
found,121,34
foundation,87,14
founded,38,3
founding,9,8
four,36,99
fourth,8,9
fox,4,9
fraction,6,1
framework,17,19
france,86,12
frank,4,4
frankly,3,17
fraternal,2,2
fraud,2,4
fraught,5,1
free,54,90
freed,2,1
freedom,57,69
freely,9,2
french,63,3
frequently,30,3
fresh,24,3
friend,12,129
friendly,7,3
friendship,9,3
frightened,4,2
front,100,28
frontier,49,1
frontline,1,1
fruit,11,1
frustrated,3,6
fuel,1,14
fulfilled,23,2
fulfilling,8,1
full,42,61
fulltime,1,3
fully,27,76
fume,1,1
fun,1,2
function,29,6
functioned,2,2
functioning,1,1
fund,12,17
fundamental,77,23
fundamentally,29,20
funeral,3,3
funny,1,2
fury,4,1
future,185,130
g,1,30
gain,37,21
gained,46,2
gaining,7,3
gallery,2,1
gallows,1,1
game,11,22
gap,1,7
garden,2,1
gas,5,73
gate,2,6
gather,6,4
gathered,8,3
gathering,7,4
gauge,1,1
gave,56,38
general,207,47
generally,55,1
generation,53,57
generous,3,1
gentleman,30,8
genuine,16,7
genuinely,9,2
geography,2,1
george,3,12
german,861,1
germany,311,19
get,44,940
getting,14,146
giant,4,15
gift,29,7
gigantic,16,16
girl,14,13
give,116,142
given,89,40
giving,22,21
glad,1,6
glass,1,2
globe,12,5
glory,14,3
glove,1,1
go,77,341
goal,44,51
god,31,186
going,12,1195
gold,7,5
gone,17,51
good,118,265
goodness,1,3
goodnight,1,1
goodwill,7,2
gospel,2,1
got,20,307
govern,2,1
governing,10,2
government,152,118
grab,1,5
grace,3,13
grade,8,15
gradually,93,1
graf,3,2
grand,4,18
grandchild,1,12
granite,5,1
grant,8,22
granted,14,15
grateful,8,15
gratitude,4,4
grave,29,1
gravest,1,2
great,366,125
greater,69,20
greatest,54,26
greatly,4,2
greatness,40,2
greed,4,1
green,1,11
grew,22,29
grief,1,5
grim,1,1
grit,1,1
gross,4,1
ground,70,65
groundwork,5,2
group,101,42
grow,17,40
growing,16,35
grown,17,5
grows,7,3
growth,18,41
guarantee,36,18
guaranteed,15,2
guard,23,13
guest,4,8
guidance,3,4
guide,5,3
guided,4,2
guiding,13,4
gulf,7,10
gun,6,33
gust,1,2
hail,2,2
half,28,87
halfway,3,2
hall,69,9
hallowed,1,1
halt,2,2
hand,230,33
handed,4,2
handful,6,1
handle,2,2
handling,3,4
hanging,1,6
happen,36,73
happened,42,79
happening,14,44
happens,25,18
happier,1,2
happiness,8,3
happy,16,9
hard,38,98
harden,2,1
harder,3,13
hardest,3,8
hardly,20,2
hardship,7,4
hardworking,2,14
harm,8,21
harness,1,4
hate,12,24
hatred,35,3
havoc,7,1
hazardous,1,1
head,40,29
headed,2,9
heading,2,13
headquarters,4,3
heal,1,9
healed,1,1
healing,1,1
health,18,119
healthier,3,7
healthiest,2,1
healthy,29,3
heap,1,1
hear,8,59
heard,20,66
hearing,5,29
hears,5,1
heart,83,43
heartache,1,2
heartfelt,1,1
heat,3,11
heaven,22,1
heavily,4,1
heavy,11,11
heeded,2,1
heel,2,1
heir,2,1
held,69,19
hell,4,56
helmet,3,1
help,67,287
helped,20,50
helpful,2,4
helping,6,51
hero,28,23
heroic,37,4
heroism,12,8
hesitate,4,2
hesitation,8,1
hidden,9,4
hide,2,11
high,53,117
higher,95,52
highest,54,27
highly,18,13
highway,1,47
hill,1,8
hire,1,9
historian,2,5
historic,2,48
historical,36,9
history,142,158
hit,8,45
hitler,1,1
hoarded,1,1
hold,83,47
holder,1,4
holding,26,1
hollow,3,2
holocaust,1,5
holy,3,5
homage,1,1
home,95,296
homeland,2,14
honest,39,15
honestly,6,3
honesty,13,4
hop,1,1
hope,55,86
hoped,21,4
hopeful,1,5
hopelessness,1,1
hoping,5,2
horizon,7,5
horror,12,3
horse,8,1
hospice,1,1
hospital,12,56
hospitality,3,3
host,5,3
hostile,22,2
hot,1,1
hotel,2,8
hour,73,110
house,42,117
household,1,8
housing,2,30
houston,1,3
however,114,5
hub,1,2
huge,9,7
human,209,92
humanitarian,3,15
humanity,41,9
humanly,1,1
humble,4,1
hundred,109,45
hung,7,2
hunger,17,5
hungry,4,3
hunter,1,4
hunting,2,2
hurled,4,2
hurt,1,13
husband,5,30
hypocrisy,6,1
hypocritical,3,2
hypothetical,1,2
hysterical,1,1
i,2,44
ice,1,2
idea,294,70
ideal,157,5
identified,3,4
identify,5,5
identifying,1,1
identity,3,2
idle,3,1
ignorance,15,2
ignore,5,3
ignored,15,6
ii,6,20
iii,2,1
ill,7,1
illegal,3,6
illness,5,12
illusion,14,1
illustrate,3,2
image,9,5
imagine,26,30
immediate,13,19
immediately,37,18
immense,8,5
immigrant,1,5
imminent,2,2
immune,2,1
impact,1,70
impartial,6,1
impassable,1,2
imperative,5,9
imperfect,1,1
implement,1,11
imply,3,1
importance,132,7
important,99,107
impose,10,10
imposed,13,6
imposing,7,3
impossible,79,3
impress,4,1
impression,50,2
impressive,7,4
improve,8,15
improved,3,2
improvement,9,7
improving,3,7
impunity,1,1
inaction,1,5
inadequate,11,1
inalienable,1,4
inaudible,1,2
incident,3,3
incidentally,1,1
incited,3,2
inclination,4,1
include,7,13
included,7,7
includes,6,31
including,9,150
inclusion,1,1
income,1,52
inconsistency,2,2
inconsistent,1,6
incorporate,2,1
incorporated,9,2
increase,56,100
increased,41,15
increasing,33,35
increasingly,4,3
incredible,20,44
incredibly,4,14
incumbent,5,2
incurred,3,7
indeed,97,3
indefinitely,7,2
independence,39,16
independent,29,25
independently,7,2
india,11,15
indian,3,15
indicate,1,3
indicated,8,9
indicates,3,3
indication,4,4
indifferent,12,1
indirectly,8,1
indiscriminately,1,1
individual,284,26
individually,1,1
indivisible,2,1
indulgence,1,1
industrial,14,6
industry,17,31
inequality,1,1
inevitable,20,2
infantry,3,1
infected,7,5
infection,7,3
inflation,3,32
inflection,1,23
inflict,1,2
influence,103,4
information,17,13
informed,14,5
infringement,1,1
ingenuity,1,1
inherent,11,2
inherited,2,5
inhumane,1,2
initial,3,6
initiated,3,2
initiative,8,36
injected,3,1
injured,3,11
injury,2,6
injustice,5,5
innocent,8,20
innovation,3,6
inserted,2,3
inside,2,8
insist,5,1
insisted,1,1
insisting,8,1
inspiration,8,2
inspire,7,6
inspired,29,3
inspires,1,2
installed,4,1
instance,39,1
instead,50,45
instigated,1,1
instinct,87,4
institute,2,6
instituting,2,1
institution,99,27
instructed,4,5
instruction,23,1
intact,5,1
integral,5,1
integrity,6,11
intellect,15,3
intellectual,116,1
intellectually,6,1
intelligence,40,11
intend,4,5
intended,13,4
intends,1,1
intense,2,7
intensity,1,2
intensive,8,6
intensively,1,1
intention,46,7
intentional,1,1
interest,215,45
interested,12,2
interesting,4,4
interference,3,3
interfering,2,1
interior,4,4
intermediate,2,1
intermingled,2,1
international,72,50
internationally,1,6
interrupted,2,3
interruption,5,1
intervention,6,6
intimidated,1,2
intimidation,6,5
intolerable,5,1
introduce,9,5
introduced,23,12
introduction,5,10
invaluable,1,1
invasion,7,4
invent,1,1
invented,1,1
invest,1,75
invested,7,32
investigate,7,1
investigation,3,4
investing,1,46
invitation,6,1
invite,1,2
invited,3,4
involved,10,13
involves,1,1
involving,1,1
ireland,1,2
iron,16,4
irreplaceable,4,1
irresponsibility,1,1
irresponsible,5,2
is,1,1
island,1,10
isolated,8,1
isolation,1,1
israel,1,24
issue,19,90
issued,2,9
issuing,1,1
italian,14,1
italy,34,4
item,2,5
j,1,6
january,8,26
japan,12,7
japanese,13,1
jeopardy,1,2
jew,325,4
jewish,142,5
job,17,424
join,31,19
joined,18,14
joining,5,19
joint,1,14
joke,3,57
joseph,4,3
journal,1,8
journalist,4,6
journey,2,12
joy,10,2
judge,16,32
judged,15,1
judgment,26,13
july,5,14
jumped,1,2
juncture,8,1
jurist,1,2
justice,32,81
justification,17,2
justify,6,3
justly,3,2
k,1,1
kaiser,5,1
keen,3,1
keep,40,203
keeping,13,32
keller,1,1
ken,1,2
kept,26,16
key,5,41
kick,2,3
kill,1,4
killed,5,35
kind,182,53
king,8,27
kingdom,1,8
kissed,1,1
knew,36,31
knock,3,5
knocked,1,5
knocking,1,3
know,119,616
knowing,9,19
knowledge,97,7
known,25,43
lack,99,3
lackey,4,1
ladder,3,4
lag,2,2
laid,35,20
land,21,32
landed,1,3
landlord,1,1
language,63,4
large,61,27
largely,6,2
larger,23,10
largest,8,64
last,139,239
lasting,7,2
late,15,22
later,110,32
latest,3,4
latin,3,4
latter,57,1
laugh,7,1
laughed,3,1
laughing,3,4
launch,3,16
launched,5,8
law,92,223
lawyer,2,13
lay,49,11
layer,2,1
laying,3,14
layman,1,1
le,128,77
lead,81,76
leader,166,137
leadership,34,53
leading,24,70
leaf,10,8
league,38,4
lean,1,2
learn,29,14
learned,46,23
learning,19,12
learns,7,1
least,130,44
leave,35,59
leaving,14,22
led,66,50
left,90,68
leg,1,3
legal,5,9
legally,1,3
legend,2,1
legendary,1,1
legislate,1,1
legislation,7,55
legislative,8,3
legitimate,2,12
length,4,3
lessen,3,1
lessening,1,1
lesser,4,2
lesson,32,3
let,45,287
letter,12,15
level,73,32
levelheaded,1,1
levy,1,3
liberal,7,5
liberation,8,1
liberty,31,19
library,1,1
lick,1,1
lie,73,32
life,313,223
lifeline,1,1
lifetime,2,7
lift,5,17
lifted,1,1
lifting,2,1
light,54,18
like,113,377
liked,8,1
likely,10,24
likewise,3,1
limb,3,1
limit,22,47
limitation,3,3
limited,29,4
limiting,1,6
line,75,124
lined,2,1
link,2,2
lip,1,3
list,5,9
listed,1,5
listen,9,10
listened,6,2
listening,1,3
listens,1,1
literally,1,63
little,121,113
live,45,64
lived,22,26
livelihood,20,4
living,37,48
load,1,1
loan,3,10
local,14,37
locality,5,1
locate,2,1
lock,1,3
locked,1,3
logical,28,1
lone,1,2
long,185,174
longer,102,44
longstanding,1,6
look,73,414
looked,88,28
looking,13,67
lord,11,4
lose,20,23
losing,14,28
loss,25,32
lost,71,84
lot,23,307
loud,1,1
louder,1,1
loudest,1,1
loudly,1,2
love,41,51
loved,6,32
lovely,1,5
lover,1,1
loving,1,1
low,13,32
lower,36,67
lowered,4,2
lowering,2,10
lowest,8,11
loyal,12,2
loyalty,12,2
luck,8,3
luckily,1,1
lucky,4,4
lung,1,1
lurking,2,1
luther,1,5
lying,13,5
machine,5,7
mad,2,4
made,288,237
madness,6,1
magnificent,16,2
main,28,5
mainly,13,1
maintain,33,16
maintained,21,3
maintaining,12,3
majesty,7,1
major,3,106
majority,80,50
make,257,538
maker,1,3
making,61,222
man,264,66
manage,2,6
managed,6,4
management,8,11
managing,1,3
mandate,2,13
manifest,24,1
mankind,48,1
manner,66,1
mantle,1,1
manufacture,1,7
manufactured,1,2
manufacturer,1,12
manufacturing,1,23
many,190,275
map,2,3
mapping,1,1
marathon,1,1
marble,1,1
march,25,19
marched,6,4
marching,4,2
maria,1,1
mark,15,12
marked,7,3
market,7,39
marriage,19,6
married,3,7
marry,1,1
martin,2,8
mask,6,31
masking,1,11
mass,287,7
master,59,4
mate,9,2
material,63,16
matter,168,120
max,2,1
maximum,3,5
may,411,132
maybe,2,41
mayor,2,46
meal,4,11
mean,301,312
meaning,44,6
meant,58,19
meantime,2,22
meanwhile,8,2
measure,102,37
measured,6,1
mechanically,6,1
mechanism,7,2
medal,1,11
medical,5,24
medicine,1,12
medieval,2,1
mediterranean,2,1
medium,8,8
meet,23,64
meeting,211,53
member,172,115
memorandum,1,2
memorial,2,13
memory,35,12
men,279,53
menaced,1,1
menacing,1,1
mental,41,23
mentally,8,2
mention,7,10
mentioned,30,12
merciless,3,1
mercy,4,6
mere,50,3
merely,108,1
merit,11,1
mess,1,4
message,8,34
met,12,58
meter,1,2
method,67,1
mexico,1,5
middle,21,122
midst,9,8
might,213,32
mighty,12,1
military,132,108
milk,2,1
million,87,335
mind,153,35
mine,5,19
minimum,3,21
minister,11,22
ministerial,2,1
minority,7,15
minute,19,20
miracle,8,1
miraculous,1,1
misleading,1,1
miss,1,5
missed,3,4
missing,2,6
mission,39,51
mistake,46,13
mistaken,13,4
misunderstand,1,1
misunderstanding,3,3
mix,4,2
mob,14,9
mode,6,2
moderate,5,7
modern,27,13
modest,14,2
moment,132,110
momentous,4,1
momentum,1,5
monarch,26,2
monday,1,9
money,27,101
monopoly,4,1
month,24,239
monument,8,13
monumental,3,2
moon,4,3
moral,83,12
moreover,38,1
morning,22,35
mortar,3,1
moscow,1,4
mostly,20,5
mother,25,34
motion,5,3
motive,6,2
motor,1,6
mountain,2,7
mounting,1,1
mouse,5,1
move,13,108
moved,16,40
movement,558,18
mover,1,5
much,166,249
multiple,1,9
multiply,4,1
munich,70,1
murdered,1,5
murderer,1,2
muscular,1,1
must,698,87
mutual,33,5
n,12,1
naked,2,5
name,58,44
named,2,16
narrow,10,3
nation,576,347
national,484,93
nationality,44,1
native,16,20
natural,76,9
nature,141,12
naval,12,2
navy,9,2
nd,2,4
near,7,22
nearest,3,1
nearly,26,83
necessarily,26,1
necessary,232,23
necessity,56,3
neck,5,3
need,84,389
needed,26,47
needle,1,2
negative,16,7
negotiate,1,26
negotiating,2,4
negotiation,5,15
negro,14,2
nervous,5,1
nest,1,1
net,3,10
never,273,187
new,362,380
newly,7,2
news,9,39
newspaper,43,2
next,23,140
nicely,1,1
night,19,41
nightly,1,1
nightmare,1,2
nine,5,13
noble,11,2
nobody,52,19
noise,2,1
none,16,35
noon,1,1
normal,6,6
north,14,13
northern,4,4
note,6,8
noted,5,2
nothing,149,76
notice,14,9
noticed,5,7
noting,1,2
notion,41,8
november,41,7
nuisance,2,2
number,125,201
numbered,3,3
numerous,10,2
nurse,1,19
nursing,1,12
oath,1,9
obey,7,1
object,47,3
objective,53,6
obligation,29,40
observe,11,4
observed,14,4
obstacle,18,5
obstruct,1,2
obstruction,1,4
obtained,16,1
obvious,33,9
obviously,10,4
occasion,46,4
occasionally,9,1
occupation,16,2
occupied,12,5
occupy,6,3
occur,3,7
occurred,6,13
occurring,1,4
october,11,13
of,1,2
offensive,24,2
offer,28,16
offering,6,2
office,30,98
officer,21,71
official,79,33
officially,2,2
officiating,1,1
often,136,24
oh,2,28
old,175,65
older,7,17
oldest,1,1
one,868,735
onethird,1,1
oneyear,1,2
onslaught,7,3
onto,1,9
onward,3,1
open,50,59
opened,14,7
opening,4,8
openly,28,2
operate,4,7
operates,2,1
operating,4,7
operation,13,39
opinion,136,5
opportunity,31,85
oppose,23,5
opposed,40,5
opposes,4,1
opposing,7,1
opposite,20,5
opposition,38,4
oppression,21,5
order,211,51
ordered,9,11
orderly,2,1
ordinary,17,18
organization,1,33
organized,1,6
original,45,3
originally,13,1
others,104,69
otherwise,47,3
ought,98,5
out,1,5
outcome,27,7
outer,6,1
outlet,3,3
outline,5,2
outnumbered,1,2
outpouring,1,2
output,3,1
outrage,6,1
outraged,1,1
outrageously,1,1
outset,16,4
outside,38,23
outspoken,3,1
outstanding,16,7
outward,17,1
overcome,35,4
overlooked,4,1
overnight,1,3
overrule,1,1
overturned,1,4
overturning,1,3
overwhelmed,3,2
overwhelming,10,13
overwhelmingly,1,10
owe,10,37
owed,5,4
owes,13,4
owned,1,4
owner,1,2
ownership,2,2
pace,4,18
pacific,1,7
packing,1,1
pact,3,2
page,4,8
paid,19,83
pain,9,24
painful,1,8
painfully,1,2
paint,1,3
painted,2,1
painting,13,1
pair,2,1
palsy,1,1
pan,4,1
paper,33,5
par,1,1
parade,6,1
parallel,1,1
paralysis,5,1
paramount,5,1
parent,15,123
paris,9,11
parish,7,6
parliament,54,1
part,221,149
participant,1,1
participate,11,2
participating,5,4
participation,3,2
particular,59,10
particularly,47,30
partisan,2,12
partner,4,75
party,401,37
pas,14,83
pass,2,2
passage,3,5
passed,39,87
passing,10,14
passion,11,6
passionately,1,1
past,85,90
pastor,3,1
path,12,34
patience,5,8
patient,4,27
patriot,8,12
patriotic,16,3
patriotism,13,2
patrol,2,4
pattern,2,4
paul,1,6
pause,2,8
paved,1,1
pay,28,210
paying,4,91
payment,6,8
peace,67,32
peaceful,16,7
peacefully,4,4
peak,4,4
pearl,1,1
pen,5,14
penalty,4,6
penny,6,36
pension,4,3
people,985,1015
per,11,40
percent,1,8
percentage,2,11
perfect,5,8
perfection,4,1
perfectly,8,1
perform,7,4
performed,7,2
performing,5,1
perhaps,27,4
peril,7,2
period,79,27
permanent,16,7
permanently,11,4
permission,2,6
permit,11,1
pernicious,8,2
perpetrated,1,1
perpetuate,1,1
persecution,10,1
perseverance,11,1
persian,1,1
person,124,55
personal,66,32
personally,20,12
personnel,4,19
persuasive,3,1
peter,3,4
petition,1,1
phase,13,3
philanthropist,1,1
phrase,18,11
physical,62,21
physically,16,5
picked,1,3
picture,36,6
pie,1,2
piece,30,58
pill,1,19
pillar,10,1
pillow,1,3
pilot,1,2
pinning,1,1
pitched,1,2
pivot,2,1
place,210,145
placed,28,4
placing,7,3
plain,2,3
plainly,2,2
plan,44,252
plane,9,12
planet,8,10
planned,4,6
plant,2,9
platform,6,1
play,46,19
played,24,6
player,1,6
playground,1,1
playing,10,10
please,3,56
pleased,12,15
pleasure,6,2
pledge,4,15
plenty,3,5
plot,1,3
plunged,2,1
pocket,3,16
poet,2,6
point,138,124
pointed,8,18
pointing,1,4
poison,31,3
poisoned,3,1
poisoning,10,1
poisonous,10,4
poland,4,2
pole,5,1
police,23,65
policeman,1,1
policy,292,42
polite,2,1
political,423,35
politically,12,5
politician,32,4
politics,51,20
poll,1,12
polluted,1,1
pollution,4,9
ponder,4,2
poor,28,16
poorer,3,1
popular,31,8
population,78,15
port,2,59
portal,1,6
portion,18,9
portrait,1,1
pose,3,5
posed,1,4
position,155,55
positive,25,11
positively,5,3
posse,45,3
possessing,6,1
possession,20,1
possibility,51,25
possible,227,52
possibly,14,5
post,13,8
potential,1,22
pour,2,1
poverty,9,20
power,296,157
powerful,19,19
practical,111,3
practice,58,15
praise,10,4
pray,5,9
prayer,4,5
preach,1,1
preaching,5,1
precaution,3,2
precious,8,3
precise,12,5
precisely,10,4
precision,1,4
predecessor,2,20
predicted,1,3
prefer,4,1
preferred,11,1
pregnancy,1,2
pregnant,1,1
prejudice,12,4
prematurely,3,1
preoccupied,2,1
preparation,16,4
prepare,14,19
prepared,26,27
preparing,11,5
prescription,2,43
presence,12,5
present,191,14
presentation,3,1
presenting,7,1
preservation,48,1
preserve,36,9
preserved,16,1
preserving,12,4
president,7,339
press,100,38
pressure,10,22
presumptuous,1,2
pretend,10,1
pretending,2,1
pretext,4,3
pretty,1,12
prevail,16,2
prevailed,4,2
prevailing,11,11
prevails,2,2
prevent,47,36
prevented,11,3
preventing,6,3
prevention,2,7
previous,10,16
previously,20,6
prey,15,1
price,3,132
pride,18,27
priest,10,2
primarily,10,2
primary,15,8
prime,1,18
prince,17,1
principal,17,3
principle,267,23
print,4,2
prior,1,7
priority,2,12
prison,5,7
prisoner,1,2
private,17,57
privately,1,2
privilege,10,8
pro,6,7
probably,31,18
problem,190,62
proceed,3,1
proceeding,13,1
proceeds,1,1
process,92,58
proclaim,10,1
proclamation,1,5
produce,26,18
produced,24,4
producer,1,3
producing,8,6
product,43,42
production,22,23
productive,11,12
productivity,3,3
profession,20,2
professional,12,15
professor,18,5
profit,6,19
profitable,6,4
profiteer,5,1
profound,53,22
progress,59,114
progressive,10,8
prohibition,2,1
project,8,28
promise,14,86
promised,6,19
promising,3,5
promote,18,9
promoting,8,4
promotion,4,2
promptly,3,1
pronounced,9,1
proof,42,8
propaganda,166,2
proper,12,1
properly,11,3
property,12,8
proportion,16,3
proposal,9,25
propose,1,10
proposed,5,20
prospect,23,4
prosper,3,1
prosperity,11,7
protect,15,145
protected,17,21
protecting,3,27
protection,31,40
protective,5,2
protector,3,2
protects,3,5
protest,27,2
protocol,1,2
proud,12,51
proudly,1,3
prove,45,7
proved,63,1
proverbial,6,1
provide,20,99
provided,23,29
provides,8,9
providing,10,36
province,17,1
provision,6,4
provocation,7,4
psyche,1,1
psychological,23,1
psychologist,2,2
public,245,101
publicly,8,3
pull,2,15
pulled,3,5
pulling,1,4
pump,2,12
purchase,2,5
purchasing,1,2
pure,18,2
purely,44,1
purpose,193,16
pursue,12,8
pursued,14,3
pursues,4,2
pursuing,4,2
pursuit,4,5
push,9,12
pushed,8,5
pushing,4,9
put,132,144
putting,23,30
q,1,2
qualification,7,4
qualified,6,8
qualify,2,6
quality,82,29
quantum,1,2
quarter,34,17
queen,4,6
question,243,100
queue,3,1
quick,3,7
quicker,2,1
quickly,29,36
quiet,5,2
quit,1,2
quite,125,23
quote,2,49
race,219,26
racial,132,8
radical,18,3
rag,3,1
rage,10,2
raged,2,2
raging,3,4
raid,1,2
rail,1,47
railroad,1,16
railway,5,1
rain,2,17
raise,24,77
raised,28,22
raising,4,28
rallied,2,4
rally,7,4
rallying,3,4
rampant,1,1
ran,3,39
range,1,32
rank,47,16
ranked,4,13
rapid,8,9
rapidly,16,17
rare,16,9
rate,3,97
rather,194,19
ration,2,3
rational,3,7
raving,1,1
raw,3,1
ray,4,2
rd,2,9
reach,34,40
reached,38,15
reaching,7,3
react,1,2
reacted,2,1
reaction,7,1
reactionary,4,1
read,53,27
readily,21,1
readiness,15,1
reading,24,3
ready,64,40
real,123,124
realistic,3,4
reality,73,14
really,97,153
rear,9,1
reason,230,104
reasonable,7,2
reasoned,2,1
reawakening,4,1
recall,10,4
receive,12,13
received,51,14
receiving,3,4
recent,6,17
recently,5,14
recipient,2,5
recognition,29,5
recommend,4,1
recommendation,2,4
recommended,7,5
reconciliation,1,5
record,3,74
recorded,1,4
recover,3,16
recovered,3,1
recovering,1,1
recovery,6,53
recruit,16,1
red,50,24
redeem,1,1
reduce,2,64
reduced,7,14
reduces,1,1
reducing,3,19
reelect,1,1
reference,3,1
referred,2,3
referring,6,5
reflect,5,2
reflected,7,2
reflecting,1,1
reform,17,10
reformer,4,1
refrain,15,2
refusal,15,5
refuse,12,9
refused,15,8
refusing,4,7
regain,4,2
regard,105,15
regarding,11,2
regardless,6,6
regime,37,1
region,13,32
regional,3,6
register,2,4
regret,6,4
regular,3,7
regularly,5,1
regulation,4,1
reign,5,2
reinforce,9,3
reinforcement,4,1
reject,9,5
rejected,12,4
rejoined,1,3
relate,2,3
related,1,8
relates,1,8
relation,42,7
relationship,6,11
relative,4,16
relatively,7,5
release,2,10
relentless,1,3
reliable,4,2
reliance,1,2
relief,6,17
relies,1,2
religion,37,4
religious,84,6
reluctant,1,5
rely,1,4
remain,64,22
remained,52,3
remaining,5,7
remains,28,15
remark,12,5
remarkable,5,3
remember,27,103
remembered,15,3
remembering,4,1
remembrance,1,2
remind,6,13
reminded,3,6
reminder,1,7
removal,4,1
remove,6,5
removing,7,3
rendered,28,1
renewed,5,4
rent,1,7
reopening,1,2
repair,5,11
repay,1,2
repeat,10,8
repeated,19,3
repeatedly,5,6
repeating,4,3
repetition,6,2
replace,6,6
replacement,1,2
replacing,1,12
report,10,33
reported,3,10
reporter,1,5
represent,15,8
representation,7,1
representative,75,30
represented,26,7
representing,8,9
represents,22,6
repression,2,2
republic,52,6
republican,8,140
reputation,4,2
request,3,10
requested,2,4
require,4,40
required,9,18
requirement,3,73
requires,3,13
rescue,2,61
rescued,2,1
resentment,2,3
reserve,11,28
reserved,4,2
reservoir,1,3
reshape,1,1
residence,4,2
residential,5,4
resigned,1,1
resistance,74,2
resisted,1,1
resisting,3,1
resolute,12,2
resolution,12,5
resolve,4,8
resolved,4,5
resort,6,2
resource,16,41
respect,41,49
respected,4,3
respond,1,37
responded,1,3
response,6,44
responsibility,73,30
responsible,55,17
responsive,1,2
rest,47,69
restaurant,5,16
rested,3,1
restless,4,2
restoration,15,5
restore,13,24
restored,10,3
restores,1,1
restoring,5,6
restrict,4,1
restriction,4,6
result,246,48
resulted,27,3
resume,7,3
retail,1,1
retain,13,6
retained,8,2
retired,4,3
retreat,3,2
retribution,8,2
return,21,24
returned,15,2
returning,2,1
revenge,4,2
revenue,1,7
reverence,1,1
reverend,1,1
reverse,12,1
review,2,9
reviewed,1,2
revision,2,2
revolution,122,2
revolutionary,41,1
reward,9,4
rhetoric,2,1
rhyme,1,2
rich,5,3
richard,1,6
richer,1,2
rid,4,8
rider,1,3
ridiculous,25,5
rifle,6,1
right,222,436
righteous,3,2
rightly,10,1
rigid,8,1
rigorous,4,4
riot,3,2
rioter,1,2
rise,35,18
rising,7,28
risk,27,85
risked,2,5
risking,1,3
river,4,12
road,34,94
rob,2,2
robs,1,2
robust,8,3
rock,4,6
rogue,6,1
role,13,16
rome,7,3
room,21,88
root,19,3
rooted,2,4
rooting,2,1
rose,1,3
rough,5,3
roughly,2,9
round,20,3
route,9,5
row,3,2
royal,7,1
rubber,1,1
ruin,27,4
rule,32,44
run,43,27
running,3,34
rural,1,14
rush,3,8
rushed,3,1
russia,60,73
russian,24,32
s,3,13
sacred,34,33
sacrifice,84,8
sacrificed,17,8
sacrificing,4,1
sad,4,3
sadly,2,5
safe,4,76
safeguard,17,4
safeguarding,5,1
safely,4,13
safer,1,25
safety,3,40
said,73,391
sailor,1,1
sake,31,11
salary,6,15
sanction,4,26
sanctioned,2,2
sang,1,1
sarcastic,1,1
sat,4,11
satchel,1,2
satisfaction,10,1
save,19,64
saved,16,7
saving,8,38
saw,38,54
say,115,345
saying,18,80
scale,30,9
scar,1,2
scattered,2,1
scene,11,4
scheduled,1,1
scheme,9,1
scholar,1,1
school,77,241
science,20,28
scientific,20,10
scientist,2,26
scope,8,2
scorching,1,1
score,1,5
scorn,5,1
scourge,16,1
scream,2,1
screening,1,4
screw,1,1
scrutiny,2,1
sculpture,1,1
sea,9,10
seaboard,1,1
search,5,15
searched,1,1
searching,2,1
seat,13,8
seated,1,5
second,76,102
secondary,13,1
secondly,15,4
secret,33,11
secretary,6,70
section,65,2
secure,23,16
secured,20,7
securing,17,1
security,19,88
see,106,279
seed,8,1
seeing,22,55
seek,14,20
seeking,5,16
seem,16,9
seemed,84,1
seems,38,12
seen,29,80
seize,2,4
seized,5,1
seldom,10,1
select,12,1
selected,10,1
self,14,5
selfdetermination,1,2
selfevident,1,4
selfinterest,2,5
selfseeking,1,1
sell,3,11
selling,2,4
semblance,3,2
senate,3,104
send,6,43
sending,1,7
sense,86,31
sensitive,2,1
sent,23,13
sentence,8,2
sentimental,5,1
separate,7,6
separated,4,2
separating,2,1
separation,1,1
separatist,6,1
september,6,24
serf,9,4
series,14,5
serious,42,47
seriously,25,9
seriousness,3,1
servant,20,3
serve,81,30
served,25,35
service,113,134
serving,10,15
session,4,5
set,83,52
setback,2,1
setting,8,12
settle,8,3
settlement,10,2
seven,19,41
several,45,33
severe,9,23
severely,1,1
sex,1,1
sexual,6,3
shade,1,1
shadow,3,6
shake,6,2
shall,71,7
shame,7,1
shape,20,12
shaped,5,2
shaping,4,1
share,18,83
shared,3,26
sharp,5,1
sharpest,1,3
sharply,4,1
shattered,5,2
shattering,1,1
sheer,22,1
sheet,1,2
shell,7,1
shelter,1,15
shield,4,2
shift,1,7
shine,3,1
shining,2,3
ship,6,14
shoot,5,3
shooting,3,4
shop,5,1
shore,1,6
short,42,16
shortage,1,5
shorten,1,2
shortly,2,12
shot,4,149
shoulder,19,10
shouldered,1,1
shout,10,2
shouting,5,1
show,81,66
showed,35,11
showing,2,13
shown,30,8
shrapnel,3,1
shut,5,13
sick,1,13
side,104,35
sided,3,2
siege,1,1
sigh,1,2
sight,19,5
sign,39,52
signal,8,2
signed,3,31
significant,9,96
signing,1,20
silence,22,11
silent,8,3
silly,3,1
silver,3,3
similar,49,9
similarly,5,1
simple,31,43
simply,46,25
simultaneous,1,1
sin,18,1
since,135,123
sincere,8,1
sincerely,6,20
sing,3,1
singer,1,1
single,40,123
singular,2,1
sinister,6,2
sink,3,2
sir,1,4
sister,2,25
sit,4,25
sitting,6,33
situation,102,35
six,21,49
sixty,9,4
size,19,13
skill,9,13
slaughter,1,1
slaughtered,1,1
slave,16,2
slavery,8,1
sledgehammer,2,3
sleep,7,5
sleeping,1,1
slide,2,5
slight,13,1
slightly,1,3
slipped,2,1
slow,20,8
slowly,41,1
sluggish,1,1
small,121,60
smaller,21,3
smile,3,2
smiled,1,1
smith,1,1
smoke,1,6
smoothly,1,2
smothered,3,1
snow,2,2
snowstorm,1,1
soandso,1,1
soaring,1,1
socalled,101,8
social,191,26
socialism,14,1
socialist,154,1
society,27,14
soft,1,2
soil,28,1
sold,6,6
soldier,93,14
solemn,9,2
solid,18,4
solidarity,18,4
solution,30,18
solve,10,14
solved,9,2
solving,3,3
somebody,7,15
somehow,5,7
someone,6,59
something,90,111
sometimes,30,23
somewhat,19,1
somewhere,6,11
son,18,61
song,8,1
soon,68,23
sooner,22,6
sorely,1,1
sorrow,2,1
sorry,4,19
sort,26,11
sought,5,8
soul,31,30
sound,45,15
sounding,2,3
soundly,1,1
source,41,11
south,35,36
southern,6,6
sovereign,27,5
sovereignty,12,5
soviet,6,1
space,16,16
spade,2,1
spain,3,2
span,2,2
speak,51,53
speaker,27,11
speaking,47,16
special,41,23
specially,10,1
specific,4,13
specifically,2,8
speech,44,15
speed,7,45
spend,3,11
spending,1,19
spends,2,6
spent,11,40
sphere,65,1
spine,1,6
spirit,158,6
spite,19,2
split,5,3
spoke,21,32
spoken,23,24
spokesman,1,1
sponsor,1,2
spontaneously,1,1
sport,7,3
spot,7,4
spread,30,33
spreading,12,2
spring,24,5
squad,9,7
square,9,6
squarely,1,1
squeeze,2,3
st,2,75
stability,12,14
stable,4,2
stadium,1,3
staff,5,52
stage,38,12
stagnation,1,1
stain,2,2
stained,2,1
stair,2,4
stake,7,20
stamped,3,2
stand,71,109
standard,23,24
standing,12,49
standpoint,44,2
standstill,1,1
star,5,5
stark,1,3
start,24,70
started,14,52
starting,2,31
starvation,3,1
state,884,632
stated,10,3
statement,29,7
statesman,46,1
station,5,31
stationed,3,2
status,7,7
statute,2,1
staving,1,1
stay,3,64
steadfast,2,3
steady,18,6
steal,6,5
steel,9,15
steer,1,1
stem,1,2
step,51,98
stick,6,5
stigma,1,2
still,165,172
stimulate,4,1
stimulus,7,2
sting,1,1
stock,43,10
stolen,2,3
stood,25,27
stop,18,84
stopped,3,21
store,9,27
storm,55,51
stormed,5,2
story,8,47
straight,3,18
straightforward,2,6
strain,4,7
strait,2,4
strange,7,3
stranger,5,2
strategically,1,2
strategy,2,14
stream,2,2
street,28,46
strength,125,24
strengthen,11,17
strengthened,11,2
strengthening,10,11
strengthens,1,2
stress,5,7
stressed,1,1
stretch,3,2
strict,3,2
strictest,1,2
strictly,4,1
strife,11,2
strike,30,14
string,1,5
strive,12,5
strives,7,2
strong,45,49
stronger,38,51
strongest,15,8
strongly,10,8
struck,9,8
structure,47,3
struggle,257,19
struggling,5,10
stuck,4,5
student,15,53
studied,26,1
study,68,32
stuff,5,9
stumbling,1,1
subject,86,4
subjugation,2,2
submarine,3,6
submitting,3,1
subscribe,4,1
subscription,1,3
subsequently,31,1
subsidized,1,1
substance,11,2
substantial,1,4
substantially,1,2
substitute,9,2
succeed,36,11
succeeded,42,3
success,141,16
successful,38,8
successfully,10,4
successive,4,1
successor,3,1
sucked,1,3
sudden,14,9
suffer,15,5
suffered,15,4
suffering,31,11
sufficient,41,1
suggested,5,4
suggesting,1,2
suggestion,11,1
suggests,1,2
suit,7,2
sum,8,2
summer,14,15
summon,2,5
sun,5,6
sunday,2,6
superior,75,2
supervisor,1,1
supplied,5,1
supply,14,78
support,70,154
supported,15,18
supporter,12,8
supporting,3,18
supposed,5,8
suppress,5,7
suppressing,1,2
suppression,6,8
supremacy,6,5
supreme,32,30
sure,9,217
surely,22,1
surface,8,3
surgeon,1,3
surplus,3,1
surprise,3,10
surprised,12,7
surrender,7,1
surrendering,1,1
surround,2,1
surrounded,5,2
surrounding,3,3
survey,3,3
survive,4,1
survived,2,2
surviving,1,2
suspect,3,7
sustain,4,2
sustained,3,6
swallowed,2,1
swastika,7,1
sweating,1,1
swollen,2,1
sworn,1,16
sympathy,20,2
system,116,84
systematic,16,1
table,13,45
tackling,1,5
tactic,36,1
tactical,10,2
tail,1,2
take,273,273
taken,137,50
taking,53,76
talent,39,4
talented,2,2
talk,37,132
talked,10,39
talking,12,87
tangible,5,4
tariff,1,1
task,125,7
taste,5,2
taught,28,10
tax,1,276
taxpayer,1,8
teach,23,10
teacher,18,33
teaching,69,4
tear,11,5
tearing,1,2
technical,29,3
technician,1,3
technology,3,34
telephone,5,4
tell,13,115
telling,3,13
temperament,5,1
temporarily,5,5
temporary,7,6
ten,36,25
tend,9,1
tendency,33,2
tending,1,1
tends,9,1
tension,3,3
tenth,3,2
term,29,86
termed,1,1
terminate,1,1
terrible,35,11
terrified,1,1
territorial,26,2
territory,98,14
terror,10,6
terrorism,15,17
terrorist,4,26
test,26,57
testament,3,8
tested,1,6
testify,1,1
testing,1,35
text,3,7
th,35,94
thank,6,489
thankful,4,2
thanks,14,49
that,2,2
the,4,13
thee,1,1
theorist,12,2
thin,2,2
thing,160,437
think,104,464
thinking,40,13
third,32,43
thirdly,4,5
thirsty,1,1
thirteen,3,1
thirty,12,1
this,1,6
thorough,13,3
though,156,40
thought,100,82
thoughtful,1,1
thousand,164,96
threat,14,67
threaten,5,6
threatened,15,4
threatening,11,9
threatens,9,2
three,56,151
threshold,1,2
thrive,1,5
thriving,1,6
throat,2,4
throughout,40,36
throw,10,3
thrown,18,5
thursday,2,1
thus,336,12
thwarted,1,1
ticket,1,5
tie,12,2
till,3,3
tilt,1,1
time,659,526
timely,1,3
tipped,1,1
tire,3,1
tired,4,17
title,7,4
today,228,409
together,73,206
told,17,75
tolerance,7,2
tolerate,7,1
toll,1,8
tomb,1,3
tommy,1,3
tomorrow,8,24
tone,13,1
took,91,65
tool,3,50
top,3,49
torch,5,3
tore,1,1
tornado,1,16
torrent,1,1
total,14,31
totally,2,20
touch,4,1
tough,5,19
towards,162,1
tower,1,7
town,30,40
track,1,23
trade,38,18
tradition,24,6
traffic,2,1
trafficked,1,1
tragedy,6,14
tragic,16,2
trail,1,1
train,26,32
trained,35,9
training,97,12
trait,11,1
trampled,3,1
transcends,2,1
transfer,1,5
transferred,7,3
transform,16,9
transformation,12,1
transformed,21,1
transforming,6,7
transmit,2,2
transport,4,2
transporting,1,2
trap,1,1
travel,1,34
treasury,2,5
treat,2,13
treated,11,17
treating,1,3
treatment,6,26
treaty,35,4
tree,6,8
tremendous,19,2
trench,10,7
trend,9,4
trial,5,8
tribal,2,22
tribe,4,6
tribunal,4,3
trick,12,1
tried,37,12
triple,11,4
triumph,45,2
trivial,4,1
troop,32,83
trouble,20,33
true,103,40
truly,3,35
trust,9,24
trusted,1,7
truth,102,74
try,52,46
trying,15,58
tuesday,1,6
turmoil,5,1
turn,82,60
turned,43,18
turning,9,8
twenty,17,1
twice,2,9
twist,2,2
twisted,1,3
two,195,263
twofold,3,1
twothirds,1,2
type,32,17
typical,19,10
typically,1,2
tyranny,9,3
tyrant,1,1
u,278,523
ultimate,13,6
ultimately,8,9
unable,20,7
unadulterated,3,1
unanimous,2,3
uncertain,8,5
uncertainty,11,9
unchecked,3,1
uncomfortable,1,1
uncompromising,6,1
underestimate,1,3
undergone,2,2
underlying,10,1
undermine,9,6
undermining,7,3
understand,93,74
understandable,2,7
understanding,49,13
understands,4,11
understood,50,16
undertake,11,2
undertaken,17,4
undertaking,17,2
undone,1,1
unemployed,4,1
unemployment,4,51
unending,1,1
unfair,2,4
unfolds,1,1
unfortunately,50,7
uniform,26,8
union,35,108
unionist,1,1
unique,10,9
unison,1,1
unit,15,17
unite,6,13
united,41,379
unites,3,2
uniting,2,7
unity,21,13
universal,24,25
universally,3,1
university,9,28
unjustifiable,1,1
unjustly,3,1
unknown,20,7
unless,62,14
unlike,1,10
unlimited,6,3
unmistakable,2,1
unparalleled,5,2
unpopular,2,1
unqualified,1,1
unrelenting,2,3
unsafe,1,1
unseen,1,2
untold,3,2
unusual,3,4
unwavering,1,1
upheld,7,2
uphold,7,11
upholds,1,1
upon,202,12
upset,1,4
urban,3,11
urge,16,3
urged,8,1
urgency,1,4
urgent,6,15
urgently,1,2
us,9,10
use,98,72
used,81,130
useful,17,8
usher,1,1
using,9,22
usual,10,2
usually,16,7
utility,7,10
utmost,5,2
valley,1,5
valuable,23,4
value,86,37
variety,3,1
various,103,2
vary,6,1
varying,3,1
vast,25,27
vehicle,3,54
vengeance,12,1
vernacular,2,1
vessel,17,2
veteran,2,98
vial,1,4
vice,12,79
vicious,1,2
victim,43,3
victimized,1,2
victor,9,2
victory,79,7
view,153,81
viewed,1,3
viewpoint,1,1
vigorously,2,2
village,11,5
violation,4,6
violence,12,53
violent,13,10
virtue,35,1
virulent,3,1
virus,2,26
vision,8,19
visionary,9,1
visit,6,18
visited,2,9
vital,42,23
vividly,2,1
voice,18,25
void,2,1
voluntary,10,5
volunteer,22,3
volunteered,1,1
von,8,1
vote,20,158
voted,9,37
voter,2,25
voting,6,62
wage,26,69
waging,11,1
wait,9,29
waited,5,1
waiting,8,31
waitress,1,1
walk,7,32
walking,3,20
wall,13,47
wander,2,2
want,49,450
wanted,15,38
wanting,5,1
war,290,150
ward,4,1
warfare,10,1
warn,3,1
warned,2,1
warning,14,9
warrant,2,4
wartime,4,2
waste,5,9
watch,8,19
watched,4,8
watching,4,22
water,8,75
wave,9,8
waved,1,1
waving,1,1
way,365,411
we,3,15
weak,45,1
weaken,6,2
weakened,3,1
weaker,15,2
weakest,2,1
weakness,38,3
wealth,9,11
weapon,87,24
wear,5,10
wearing,5,8
wednesday,5,3
week,47,175
weekly,2,6
weight,8,2
welcome,8,24
welcomed,12,2
welfare,21,2
well,107,545
wellbeing,5,5
wellbred,1,1
wellmeaning,1,1
welltrained,1,1
went,48,98
west,5,28
western,20,9
whatever,28,29
whenever,21,8
whereabouts,1,1
whereas,52,1
whereby,18,1
wherever,13,12
whether,85,130
whip,1,1
whispered,1,3
white,26,56
whoever,8,1
whole,244,109
wholesale,2,5
whose,151,16
wide,4,4
widely,3,5
wider,7,2
widespread,2,6
widow,1,1
wife,11,56
wild,10,1
willing,25,23
willingness,4,8
win,36,56
wind,4,33
window,1,10
wing,2,1
winning,18,6
winter,12,27
wipe,7,4
wiped,6,11
wiping,1,1
wire,1,5
wisdom,26,2
wise,15,2
wisely,3,2
wiser,1,1
wish,63,17
wished,21,1
wishing,2,1
with,1,1
withdraw,3,6
withdrawn,1,1
withheld,1,2
within,143,47
without,183,86
withstand,7,5
withstanding,2,2
witnessed,8,3
woke,3,1
wolf,7,3
woman,25,123
wonder,2,15
wondered,8,2
wonderful,10,9
wood,2,3
word,116,61
work,260,335
worked,10,53
worker,79,183
working,42,262
workingclass,3,3
world,354,578
worn,4,1
worried,1,30
worry,5,22
worrying,1,5
worse,30,23
worship,5,1
worst,31,18
worth,42,12
worthy,17,5
would,960,234
wound,7,18
wounded,3,23
wrap,1,1
wrath,7,2
wreath,1,3
write,9,11
writer,19,1
writing,11,3
written,19,15
wrong,39,40
wrote,3,31
x,2,5
yard,3,3
year,302,707
yell,3,1
yellow,2,2
yes,1,71
yesterday,3,42
yet,122,48
yield,4,5
young,131,65
younger,11,1
youngest,1,3
youth,53,4
zone,2,4
,7,8
how,2,1
