Wort,Trump,Hitler,Biden,Bush,Obama
abandoned,12,14,8,1,1
ability,7,52,58,14,41
able,221,145,278,40,93
abortion,15,2,1,2,3
abroad,9,13,8,28,36
absolute,48,36,5,1,1
absolutely,131,42,14,5,24
abuse,41,6,12,4,18
accept,33,27,10,16,28
acceptable,10,2,1,3,3
accepted,9,33,2,5,4
accident,4,6,17,1,2
accomplished,8,15,6,8,4
accomplishment,4,5,1,6,3
according,28,63,30,3,3
account,12,73,11,50,12
accountable,32,1,11,6,29
accounting,5,1,8,3,1
accumulated,1,2,2,1,2
achieve,8,29,10,26,43
achieved,57,47,1,20,11
achievement,22,33,5,24,14
acknowledge,3,10,12,2,17
across,148,5,146,74,114
act,139,74,145,120,133
acted,7,16,3,19,8
acting,12,19,8,9,10
action,45,98,100,52,108
active,5,53,9,11,5
actively,4,2,5,1,2
activity,5,110,8,7,6
actually,657,45,39,5,44
add,67,8,32,16,22
added,46,10,22,6,11
adding,4,1,16,4,9
addition,74,11,28,10,4
additional,19,4,59,18,23
address,25,10,34,45,63
addressing,2,3,14,5,6
adjustment,1,1,1,1,2
administration,376,21,126,45,56
administrator,3,2,8,4,3
admiration,1,20,1,1,2
admired,6,2,3,1,1
admit,21,19,6,2,6
admitted,19,21,1,3,1
adult,4,10,25,13,5
advance,8,15,21,48,24
advanced,7,11,20,10,21
advancing,2,3,7,5,4
advantage,65,42,3,10,13
advice,16,5,9,3,5
advocate,6,5,9,3,5
affair,10,87,10,3,3
affect,25,5,16,7,6
affected,10,16,11,12,8
afford,28,10,39,13,74
afraid,89,9,7,4,5
africa,14,3,22,28,35
african,34,5,2,12,24
afternoon,12,6,19,1,10
age,67,50,76,18,35
agency,22,1,35,27,15
agent,43,2,14,26,5
aggression,2,4,8,8,7
aggressive,9,5,3,13,4
ago,622,35,113,47,121
agree,75,6,31,15,90
agreed,26,3,25,8,14
agreement,37,8,36,20,48
agriculture,29,1,8,1,3
ahead,102,8,64,37,63
aid,10,11,12,45,10
aim,1,165,2,10,4
air,116,15,42,17,19
alliance,6,135,12,6,22
allow,188,48,47,39,42
allowed,318,38,14,14,28
allowing,39,16,11,12,5
allows,10,4,9,8,13
ally,16,46,95,60,74
almost,320,103,49,19,29
alone,85,96,28,19,54
along,236,35,69,30,44
alongside,6,1,14,3,3
already,179,124,128,36,117
also,609,322,326,157,314
alternative,4,19,11,15,5
always,414,320,124,50,112
amazing,194,6,11,5,11
ambition,1,7,19,18,6
ambitious,2,3,9,5,4
america,1214,15,561,524,688
american,1144,18,750,443,834
amid,1,8,2,2,5
among,39,220,66,23,30
amount,86,40,30,8,16
analysis,3,7,5,3,2
ancestor,10,8,1,1,2
ancient,6,20,2,3,5
anger,15,10,6,6,5
angry,69,3,3,3,3
anniversary,3,3,7,3,5
announce,34,1,6,7,6
announced,74,8,55,7,17
announcement,10,1,8,4,5
announcing,13,1,30,5,12
annual,2,1,5,5,5
another,351,178,136,50,104
answer,83,38,45,17,49
answered,4,12,1,4,3
answering,1,3,2,1,1
anticipated,6,3,6,2,2
anxious,1,7,5,3,2
anybody,398,15,45,2,16
anyone,100,27,61,11,32
anything,710,56,76,8,26
anywhere,156,4,13,8,12
apart,17,35,10,4,18
appeal,15,38,8,4,4
appear,8,40,1,2,2
appeared,4,49,1,1,3
applied,6,17,2,1,3
apply,3,10,4,10,15
appoint,14,2,1,3,1
appointed,26,12,7,2,6
appreciate,190,13,15,51,8
appreciated,3,12,1,1,1
approach,6,8,14,11,51
approaching,1,9,1,3,3
appropriate,19,3,11,5,2
approved,100,3,19,4,7
april,20,2,14,3,3
area,111,28,64,32,43
argue,1,2,5,8,21
argument,4,33,5,1,36
arm,74,38,27,14,25
armed,17,11,11,22,10
army,48,138,10,38,20
around,241,30,206,52,138
arrest,25,7,1,3,3
arrested,18,3,2,5,1
arrive,15,10,3,3,5
arrived,18,20,4,6,11
arrives,1,2,1,2,1
arsenal,2,1,9,2,2
art,4,78,1,1,4
article,21,8,3,1,2
artificial,2,6,4,2,1
asia,28,2,5,11,23
asian,16,1,7,1,8
aside,9,13,19,10,27
ask,196,21,62,81,74
asked,139,19,73,25,37
asking,71,3,38,8,31
asleep,3,1,1,1,1
aspect,5,20,4,5,7
assault,31,10,29,2,1
assembly,5,22,2,9,14
asset,15,6,10,9,4
assistance,1,21,42,20,17
associate,1,6,1,1,2
association,8,59,11,8,2
assume,24,25,3,5,4
assure,1,16,5,4,4
assured,1,24,3,1,1
atlantic,1,1,5,4,4
attack,139,82,79,89,54
attacked,55,19,17,11,10
attempt,12,108,6,7,8
attempted,4,8,2,2,1
attend,2,16,8,1,3
attending,2,7,4,1,1
attention,3,89,6,10,11
attitude,5,155,7,1,8
audience,32,18,11,1,12
august,7,18,13,2,9
author,2,16,2,7,1
authority,43,140,20,22,19
automobile,19,1,15,2,1
available,42,13,82,17,16
average,39,34,48,7,19
avoid,4,14,6,9,16
awarded,2,1,3,1,1
aware,4,15,5,1,7
away,457,65,77,30,91
baby,105,1,11,12,4
back,1553,63,455,74,230
backed,12,1,5,4,2
background,9,14,28,6,19
backing,6,5,2,1,1
bad,855,31,33,7,38
balance,5,19,3,9,12
ballot,536,2,12,3,14
ban,159,1,21,2,5
bank,71,5,24,16,53
banner,2,14,2,2,2
barrier,3,7,4,6,12
base,87,18,13,8,15
based,55,59,39,18,42
basic,9,4,17,26,51
basis,16,69,9,4,10
battery,40,2,20,3,8
battle,60,31,29,23,30
battlefield,1,13,10,6,9
bay,9,2,2,1,7
bear,18,39,18,6,22
beating,66,2,4,1,4
beautiful,532,8,8,2,7
became,77,157,24,7,19
become,156,249,40,12,41
becomes,19,41,5,4,9
becoming,20,41,8,6,9
bed,18,4,16,4,5
began,13,104,32,14,37
begin,61,36,45,30,76
beginning,105,64,46,27,42
begun,23,20,6,15,22
behalf,10,16,4,5,19
behind,149,37,72,46,54
being,9,32,3,7,19
belief,27,61,7,17,43
believe,793,79,122,82,239
believed,39,47,8,8,25
belong,33,29,10,1,5
belongs,31,18,1,4,6
beloved,12,6,5,2,3
bench,4,2,5,5,5
bend,20,1,1,1,7
benefit,18,18,60,44,56
benefited,1,6,1,2,2
berlin,4,26,2,6,4
best,358,135,138,73,120
betray,9,3,1,1,2
better,575,145,272,109,219
beyond,49,42,48,32,54
bias,3,2,1,1,8
big,1094,30,115,11,90
bigger,181,2,14,2,23
biggest,295,1,22,3,22
bill,212,2,262,84,129
billion,717,1,149,34,46
birthday,18,1,12,1,3
bit,213,4,43,1,12
bitter,2,33,4,1,3
black,87,20,55,1,28
blame,43,15,2,3,11
bless,79,2,61,35,74
blessed,2,2,1,7,6
blessing,1,13,1,2,7
block,16,1,17,3,9
blood,68,123,8,7,22
bloody,2,4,6,1,5
blow,50,25,3,7,11
blue,37,2,17,1,8
board,48,3,32,8,7
body,28,121,5,14,11
bold,9,3,5,3,10
bomb,37,2,4,8,9
bond,8,6,1,3,14
book,35,48,13,2,6
booming,3,1,1,1,4
border,1093,2,36,101,60
born,24,33,12,13,30
borrow,5,1,4,1,1
bos,19,1,1,1,5
bottom,42,2,50,3,13
bought,49,5,6,2,9
bound,5,67,5,6,14
boy,68,42,15,8,14
branch,10,29,3,5,2
brand,61,3,1,2,3
brave,55,6,16,15,15
bravely,4,1,4,2,2
break,98,37,36,16,52
breaking,24,9,7,2,3
breast,1,2,2,1,3
bridge,2,2,94,3,42
brief,2,2,6,2,5
bright,2,1,1,2,4
brilliant,70,14,3,1,2
bring,218,86,70,63,79
bringing,71,27,24,10,18
brings,10,16,9,12,15
brink,5,2,4,1,7
british,1,74,1,5,5
broad,3,83,11,11,14
broader,1,1,3,17,21
broke,92,29,5,4,10
broken,54,40,8,8,29
brother,13,3,29,2,23
brought,141,79,26,23,33
brutal,24,21,4,11,3
brutality,1,5,3,5,1
budget,15,1,6,33,71
build,177,17,262,70,111
building,186,49,80,23,56
built,257,14,72,8,73
bullet,9,4,7,3,9
bully,7,1,1,2,2
burden,3,14,16,12,40
burn,29,2,8,2,2
burning,20,4,10,3,2
business,232,42,125,63,338
busy,14,8,4,1,5
buy,143,2,26,16,31
buying,42,2,8,3,12
cabinet,3,11,11,7,2
call,624,76,100,40,67
called,415,112,59,38,45
calling,74,17,21,18,8
came,757,122,92,26,67
camp,7,20,4,19,4
campaign,223,31,10,16,38
candidate,157,4,7,4,13
cannot,147,184,39,34,120
capability,11,13,13,8,11
capable,18,70,9,13,2
capacity,10,37,50,4,38
capital,83,32,18,15,14
capture,3,1,3,1,6
captured,1,1,2,12,4
car,276,1,29,17,45
card,16,4,10,12,16
care,292,26,161,101,259
cared,4,4,2,2,3
career,49,18,19,10,24
careful,55,13,6,3,4
carefully,6,27,5,6,7
caring,1,3,7,7,4
carried,10,83,6,8,17
carry,26,64,18,17,21
carrying,9,20,15,4,4
case,369,252,95,28,38
cast,94,11,7,4,15
catch,128,2,4,8,7
category,18,6,5,1,1
catholic,56,24,6,2,2
caught,115,2,6,3,5
cause,24,157,29,68,50
caused,61,23,22,6,7
celebrate,10,2,9,3,8
celebration,1,4,2,3,4
cell,5,6,8,74,8
central,32,32,13,9,20
century,16,65,84,41,105
certain,133,239,30,20,39
certainly,45,55,2,2,13
chain,50,6,50,1,2
chair,47,5,20,2,3
chairman,39,21,24,14,5
chamber,3,10,16,19,35
champion,40,42,7,1,2
chance,117,38,71,30,106
change,151,79,164,57,240
changed,69,19,31,16,24
changing,26,9,29,9,11
chaos,26,6,8,18,4
chapter,2,4,3,5,13
character,5,143,8,36,24
charge,183,12,20,10,16
charged,34,2,2,6,11
cheaper,13,1,8,1,6
check,84,7,27,9,24
cherished,10,4,2,2,3
chief,31,41,28,15,13
child,329,63,361,196,269
china,1048,1,65,12,34
choice,180,10,36,58,77
choose,4,10,22,28,60
chose,4,10,3,4,6
chosen,1,35,2,9,6
christian,40,21,3,2,17
christmas,44,1,18,3,2
church,32,36,11,9,29
circle,27,95,2,1,3
circumstance,13,57,46,9,14
citizen,186,67,42,165,135
citizenship,25,11,3,14,23
city,408,77,55,55,41
civic,5,11,1,6,3
civil,40,33,46,8,44
civilian,10,3,28,21,35
claim,13,26,19,10,25
class,80,165,95,12,81
clean,81,1,76,13,72
clear,45,83,116,59,100
cleared,2,4,2,4,1
clearly,4,58,16,7,8
climate,31,6,171,3,35
climb,12,2,2,2,7
close,250,27,74,7,39
closed,60,4,13,2,14
closely,20,7,23,12,4
closer,20,10,19,7,9
closing,20,1,11,2,5
coal,30,5,19,3,9
coalition,10,25,7,50,23
coast,26,2,16,29,14
code,7,6,25,10,29
cold,55,9,13,8,17
collapse,13,69,4,8,5
colleague,3,3,31,1,10
collect,3,5,4,2,3
collective,1,2,19,1,13
college,44,4,60,19,145
combat,8,12,12,14,35
combined,16,13,28,3,4
come,1125,186,263,136,280
coming,707,27,86,52,58
command,3,16,5,5,2
commander,11,3,27,21,4
commerce,1,11,9,3,18
commission,8,2,14,4,16
commit,9,5,11,7,12
committed,22,19,28,15,23
committee,73,37,24,6,10
committing,5,1,8,2,2
common,88,109,13,25,97
communication,2,3,11,8,2
communist,134,9,1,1,1
community,92,109,180,57,176
company,188,19,94,27,191
compare,12,11,1,2,1
compared,53,20,5,2,5
compete,11,5,34,12,28
competent,10,10,1,1,3
competition,19,5,31,6,30
competitive,5,1,22,13,18
competitor,7,3,10,1,6
complacent,2,1,3,1,2
complete,49,42,12,10,20
completed,26,11,2,1,5
completely,52,56,12,3,3
complex,14,2,5,6,9
comprehensive,6,8,6,26,30
concentrated,2,16,1,1,3
concern,4,22,27,8,33
concerned,25,42,8,11,7
conclude,2,4,5,2,2
concluded,2,7,5,5,1
conclusion,34,29,3,5,3
condemn,7,4,2,2,3
condition,42,173,27,16,32
conduct,5,53,5,12,8
conducted,8,16,1,3,3
conducting,3,6,3,4,2
conference,15,3,9,4,8
confidence,38,28,15,27,40
confident,17,3,16,21,22
confirm,6,7,1,1,3
confirmed,9,8,16,3,3
conflict,9,62,29,25,55
confront,6,1,10,33,17
confronted,3,11,1,7,5
congratulation,51,1,5,1,3
congress,237,3,90,183,213
conscience,3,18,2,19,7
consensus,2,1,18,1,13
consequence,8,88,33,21,21
conservative,121,8,3,7,4
consider,43,56,5,13,26
considered,39,99,4,4,5
conspiracy,5,4,2,2,1
constant,3,18,14,2,17
constantly,7,28,5,2,3
constitution,80,25,18,15,15
constitutional,23,9,3,6,7
construction,19,5,6,2,22
constructive,1,14,3,1,7
consumer,4,1,23,9,25
contact,1,21,20,1,1
contained,1,5,3,2,3
content,19,27,2,2,2
contest,16,3,2,3,6
context,1,1,3,2,7
continent,20,18,2,11,11
continue,95,49,162,91,106
continued,8,25,18,8,14
continues,12,2,18,13,15
continuing,9,3,29,8,7
contract,5,3,4,2,3
contrary,2,68,1,2,6
contrast,13,15,1,1,2
contribute,1,9,4,7,9
contributed,1,11,1,1,4
contribution,7,9,10,12,7
control,126,40,30,32,38
conversation,42,1,23,1,20
conviction,7,71,4,15,16
convince,9,6,5,3,5
convinced,4,46,12,1,13
cool,13,4,1,1,3
cooperation,2,7,24,12,23
coordinate,2,1,4,3,2
core,7,1,11,2,20
corner,30,6,8,5,16
corp,5,5,13,22,6
corporate,5,2,21,5,17
corporation,6,2,65,3,19
correct,41,26,5,6,1
corrupt,358,8,3,1,3
corruption,53,9,11,6,14
cost,150,23,216,44,155
costly,5,1,1,1,14
could,944,560,158,90,172
council,6,10,16,39,9
count,46,18,14,2,7
counted,49,6,7,2,2
counter,9,6,4,3,3
counterpart,1,4,3,3,4
counting,32,3,10,1,3
country,3670,168,516,319,515
couple,192,7,31,5,29
courage,77,57,35,46,57
courageous,11,11,5,5,1
course,122,207,26,41,70
court,273,20,60,14,40
cover,38,8,27,5,15
covered,35,6,9,5,5
crack,13,2,2,1,3
crash,15,1,9,3,1
create,17,22,65,44,93
created,91,45,41,22,48
creating,18,7,34,16,23
creation,11,17,23,5,14
creator,1,15,5,4,5
credit,87,5,65,34,59
crew,6,2,9,1,2
crime,370,20,20,13,10
criminal,271,46,10,14,20
crisis,34,6,108,36,102
critic,3,3,2,9,5
critical,73,15,72,14,22
criticism,2,19,1,6,2
cross,10,4,16,14,10
crossed,27,1,1,3,6
crossing,15,4,2,11,6
crowd,188,22,7,2,5
crowded,13,3,6,1,2
cruel,8,4,4,1,1
cure,10,8,5,10,7
current,19,18,12,23,15
custom,3,10,1,7,2
cut,344,9,117,42,161
daily,5,50,5,8,14
damage,71,18,45,2,9
damaged,1,1,6,5,1
danger,60,79,12,63,28
dangerous,152,28,43,26,18
dare,2,11,5,1,1
dark,16,10,6,6,6
darkest,1,1,2,3,5
darkness,1,3,5,1,7
data,8,3,27,1,4
date,35,15,8,7,8
daughter,31,3,42,6,32
david,125,2,5,5,6
day,1041,283,332,142,215
de,12,4,1,2,5
dead,131,24,12,6,6
deadly,45,7,6,8,3
deal,724,45,143,20,47
dealing,60,26,38,6,10
dealt,22,24,10,2,7
dear,8,3,7,3,1
dearly,3,5,2,1,1
death,168,52,33,32,19
debate,110,7,19,26,102
debated,3,1,7,1,9
debt,59,3,79,10,62
decade,104,12,78,36,143
december,5,5,7,1,7
decency,1,4,10,6,10
decent,5,16,24,14,20
decide,20,27,9,3,12
decided,60,50,19,8,16
decimated,24,1,1,2,1
decision,127,78,56,62,66
decisive,1,26,9,11,5
declaration,2,6,21,5,6
declared,13,22,3,15,10
decline,40,27,7,6,11
declining,1,1,4,3,4
decrease,4,3,3,1,1
dedicated,2,2,6,5,4
deemed,1,5,1,1,1
deep,78,6,14,15,17
deeper,4,10,1,4,10
deepest,6,2,1,8,3
deeply,5,17,9,8,12
defeat,71,29,9,22,20
defeated,69,6,8,10,2
defend,169,48,39,51,30
defended,11,7,2,7,3
defending,32,14,15,5,4
define,8,2,5,5,14
defined,3,8,4,4,18
degree,23,63,32,1,20
delay,16,2,12,3,7
deliver,19,5,38,14,20
delivered,18,21,14,10,7
delivering,13,6,14,6,1
demand,18,66,14,41,35
demanded,4,17,1,3,2
demanding,13,2,2,4,7
democracy,118,69,148,101,126
democrat,854,22,62,11,94
democratic,6,47,45,41,57
denied,10,12,11,6,27
deny,4,12,12,14,18
department,111,13,81,39,13
depend,1,13,6,12,18
dependence,2,2,2,4,7
dependent,1,20,2,9,3
depending,6,2,6,1,2
depends,10,15,13,12,26
depression,34,3,6,7,22
depth,2,9,4,2,8
described,3,18,5,4,7
desert,12,6,1,4,5
deserve,38,6,18,24,49
deserves,6,7,8,7,15
design,2,9,4,8,9
designed,10,5,17,6,17
desire,2,29,3,12,9
despair,2,10,4,10,7
despite,74,21,19,5,24
destiny,5,39,1,6,23
destroy,145,26,4,11,8
destroyed,137,22,6,18,5
destroying,119,9,4,3,1
destruction,84,47,19,47,13
destructive,14,15,2,6,4
detail,14,17,22,3,10
detailed,5,5,5,3,1
determination,5,45,7,11,20
determine,16,8,21,8,14
determined,13,55,26,25,23
devastating,30,7,21,3,3
develop,6,26,11,27,22
developed,12,54,10,5,7
developing,11,16,22,22,13
development,25,130,27,18,37
devotion,13,14,6,1,1
dictate,2,8,2,3,5
dictator,43,2,4,18,12
die,62,21,17,6,3
died,63,9,22,9,15
difference,113,34,32,22,77
different,318,107,75,51,87
differently,27,4,4,6,10
difficult,33,87,38,41,57
difficulty,7,25,3,2,4
dignity,33,17,69,42,64
diplomacy,1,6,14,15,28
diplomatic,1,4,4,6,8
direct,21,24,17,9,15
directed,6,43,6,11,4
directing,2,5,6,2,3
direction,20,32,19,11,8
directly,8,11,19,9,11
director,11,5,14,10,4
disadvantage,4,3,3,1,4
disappointed,15,1,2,6,1
disappointment,1,2,2,9,2
disaster,216,21,43,17,12
discipline,1,20,2,3,6
discrimination,7,2,8,1,14
discus,22,9,15,13,10
discussed,12,10,10,1,2
discussing,5,3,3,6,3
discussion,20,34,11,6,15
disease,16,36,27,36,21
dismissed,2,1,1,1,2
display,4,9,2,1,2
disposal,5,17,4,1,1
dispute,7,12,1,1,10
disrupt,1,1,4,7,7
disruption,1,7,12,6,7
distance,6,6,3,4,12
distant,15,6,2,6,7
distinction,2,13,5,3,4
distinguished,3,4,10,14,8
district,56,27,28,7,15
divided,4,6,5,2,9
dividing,2,1,2,1,1
division,9,20,8,11,22
doctor,123,3,37,25,34
document,89,6,15,5,8
domestic,21,11,16,8,8
dominate,3,12,5,7,1
done,1107,89,281,55,150
door,37,12,14,5,31
dose,1,1,10,2,1
double,35,2,14,12,12
doubled,14,1,3,7,11
doubt,31,25,12,12,33
dozen,7,7,9,9,5
dr,36,12,38,5,20
draft,1,1,1,3,1
dramatic,3,2,6,9,1
drastically,10,1,2,1,1
draw,6,24,6,5,19
drawing,9,10,1,4,5
drawn,1,13,1,5,10
dream,79,16,12,24,85
drill,96,3,1,1,2
drive,67,9,30,9,25
driven,6,13,3,3,7
driver,4,1,19,3,3
driving,32,8,13,2,11
drop,56,9,19,1,8
dropped,32,3,9,5,5
drove,13,5,3,2,8
drug,419,1,89,69,17
dust,7,2,1,1,2
duty,17,124,24,48,12
dying,60,4,20,8,6
dynamic,1,2,11,4,7
ear,7,12,8,2,2
earlier,41,11,39,4,17
early,105,44,47,17,19
earn,4,10,8,6,28
earned,11,2,12,7,25
earth,30,60,6,16,63
ease,3,7,19,4,3
easier,34,23,24,9,30
easily,73,66,4,2,5
east,99,10,23,94,38
eastern,6,11,7,6,6
easy,182,21,17,16,43
eat,7,3,3,2,2
economic,88,169,140,79,115
economics,3,9,20,1,9
economy,252,6,308,121,337
educated,2,13,21,4,6
educating,1,3,2,1,4
education,71,92,88,36,151
educational,12,26,6,1,3
edward,3,2,6,1,1
effect,16,128,19,5,17
effective,21,36,18,29,12
effectively,13,13,3,9,5
efficiency,4,22,3,1,7
effort,50,108,109,103,155
egg,4,2,1,5,2
egyptian,1,1,2,3,2
eight,107,18,28,14,21
either,103,54,29,6,22
elderly,15,1,8,4,4
elected,92,7,40,16,35
election,1539,19,64,43,64
electoral,5,3,2,1,1
electric,165,1,71,6,6
element,21,140,13,11,9
elementary,2,8,2,1,5
eliminate,19,5,9,10,18
eliminated,22,10,1,1,5
eliminating,4,6,3,5,5
else,279,46,54,2,44
elsewhere,7,17,4,4,5
embrace,6,8,9,3,25
emerge,2,4,4,7,7
emerged,3,8,7,2,7
emotional,3,8,3,3,2
empire,6,60,1,8,5
employ,1,14,3,3,2
employed,5,52,2,2,1
employee,14,17,31,16,19
employer,1,21,12,21,22
employment,7,11,16,1,6
empty,18,10,13,3,8
enable,2,20,5,2,2
encourage,4,3,10,28,29
encouraging,1,7,4,12,8
end,456,207,131,59,162
ended,207,7,18,16,12
ending,28,3,11,9,12
endless,39,10,2,2,14
endure,5,19,1,2,8
enduring,2,6,8,3,18
enemy,117,164,23,116,20
energy,496,52,102,46,181
enforce,9,4,1,6,9
enforcement,181,2,47,35,25
enforcing,3,2,3,2,2
engaged,9,13,14,10,3
engagement,2,2,10,1,18
engine,9,1,2,1,14
engineer,4,4,11,5,11
engineering,3,2,1,1,10
england,12,7,2,2,1
english,9,9,4,3,9
enjoy,14,7,1,3,9
enormous,2,30,29,3,20
enough,126,42,97,25,67
ensure,47,5,44,43,47
ensuring,7,4,6,2,8
enter,2,24,2,9,5
entered,9,21,1,4,3
entering,7,10,1,5,4
enterprise,5,18,6,15,11
entire,115,12,55,13,42
entirely,10,55,5,2,3
environment,30,5,16,10,7
envy,10,7,2,1,7
epidemic,2,3,4,1,5
equal,16,34,28,12,50
equality,2,12,16,2,17
equally,6,17,11,4,2
equip,1,2,4,1,7
equipment,155,8,9,9,10
equipped,9,2,2,2,1
equivalent,1,2,2,1,2
era,1,15,9,9,15
error,24,20,1,3,2
escape,3,7,7,5,6
especially,78,126,52,19,37
essential,4,62,24,30,20
essentially,38,11,6,1,5
establish,4,37,8,20,5
established,5,51,11,3,13
estimate,6,15,9,1,1
europe,106,73,27,23,28
european,16,30,13,8,7
even,1542,470,156,67,245
evening,88,26,4,17,5
event,59,47,24,13,16
eventually,16,23,6,9,11
ever,1659,88,181,24,89
every,929,270,394,238,405
everybody,573,25,90,3,101
everyone,234,23,106,11,61
everything,555,82,146,16,67
everywhere,22,19,34,12,12
evidence,70,20,23,15,14
evil,54,60,6,37,11
exactly,111,11,32,6,23
example,81,82,118,27,73
excellence,2,4,3,2,1
except,77,41,4,5,5
exceptional,6,5,2,3,6
excess,7,3,1,2,4
excuse,29,13,39,7,13
executive,64,5,26,12,21
exercise,3,27,5,3,8
exist,10,58,5,5,16
existence,1,238,6,2,3
existing,21,32,7,4,4
exists,2,36,6,2,6
exit,6,1,1,1,2
expand,13,2,24,19,31
expanded,2,2,9,10,8
expanding,3,1,17,16,12
expansion,3,15,4,5,9
expect,11,21,14,33,37
expectation,5,1,9,5,13
expected,22,12,7,5,6
expense,5,12,5,8,12
experience,29,71,15,16,41
experienced,7,9,9,6,2
experiment,2,8,2,4,5
expert,23,11,24,7,12
explain,48,21,10,6,5
explaining,7,2,2,1,2
exploit,1,16,2,1,2
export,10,1,4,6,19
expose,11,4,3,2,1
exposed,16,3,11,1,6
express,13,18,8,2,9
expressed,1,24,3,3,7
expression,19,43,16,1,11
extend,8,10,20,19,15
extended,4,8,13,2,9
extends,1,1,3,1,7
extraordinary,9,11,19,4,24
extreme,22,26,54,1,9
extremely,30,7,8,2,1
extremist,31,4,2,32,30
eye,62,86,26,6,33
f,13,8,2,1,5
face,65,84,68,55,101
faced,5,18,15,19,24
facility,7,3,26,10,6
facing,7,5,27,12,10
fact,319,329,178,23,114
factor,10,46,1,1,3
factory,75,17,10,4,32
fail,13,24,10,9,23
failed,70,50,21,21,16
failing,40,10,2,5,5
failure,20,48,7,20,26
fair,153,2,103,24,69
fairly,20,2,6,2,8
faith,51,74,34,36,80
faithful,1,12,3,5,2
fall,38,39,30,14,39
fallen,4,9,18,7,14
falling,33,10,12,2,8
false,39,32,5,4,15
familiar,6,9,2,4,2
family,392,17,422,96,332
far,439,130,72,37,52
farm,57,1,5,1,8
farmer,216,6,5,8,11
fascism,21,1,1,2,6
fast,133,3,28,5,14
faster,20,1,33,4,23
fate,6,82,3,7,8
father,112,38,34,9,37
fault,19,13,1,2,4
fear,19,46,18,40,67
feared,26,15,1,1,2
february,13,6,6,2,1
federal,169,28,169,94,42
feed,6,2,4,8,14
feel,75,73,40,17,65
feeling,40,124,16,2,15
fell,14,25,5,2,3
fellow,32,22,35,60,52
felt,42,82,12,14,21
fewer,14,2,24,12,21
field,52,56,18,16,21
fifth,19,1,8,1,3
fight,335,163,83,82,73
fighting,231,119,38,31,30
figure,54,5,16,2,11
fill,32,14,3,10,13
filled,24,23,3,8,6
final,35,79,20,11,22
finally,64,163,57,14,75
finance,25,21,9,6,10
financial,13,29,27,51,104
find,189,122,73,58,74
finding,29,7,12,12,9
fine,104,15,12,13,5
finger,17,6,1,4,6
finish,79,8,26,7,14
finished,78,2,14,2,5
fire,86,24,71,19,10
firing,3,1,3,3,2
firm,28,19,11,13,25
first,960,416,297,109,211
firsthand,2,1,3,3,2
fit,7,14,5,3,8
five,299,24,72,30,38
fix,37,6,12,5,29
fixed,36,23,3,1,5
flag,82,37,11,7,23
fled,6,1,1,2,2
flew,14,1,8,1,1
flight,7,3,21,6,10
flood,11,4,12,6,5
floor,20,2,16,2,12
flow,15,2,8,6,7
flowing,6,2,1,2,3
flying,38,2,6,2,3
focus,16,1,33,30,53
foe,2,6,1,2,3
folk,6,5,237,17,107
follow,34,38,23,12,27
followed,12,52,7,15,16
follower,2,53,1,2,1
following,41,75,11,7,8
food,28,16,41,15,14
foot,93,11,18,4,17
force,238,222,99,128,132
forced,30,67,9,6,13
forcing,4,4,1,1,5
foreign,163,136,25,31,47
forest,2,2,19,2,1
forever,33,4,11,8,11
forget,198,36,20,19,13
forgot,19,3,6,1,3
form,57,211,7,8,20
formed,13,50,2,3,2
former,54,57,58,15,16
forth,22,19,8,7,6
forum,3,4,16,2,3
forward,65,52,79,48,131
fought,140,33,14,17,43
found,125,121,34,36,37
foundation,15,87,14,8,31
founded,7,38,3,3,12
founding,28,9,8,10,26
four,585,36,99,35,51
fourth,23,8,9,9,10
france,50,86,12,1,3
frank,5,4,4,2,2
frankly,135,3,17,2,4
fraud,145,2,4,1,8
free,295,54,90,127,95
freed,3,2,1,2,3
freedom,154,57,69,232,96
freely,1,9,2,2,6
fresh,2,24,3,1,5
friend,292,12,129,65,86
friendship,2,9,3,3,16
front,100,100,28,10,15
frontier,8,49,1,4,5
frontline,3,1,1,2,1
fuel,17,1,14,10,18
fulfilled,9,23,2,5,3
fulfilling,1,8,1,3,7
full,39,42,61,28,59
fully,65,27,76,23,12
fun,48,1,2,2,1
function,3,29,6,5,7
fund,30,12,17,43,23
fundamental,3,77,23,15,21
funeral,6,3,3,2,1
future,114,185,130,95,272
g,5,1,30,3,7
gain,24,37,21,21,14
gained,7,46,2,3,7
game,94,11,22,1,14
gap,4,1,7,3,16
gas,100,5,73,7,56
gate,17,2,6,3,5
gather,6,6,4,9,14
gathered,5,8,3,6,9
gathering,1,7,4,7,2
gave,380,56,38,16,34
general,343,207,47,35,19
generally,10,55,1,1,3
generation,33,53,57,52,149
generous,2,3,1,5,6
gentleman,102,30,8,9,1
george,41,3,12,30,22
germany,50,311,19,7,7
get,2477,44,940,83,366
getting,378,14,146,8,61
giant,43,4,15,2,2
gift,20,29,7,15,14
girl,15,14,13,16,24
give,658,116,142,79,213
given,107,89,40,42,48
giving,92,22,21,22,31
glad,25,1,6,5,5
globe,4,12,5,5,32
glory,3,14,3,1,3
go,1979,77,341,56,178
goal,30,44,51,65,72
god,233,31,186,56,123
going,5337,12,1195,91,322
gone,252,17,51,13,26
good,1722,118,265,160,236
goodness,11,1,3,3,5
got,2264,20,307,52,191
governing,3,10,2,5,3
government,182,152,118,235,272
grace,3,3,13,5,47
grade,3,8,15,9,4
gradually,1,93,1,2,3
grand,33,4,18,3,1
grandchild,8,1,12,9,15
grant,24,8,22,16,11
granted,5,14,15,6,9
grateful,8,8,15,21,21
gratitude,9,4,4,7,9
grave,6,29,1,9,3
great,3081,366,125,179,139
greater,60,69,20,46,49
greatest,503,54,26,20,34
greatness,31,40,2,7,6
green,110,1,11,3,5
grew,13,22,29,4,11
grief,3,1,5,7,9
ground,51,70,65,17,39
group,250,101,42,49,41
grow,12,17,40,22,63
growing,22,16,35,29,66
grown,2,17,5,4,11
grows,1,7,3,6,11
growth,18,18,41,31,75
guarantee,33,36,18,7,13
guaranteed,9,15,2,1,3
guard,44,23,13,28,7
guest,3,4,8,14,8
guidance,1,3,4,2,1
guided,2,4,2,8,8
guiding,1,13,4,2,1
gulf,2,7,10,24,19
half,298,28,87,29,55
hall,13,69,9,10,18
halt,7,2,2,1,2
hand,108,230,33,22,63
handful,2,6,1,2,7
happen,719,36,73,18,65
happened,841,42,79,15,36
happening,408,14,44,6,16
happens,223,25,18,3,25
happiness,3,8,3,1,11
happy,168,16,9,5,8
hard,298,38,98,67,158
harden,2,2,1,1,1
harder,60,3,13,4,40
hardest,14,3,8,6,6
hardship,1,7,4,3,21
hardworking,78,2,14,11,22
harm,16,8,21,16,18
hate,171,12,24,4,13
hatred,16,35,3,19,10
head,150,40,29,7,22
headed,23,2,9,3,2
headquarters,2,4,3,2,1
heal,5,1,9,1,3
healing,1,1,1,2,2
health,47,18,119,134,252
healthy,10,29,3,8,19
hear,320,8,59,16,45
heard,366,20,66,9,39
hearing,69,5,29,3,13
heart,76,83,43,33,53
heat,19,3,11,2,5
heaven,34,22,1,3,4
heavy,14,11,11,4,6
heir,2,2,1,2,3
held,41,69,19,15,29
hell,663,4,56,14,1
help,235,67,287,226,270
helped,65,20,50,25,48
helping,17,6,51,35,48
hero,85,28,23,6,13
heroic,2,37,4,3,7
hesitate,3,4,2,2,7
hesitation,1,8,1,1,1
hidden,5,9,4,5,5
hide,9,2,11,11,2
high,174,53,117,36,68
higher,108,95,52,20,72
highest,165,54,27,12,25
highly,70,18,13,5,5
highway,10,1,47,3,9
hill,13,1,8,3,8
hire,38,1,9,6,33
historic,68,2,48,23,14
historical,1,36,9,2,3
history,1063,142,158,87,148
hit,210,8,45,5,25
hold,91,83,47,25,65
holding,15,26,1,6,11
holy,3,3,5,5,13
home,316,95,296,97,212
homeland,7,2,14,51,16
honest,118,39,15,7,24
honestly,54,6,3,1,8
honesty,5,13,4,1,4
hope,211,55,86,121,138
hopeful,1,1,5,26,29
hoping,3,5,2,2,5
horizon,1,7,5,2,8
horror,33,12,3,13,5
horse,7,8,1,4,2
hospital,33,12,56,16,19
hospitality,1,3,3,2,2
host,3,5,3,3,3
hostile,17,22,2,5,4
hot,30,1,1,1,3
hotel,28,2,8,1,1
hour,146,73,110,22,27
house,395,42,117,56,88
housing,14,2,30,15,27
houston,15,1,3,4,1
however,17,114,5,16,8
huge,15,9,7,12,24
human,84,209,92,109,114
humanitarian,7,3,15,4,5
humanity,6,41,9,13,17
hundred,397,109,45,18,41
hungry,3,4,3,2,5
hunting,7,2,2,5,1
hurt,101,1,13,3,17
husband,49,5,30,8,5
idea,194,294,70,17,181
identified,4,3,4,1,4
identify,6,5,5,4,2
identity,6,3,2,2,7
ignore,3,5,3,6,12
ignored,2,15,6,1,4
ii,11,6,20,4,15
ill,65,7,1,6,30
illegal,343,3,6,27,13
illusion,1,14,1,4,3
image,9,9,5,10,6
imagine,188,26,30,4,18
immediate,5,13,19,15,7
immediately,221,37,18,11,4
immigrant,26,1,5,30,55
impact,28,1,70,4,22
impartial,3,6,1,3,1
imperative,1,5,9,1,9
imperfect,1,1,1,1,3
implement,10,1,11,4,2
importance,4,132,7,7,2
important,317,99,107,80,110
impose,24,10,10,8,8
imposed,6,13,6,2,5
imposing,3,7,3,2,2
impossible,39,79,3,7,5
improve,1,8,15,29,33
include,13,7,13,7,5
included,19,7,7,3,3
includes,35,6,31,10,20
including,207,9,150,34,60
inclusion,3,1,1,1,1
income,19,1,52,24,44
increase,91,56,100,40,38
increased,11,41,15,3,20
increasing,10,33,35,17,8
incredible,664,20,44,4,17
indeed,22,97,3,1,13
indefinitely,1,7,2,1,2
independence,53,39,16,10,14
independent,83,29,25,10,24
india,29,11,15,7,9
indian,21,3,15,4,1
individual,40,284,26,22,65
industrial,9,14,6,1,2
industry,108,17,31,12,84
inevitable,2,20,2,3,6
infected,5,7,5,5,2
infection,1,7,3,4,1
inflation,236,3,32,3,2
inflict,2,1,2,3,1
influence,3,103,4,8,17
information,46,17,13,28,33
informed,5,14,5,1,6
inherited,3,2,5,1,6
initiative,7,8,36,27,25
injured,29,3,11,1,1
injury,1,2,6,3,1
injustice,18,5,5,1,7
innocent,75,8,20,29,31
innovation,1,3,6,9,55
inside,22,2,8,5,8
insist,3,5,1,3,21
inspired,6,29,3,5,15
instance,10,39,1,1,4
instead,167,50,45,32,61
institute,20,2,6,6,4
institution,85,99,27,40,37
instructed,3,4,5,2,2
instruction,2,23,1,3,4
intellectual,2,116,1,1,3
intelligence,33,40,11,47,15
intend,3,4,5,7,20
intended,1,13,4,1,3
intense,1,2,7,2,1
intention,5,46,7,11,7
interest,82,215,45,32,104
interested,17,12,2,3,9
interesting,119,4,4,3,2
interference,44,3,3,2,1
international,2,72,50,32,61
intimidation,5,6,5,1,2
introduced,12,23,12,1,2
introduction,3,5,10,5,3
invest,6,1,75,11,61
invested,9,7,32,1,5
investigation,69,3,4,3,1
investing,2,1,46,2,14
invite,6,1,2,9,2
invited,7,3,4,4,2
involved,71,10,13,9,18
involves,1,1,1,5,2
iron,18,16,4,1,9
irresponsible,1,5,2,1,5
island,20,1,10,2,11
isolated,1,8,1,6,11
israel,123,1,24,17,122
issue,90,19,90,59,159
issued,12,2,9,4,3
item,8,2,5,2,1
january,74,8,26,6,9
japan,34,12,7,16,5
japanese,4,13,1,1,2
jew,1,325,4,2,16
jewish,4,142,5,1,24
job,1209,17,424,140,518
join,23,31,19,36,37
joined,51,18,14,21,20
joining,18,5,19,5,4
joint,3,1,14,3,5
journalist,4,4,6,4,1
journey,17,2,12,11,34
joy,6,10,2,3,6
judge,157,16,32,10,25
judged,3,15,1,1,4
judgment,1,26,13,1,10
justice,172,32,81,50,69
justify,3,6,3,2,6
keep,377,40,203,55,176
keeping,35,13,32,17,18
kept,128,26,16,8,22
key,20,5,41,18,13
kill,152,1,4,18,22
killed,183,5,35,15,33
kind,126,182,53,22,81
king,20,8,27,4,19
knew,242,36,31,9,28
knock,40,3,5,1,2
knocked,37,1,5,1,1
know,3715,119,616,209,473
knowing,14,9,19,3,26
knowledge,10,97,7,9,10
known,89,25,43,18,48
lack,9,99,3,7,15
laid,41,35,20,2,20
land,115,21,32,29,40
landed,5,1,3,1,5
language,31,63,4,4,2
large,88,61,27,21,18
largely,14,6,2,5,2
larger,21,23,10,11,17
largest,149,8,64,9,36
last,569,139,239,88,228
lasting,3,7,2,7,28
late,49,15,22,11,9
later,120,110,32,9,28
latest,12,3,4,3,3
latin,3,3,4,5,1
launch,5,3,16,4,16
launched,22,5,8,6,15
law,418,92,223,127,176
lawyer,111,2,13,3,4
lay,10,49,11,9,27
le,148,128,77,21,87
lead,74,81,76,73,106
leader,190,166,137,84,134
leadership,99,34,53,33,82
leading,209,24,70,22,16
leaf,8,10,8,2,4
league,5,38,4,1,5
learn,28,29,14,21,25
learned,35,46,23,16,28
learning,3,19,12,13,13
least,106,130,44,18,33
leave,189,35,59,27,45
leaving,92,14,22,9,8
led,38,66,50,13,50
left,790,90,68,42,40
leg,30,1,3,2,5
legal,86,5,9,24,16
legally,35,1,3,2,6
legislation,27,7,55,37,28
legislative,1,8,3,4,5
legitimate,10,2,12,2,20
length,3,4,3,1,3
lesson,8,32,3,13,19
let,1233,45,287,50,323
letter,27,12,15,8,24
level,239,73,32,25,38
liberty,87,31,19,100,33
library,2,1,1,1,3
lie,103,73,32,14,20
life,417,313,223,236,257
lifetime,20,2,7,3,11
lift,45,5,17,12,21
lifted,37,1,1,3,12
lifting,6,2,1,4,4
light,75,54,18,13,22
like,3082,113,377,111,362
likely,6,10,24,8,15
limb,1,3,1,1,4
limit,3,22,47,15,20
limited,2,29,4,1,6
line,92,75,124,32,63
link,3,2,2,2,3
list,77,5,9,3,5
listen,110,9,10,10,17
listened,28,6,2,2,1
listening,19,1,3,6,12
little,644,121,113,21,60
live,114,45,64,59,103
lived,21,22,26,6,17
living,55,37,48,19,54
load,9,1,1,1,3
loan,18,3,10,18,37
local,89,14,37,51,32
lock,22,1,3,1,4
long,481,185,174,72,155
longer,212,102,44,25,50
longstanding,1,1,6,1,3
look,1340,73,414,46,131
looked,158,88,28,4,11
looking,290,13,67,8,47
lose,243,20,23,7,47
losing,101,14,28,8,17
loss,25,25,32,11,15
lost,301,71,84,32,72
lot,1638,23,307,45,117
love,943,41,51,27,81
loved,60,6,32,13,23
loving,5,1,1,3,2
low,125,13,32,10,12
lower,62,36,67,9,37
lowered,9,4,2,2,1
lowering,2,2,10,1,4
lowest,68,8,11,1,10
loyal,33,12,2,1,2
loyalty,14,12,2,1,4
luther,5,1,5,1,6
lying,20,13,5,1,3
mad,4,2,4,3,1
made,798,288,237,78,212
main,37,28,5,6,10
maintain,15,33,16,3,15
major,66,3,106,26,21
majority,45,80,50,12,30
make,1109,257,538,228,567
maker,4,1,3,1,2
making,144,61,222,50,129
man,539,264,66,35,71
manage,8,2,6,1,8
managed,1,6,4,1,2
management,10,8,11,8,3
mandate,92,2,13,5,3
manner,7,66,1,3,5
manufacturer,23,1,12,1,13
manufacturing,51,1,23,2,34
many,1385,190,275,188,277
march,5,25,19,8,20
mark,111,15,12,3,13
marked,1,7,3,4,2
market,101,7,39,66,101
marriage,2,19,6,19,11
martin,5,2,8,3,14
mass,45,287,7,52,22
master,11,59,4,2,4
mate,1,9,2,2,1
material,28,63,16,19,16
matter,138,168,120,25,84
max,25,2,1,2,4
may,186,411,132,66,164
maybe,324,2,41,3,26
mayor,71,2,46,9,20
mean,719,301,312,45,149
meaning,33,44,6,6,12
meant,74,58,19,5,19
meantime,14,2,22,1,5
meanwhile,12,8,2,1,19
measure,15,102,37,24,35
medal,11,1,11,1,1
medical,43,5,24,52,28
medicine,26,1,12,31,9
medium,265,8,8,3,9
meet,77,23,64,60,106
meeting,58,211,53,16,30
member,114,172,115,95,85
memorial,6,2,13,3,3
memory,12,35,12,4,19
men,131,279,53,112,122
mental,79,41,23,1,8
mentioned,35,30,12,3,6
mercy,3,4,6,9,2
merely,5,108,1,2,7
mess,85,1,4,2,4
message,29,8,34,28,28
met,78,12,58,26,35
method,3,67,1,14,1
mexico,348,1,5,8,7
middle,162,21,122,100,107
midst,2,9,8,3,12
might,93,213,32,22,73
military,530,132,108,108,101
million,1036,87,335,111,201
mind,91,153,35,14,39
mine,142,5,19,1,8
minimum,25,3,21,1,28
minister,28,11,22,13,11
minority,2,7,15,11,16
minute,169,19,20,8,9
miracle,29,8,1,3,1
miss,18,1,5,4,1
missed,19,3,4,1,2
missing,18,2,6,2,1
mission,32,39,51,48,54
mistake,59,46,13,17,24
misunderstanding,9,3,3,1,1
mix,3,4,2,1,4
moderate,4,5,7,4,2
modern,13,27,13,11,7
moment,55,132,110,44,65
momentum,8,1,5,9,12
money,636,27,101,59,95
month,457,24,239,54,132
moral,3,83,12,29,22
morning,129,22,35,21,11
mostly,39,20,5,2,5
mother,45,25,34,17,37
motion,5,5,3,1,1
mountain,17,2,7,4,8
move,97,13,108,35,84
moved,55,16,40,5,15
movement,231,558,18,17,19
much,1776,166,249,73,179
murderer,43,1,2,4,5
must,312,698,87,293,340
name,326,58,44,10,14
named,83,2,16,8,12
nation,951,576,347,405,397
national,140,484,93,78,68
native,3,16,20,1,10
natural,32,76,9,9,24
nature,7,141,12,13,14
naval,1,12,2,2,1
navy,8,9,2,6,3
near,43,7,22,6,9
nearly,71,26,83,40,82
necessary,33,232,23,39,46
necessity,1,56,3,1,8
need,515,84,389,180,365
needed,68,26,47,24,26
needle,5,1,2,7,2
negative,19,16,7,1,3
negotiate,29,1,26,1,6
negotiation,27,5,15,3,19
nervous,4,5,1,1,1
nest,15,1,1,4,2
net,6,3,10,2,7
never,2218,273,187,77,151
new,934,362,380,315,507
newly,2,7,2,3,1
news,417,9,39,11,27
newspaper,23,43,2,1,3
next,325,23,140,53,182
night,223,19,41,18,32
nightmare,34,1,2,2,1
nine,99,5,13,5,10
noble,9,11,2,15,3
nobody,931,52,19,3,15
none,85,16,35,7,28
normal,29,6,6,7,1
north,243,14,13,16,40
note,3,6,8,2,4
nothing,482,149,76,20,56
notice,64,14,9,6,2
noticed,21,5,7,1,4
november,187,41,7,4,4
number,1089,125,201,41,62
nurse,6,1,19,5,9
oath,11,1,9,6,12
objective,2,53,6,10,9
obligation,4,29,40,11,32
obstacle,3,18,5,2,5
obviously,23,10,4,7,11
occasion,13,46,4,1,5
occupy,2,6,3,1,3
occur,4,3,7,2,1
occurred,2,6,13,2,1
offensive,8,24,2,12,6
offer,10,28,16,31,52
offering,1,6,2,4,10
office,309,30,98,29,89
officer,68,21,71,17,17
official,48,79,33,30,20
often,38,136,24,18,52
oh,634,2,28,4,2
old,143,175,65,15,61
older,9,7,17,7,3
one,2834,868,735,228,531
onto,38,1,9,2,6
open,240,50,59,27,77
opened,50,14,7,6,15
opening,27,4,8,4,8
openly,14,28,2,2,5
operate,3,4,7,5,7
operation,43,13,39,38,12
opinion,77,136,5,4,16
opportunity,31,31,85,64,154
oppose,13,23,5,13,6
opposed,28,40,5,9,7
opposing,25,7,1,1,1
opposite,77,20,5,2,4
opposition,11,38,4,2,13
oppression,3,21,5,9,5
order,196,211,51,34,44
ordered,6,9,11,5,14
orderly,1,2,1,5,2
organization,35,1,33,22,21
organized,6,1,6,2,6
others,169,104,69,50,73
otherwise,35,47,3,3,6
ought,18,98,5,3,6
outcome,6,27,7,11,20
outline,2,5,2,5,2
outrage,1,6,1,2,2
outside,122,38,23,9,14
outstanding,26,16,7,1,15
overcome,2,35,4,12,14
overnight,3,1,3,5,10
overwhelming,9,10,13,1,13
owe,8,10,37,11,10
owes,2,13,4,2,1
owned,8,1,4,1,3
owner,16,1,2,7,31
ownership,2,2,2,9,3
pace,3,4,18,3,18
pacific,6,1,7,2,6
page,27,4,8,2,10
paid,155,19,83,7,45
pain,15,9,24,5,20
painful,8,1,8,3,12
paper,108,33,5,1,6
parade,6,6,1,1,2
parent,105,15,123,29,72
paris,15,9,11,2,2
parliament,4,54,1,7,5
part,162,221,149,62,179
participate,5,11,2,5,10
participation,1,3,2,7,6
particular,57,59,10,5,17
particularly,7,47,30,6,22
partisan,15,2,12,6,18
partner,7,4,75,20,51
party,321,401,37,41,120
pas,68,14,83,43,68
passage,1,3,5,3,1
passed,93,39,87,45,52
passing,8,10,14,12,13
passion,9,11,6,1,23
past,64,85,90,39,120
pastor,11,3,1,2,4
path,15,12,34,48,57
patient,36,4,27,18,15
patriot,247,8,12,7,8
patriotism,3,13,2,1,11
patrol,92,2,4,28,6
paul,39,1,6,4,5
pay,342,28,210,39,133
paying,144,4,91,4,37
peace,104,67,32,138,155
peaceful,8,16,7,26,35
peacefully,8,4,4,3,9
penalty,104,4,6,8,8
penny,64,6,36,1,5
pension,17,4,3,6,7
people,4772,985,1015,503,947
per,23,11,40,4,9
percent,50,1,8,31,99
perfect,101,5,8,5,24
performed,1,7,2,1,2
performing,1,5,1,6,2
perhaps,85,27,4,2,18
peril,2,7,2,7,10
period,150,79,27,15,19
permanent,8,16,7,17,11
permanently,6,11,4,7,2
permit,2,11,1,7,4
persecution,39,10,1,2,4
perseverance,1,11,1,2,2
person,411,124,55,24,34
personal,21,66,32,18,12
personally,21,20,12,3,6
phase,8,13,3,6,2
phrase,34,18,11,1,1
physical,14,62,21,5,2
physically,14,16,5,1,1
picked,27,1,3,1,3
picture,53,36,6,6,7
piece,62,30,58,10,9
pilot,31,1,2,2,3
place,621,210,145,80,178
placed,4,28,4,6,6
placing,1,7,3,2,1
plain,9,2,3,2,6
plan,91,44,252,93,175
plane,144,9,12,5,8
planet,12,8,10,2,25
planned,6,4,6,5,5
plant,74,2,9,4,22
platform,16,6,1,1,2
play,130,46,19,3,39
played,22,24,6,2,6
player,27,1,6,4,2
playing,36,10,10,8,12
please,335,3,56,11,18
pleased,12,12,15,10,6
pledge,14,4,15,17,14
plenty,47,3,5,1,7
plot,4,1,3,8,9
pocket,5,3,16,1,20
point,361,138,124,32,78
poison,4,31,3,2,5
police,298,23,65,27,20
policy,232,292,42,51,68
political,300,423,35,39,72
politician,207,32,4,5,12
politics,80,51,20,9,93
poll,554,1,12,4,9
poor,47,28,16,13,25
popular,72,31,8,6,7
population,23,78,15,8,7
port,8,2,59,4,3
portion,24,18,9,5,4
pose,3,3,5,3,12
position,63,155,55,13,22
positive,34,25,11,2,7
posse,1,45,3,5,4
possibility,8,51,25,7,10
possible,157,227,52,29,74
possibly,23,14,5,5,2
post,61,13,8,3,5
potential,32,1,22,24,34
poverty,19,9,20,20,55
power,219,296,157,102,160
powerful,173,19,19,9,27
practical,1,111,3,7,14
practice,6,58,15,12,17
praise,3,10,4,2,5
pray,16,5,9,6,8
prayer,14,4,5,12,10
preach,2,1,1,1,1
precious,12,8,3,3,10
pregnancy,1,1,2,1,5
prejudice,1,12,4,1,3
prepare,3,14,19,11,10
prepared,13,26,27,15,19
preparing,2,11,5,5,5
prescription,8,2,43,24,16
presence,1,12,5,4,5
present,5,191,14,5,10
preserve,10,36,9,7,7
preserving,4,12,4,1,2
president,1400,7,339,153,268
press,183,100,38,10,11
pressure,18,10,22,16,18
pretend,19,10,1,1,5
pretending,2,2,1,1,1
pretty,196,1,12,6,24
prevail,6,16,2,9,1
prevent,38,47,36,30,52
prevented,1,11,3,5,5
preventing,3,6,3,8,7
prevention,4,2,7,5,1
previous,17,10,16,2,11
price,245,3,132,17,28
pride,22,18,27,7,17
primarily,4,10,2,1,2
primary,135,15,8,9,1
prime,48,1,18,12,9
principal,6,17,3,6,8
principle,21,267,23,40,59
prior,40,1,7,3,1
priority,24,2,12,25,31
prison,147,5,7,15,11
prisoner,30,1,2,10,5
private,59,17,57,26,43
privilege,15,10,8,8,8
probably,415,31,18,4,16
problem,574,190,62,63,120
proceed,5,3,1,3,4
process,58,92,58,17,54
produce,9,26,18,15,17
produced,26,24,4,5,6
producing,7,8,6,5,1
product,59,43,42,9,35
production,29,22,23,9,11
productive,3,11,12,3,7
profession,1,20,2,2,3
professional,26,12,15,8,11
profit,2,6,19,4,20
profound,5,53,22,4,14
progress,15,59,114,67,128
progressive,5,10,8,1,4
prohibition,1,2,1,1,1
project,14,8,28,10,31
promise,92,14,86,46,116
promised,31,6,19,8,17
promising,12,3,5,7,4
promote,6,18,9,16,23
promoting,2,8,4,7,7
promotion,1,4,2,1,6
pronounced,1,9,1,1,2
proof,18,42,8,1,7
propaganda,5,166,2,1,3
proper,11,12,1,2,2
properly,35,11,3,2,3
property,17,12,8,7,1
proportion,4,16,3,1,3
proposal,1,9,25,15,52
propose,1,1,10,26,7
proposed,5,5,20,9,20
prospect,1,23,4,8,13
prosperity,17,11,7,26,70
protect,209,15,145,63,81
protected,26,17,21,10,12
protecting,40,3,27,15,13
protection,49,31,40,12,22
protective,5,5,2,1,1
protects,4,3,5,4,5
protest,26,27,2,1,12
proud,255,12,51,46,40
prove,26,45,7,2,9
proved,9,63,1,2,7
provide,20,20,99,53,67
provided,4,23,29,10,11
provides,2,8,9,9,7
providing,4,10,36,27,23
province,2,17,1,10,1
provision,6,6,4,4,10
public,83,245,101,37,65
publicly,10,8,3,2,7
pull,18,2,15,1,15
pulled,25,3,5,6,6
pump,20,2,12,1,2
purchase,12,2,5,7,5
purchasing,1,1,2,2,1
purpose,27,193,16,31,40
pursue,7,12,8,20,49
pursued,1,14,3,4,4
pursuing,4,4,2,13,7
pursuit,1,4,5,7,21
push,16,9,12,1,17
pushing,57,4,9,1,20
put,835,132,144,36,159
putting,81,23,30,7,24
qualified,17,6,8,2,2
quality,13,82,29,10,25
quarter,26,34,17,2,11
question,230,243,100,44,107
quick,65,3,7,3,6
quickly,209,29,36,20,18
quiet,10,5,2,8,10
quit,16,1,2,1,5
quite,69,125,23,1,2
quote,33,2,49,6,2
race,179,219,26,5,64
racial,23,132,8,2,13
radical,494,18,3,14,3
rage,7,10,2,2,2
raging,12,3,4,3,2
raid,15,1,2,7,1
rail,1,1,47,4,6
raise,88,24,77,14,61
raised,46,28,22,6,15
raising,13,4,28,10,13
rallied,1,2,4,6,3
rally,155,7,4,3,7
ran,145,3,39,2,20
range,1,1,32,4,9
rank,7,47,16,2,2
rapid,29,8,9,2,3
rapidly,31,16,17,1,8
rare,3,16,9,2,2
rate,112,3,97,14,67
rather,59,194,19,5,34
ray,2,4,2,2,1
rd,48,2,9,1,1
reach,15,34,40,26,75
reached,26,38,15,7,10
reaching,4,7,3,2,16
read,104,53,27,14,17
readiness,1,15,1,1,1
reading,31,24,3,13,8
ready,109,64,40,14,18
real,232,123,124,17,55
realistic,1,3,4,2,3
reality,3,73,14,10,18
really,1110,97,153,13,34
reason,317,230,104,18,74
reasonable,7,7,2,4,5
recall,1,10,4,1,5
receive,11,12,13,17,21
received,37,51,14,13,12
receiving,6,3,4,3,1
recent,39,6,17,16,19
recently,65,5,14,10,14
recommendation,6,2,4,10,2
recommended,1,7,5,2,1
reconciliation,5,1,5,7,6
record,457,3,74,19,25
recover,6,3,16,6,15
recovered,5,3,1,1,5
recovery,7,6,53,14,47
recruit,2,16,1,7,7
red,60,50,24,6,16
reduce,17,2,64,21,53
reduced,14,7,14,3,8
reducing,9,3,19,7,16
reform,54,17,10,109,191
refuse,47,12,9,5,21
refused,29,15,8,4,8
regain,2,4,2,2,2
regard,10,105,15,2,5
regardless,5,6,6,2,16
regime,10,37,1,111,30
region,9,13,32,62,81
regional,1,3,6,4,9
register,12,2,4,1,1
regulation,133,4,1,9,26
reign,19,5,2,1,1
reinforcement,2,4,1,4,2
reject,11,9,5,9,26
rejected,28,12,4,1,11
related,10,1,8,2,3
relation,7,42,7,5,17
relationship,93,6,11,5,21
relative,8,4,16,3,2
release,101,2,10,6,6
relentless,3,1,3,3,7
reliable,2,4,2,7,2
reliance,11,1,2,1,1
relief,13,6,17,51,12
religion,20,37,4,7,31
religious,51,84,6,21,14
rely,10,1,4,2,9
remain,89,64,22,18,38
remained,2,52,3,1,2
remaining,7,5,7,4,3
remains,14,28,15,16,29
remark,3,12,5,2,9
remarkable,1,5,3,1,9
remember,691,27,103,22,42
remembered,7,15,3,4,4
remind,3,6,13,11,17
reminded,3,3,6,4,13
removal,10,4,1,2,1
remove,18,6,5,6,12
removing,8,7,3,3,4
renewed,2,5,4,8,8
rent,4,1,7,2,1
repair,4,5,11,2,9
repeat,19,10,8,2,15
repeatedly,13,5,6,1,4
replace,12,6,6,7,14
report,118,10,33,24,14
reported,45,3,10,3,2
reporter,20,1,5,2,1
represent,22,15,8,9,12
representative,58,75,30,18,22
represented,24,26,7,4,6
representing,23,8,9,1,1
represents,11,22,6,3,9
repression,2,2,2,6,8
republic,31,52,6,5,6
republican,613,8,140,17,168
request,22,3,10,5,5
require,17,4,40,30,44
required,11,9,18,13,18
requirement,7,3,73,3,2
requires,4,3,13,36,29
rescue,23,2,61,13,7
rescued,2,2,1,4,4
reserve,24,11,28,6,5
resolute,4,12,2,4,1
resolution,1,12,5,25,12
resolve,6,4,8,32,30
resource,23,16,41,28,43
respect,207,41,49,44,58
respected,251,4,3,4,8
respond,1,1,37,8,19
responded,3,1,3,7,5
response,9,6,44,22,13
responsibility,3,73,30,73,137
responsible,21,55,17,21,37
rest,68,47,69,13,35
restaurant,6,5,16,1,2
restoration,2,15,5,1,4
restore,131,13,24,3,31
restored,16,10,3,1,4
restoring,7,5,6,1,5
restriction,9,4,6,3,2
result,97,246,48,47,39
resulted,1,27,3,1,1
resume,5,7,3,1,2
retail,2,1,1,2,2
retired,4,4,3,3,3
retreat,6,3,2,14,2
return,32,21,24,41,25
returned,10,15,2,6,3
returning,19,2,1,4,3
revenue,9,1,7,6,12
reverse,17,12,1,2,12
review,12,2,9,10,8
reviewed,2,1,2,4,1
revolution,6,122,2,5,25
rhetoric,2,2,1,3,3
rich,92,5,3,2,17
rid,154,4,8,5,7
right,2483,222,436,125,520
rigorous,3,4,4,3,5
rise,7,35,18,24,22
rising,22,7,28,14,27
risk,17,27,85,23,50
risked,5,2,5,2,1
risking,2,1,3,2,2
river,12,4,12,3,4
road,39,34,94,16,47
robust,2,8,3,1,2
rock,17,4,6,1,5
role,13,13,16,16,37
room,201,21,88,13,21
root,9,19,3,7,13
rose,6,1,3,10,3
roughly,1,2,9,2,5
round,12,20,3,2,9
route,14,9,5,2,3
row,54,3,2,1,2
ruin,27,27,4,7,6
rule,74,32,44,27,100
run,402,43,27,25,33
running,305,3,34,12,13
rural,3,1,14,2,16
rushed,3,3,1,1,3
russia,693,60,73,6,16
russian,40,24,32,1,7
s,1,3,13,15,10
sacred,24,34,33,3,14
sacrifice,8,84,8,29,34
sacrificed,2,17,8,2,7
sacrificing,8,4,1,2,2
sadly,23,2,5,1,4
safe,152,4,76,32,47
safeguard,3,17,4,5,7
safely,9,4,13,2,10
safer,19,1,25,21,18
safety,48,3,40,19,29
said,4010,73,391,56,170
sailor,1,1,1,2,1
sake,27,31,11,5,11
sanction,25,4,26,7,22
save,191,19,64,37,55
saved,135,16,7,9,17
saving,42,8,38,26,37
saw,363,38,54,29,40
say,2625,115,345,63,177
saying,443,18,80,13,32
scale,24,30,9,7,8
scar,3,1,2,1,1
scattered,1,2,1,1,1
scene,11,11,4,4,8
scholar,15,1,1,3,1
school,314,77,241,105,152
science,6,20,28,34,55
scientific,3,20,10,9,7
scientist,14,2,26,27,23
scope,2,8,2,2,5
score,5,1,5,4,7
sea,5,9,10,3,3
search,13,5,15,15,7
searching,2,2,1,2,2
seat,66,13,8,1,14
second,315,76,102,39,57
secret,33,33,11,7,12
secretary,87,6,70,49,24
secure,131,23,16,40,56
secured,5,20,7,2,4
securing,1,17,1,9,5
security,177,19,88,231,245
see,1219,106,279,90,205
seed,5,8,1,2,3
seeing,64,22,55,9,22
seek,21,14,20,38,54
seeking,3,5,16,7,13
seem,22,16,9,7,18
seemed,8,84,1,3,1
seems,25,38,12,7,12
seen,587,29,80,48,96
seize,5,2,4,6,14
seized,2,5,1,4,3
self,3,14,5,4,3
sell,61,3,11,6,15
selling,30,2,4,3,5
senate,129,3,104,23,36
send,234,6,43,30,44
sending,75,1,7,3,10
sense,134,86,31,15,85
sensitive,4,2,1,1,1
sent,124,23,13,28,35
separate,12,7,6,1,5
september,5,6,24,52,11
series,9,14,5,9,12
serious,43,42,47,23,40
seriously,32,25,9,4,6
serve,16,81,30,46,49
served,7,25,35,9,35
service,77,113,134,54,50
serving,5,10,15,14,12
session,4,4,5,8,6
set,178,83,52,51,107
setback,1,2,1,3,9
setting,23,8,12,3,8
settlement,9,10,2,1,7
seven,139,19,41,16,15
several,6,45,33,8,24
severe,6,9,23,6,4
shadow,7,3,6,6,23
shake,11,6,2,4,7
shall,3,71,7,1,11
shape,51,20,12,6,30
shaped,4,5,2,5,7
share,22,18,83,39,90
shared,7,3,26,9,30
sharp,13,5,1,1,3
shattered,14,5,2,3,1
sheer,1,22,1,1,3
shelter,4,1,15,9,4
shield,15,4,2,7,5
shift,8,1,7,3,16
shining,2,2,3,1,1
ship,56,6,14,5,13
shooting,34,3,4,1,10
shop,4,5,1,2,4
shore,7,1,6,2,31
short,107,42,16,11,14
shortly,34,2,12,2,6
shot,157,4,149,4,24
shoulder,31,19,10,3,12
shouting,5,5,1,1,1
show,252,81,66,55,41
showed,32,35,11,9,7
showing,22,2,13,10,6
shown,19,30,8,14,13
shut,86,5,13,5,13
sick,144,1,13,5,44
side,179,104,35,41,50
sight,10,19,5,4,15
sign,111,39,52,19,39
signal,19,8,2,4,1
signed,91,3,31,10,15
significant,4,9,96,7,11
signing,19,1,20,4,9
silence,72,22,11,3,1
silent,28,8,3,1,3
similar,13,49,9,11,5
simple,146,31,43,5,44
simply,30,46,25,4,45
sin,2,18,1,1,1
since,100,135,123,43,94
sing,2,3,1,1,2
single,250,40,123,27,71
sister,7,2,25,2,17
sit,60,4,25,4,22
sitting,127,6,33,4,12
situation,69,102,35,21,24
six,144,21,49,8,41
size,33,19,13,8,15
skill,3,9,13,24,39
slaughter,4,1,1,1,6
slave,1,16,2,2,8
slavery,1,8,1,5,8
sleep,11,7,5,2,6
sleeping,7,1,1,1,1
slow,14,20,8,4,11
slowly,6,41,1,4,7
small,106,121,60,39,109
smaller,17,21,3,1,6
smith,28,1,1,2,2
socalled,23,101,8,2,1
social,120,191,26,57,38
socialism,17,14,1,1,1
society,14,27,14,71,56
soft,14,1,2,1,1
soil,7,28,1,6,3
sold,54,6,6,4,5
soldier,307,93,14,19,26
solemn,3,9,2,8,2
solid,16,18,4,3,4
solution,2,30,18,11,16
solve,47,10,14,6,43
solved,23,9,2,4,3
solving,10,3,3,1,4
somebody,389,7,15,6,45
somehow,24,5,7,5,22
someone,10,6,59,2,27
something,525,90,111,23,119
sometimes,74,30,23,18,60
son,121,18,61,10,37
song,14,8,1,1,2
soon,197,68,23,12,26
sorrow,1,2,1,9,2
sought,1,5,8,3,7
soul,21,31,30,8,4
sound,103,45,15,12,11
source,14,41,11,30,40
south,176,35,36,14,44
southern,57,6,6,4,4
sovereign,10,27,5,2,11
sovereignty,26,12,5,2,5
soviet,11,6,1,8,11
space,101,16,16,4,69
speak,98,51,53,17,69
speaker,34,27,11,18,32
speaking,47,47,16,4,5
special,141,41,23,14,28
specific,5,4,13,5,14
specifically,7,2,8,1,2
speech,267,44,15,21,21
speed,21,7,45,2,10
spend,66,3,11,18,43
spending,56,1,19,32,57
spent,111,11,40,11,37
spirit,64,158,6,33,49
spoke,70,21,32,4,22
spoken,14,23,24,5,7
sport,58,7,3,4,2
spot,8,7,4,1,5
spread,7,30,33,19,24
spreading,3,12,2,6,2
spring,5,24,5,2,9
square,11,9,6,2,7
squarely,1,1,1,1,6
st,13,2,75,12,41
stability,4,12,14,13,16
stadium,5,1,3,1,3
staff,18,5,52,10,11
stage,93,38,12,10,12
stair,37,2,4,1,3
stake,12,7,20,15,32
stand,300,71,109,55,123
standard,38,23,24,38,40
standing,166,12,49,15,25
star,40,5,5,4,5
start,205,24,70,26,102
started,235,14,52,12,25
starting,92,2,31,9,32
state,1645,884,632,257,405
statement,104,29,7,2,7
station,14,5,31,4,13
status,15,7,7,13,20
stay,107,3,64,18,40
steadfast,1,2,3,4,2
steady,2,18,6,8,6
steel,88,9,15,2,6
step,42,51,98,47,96
stick,34,6,5,1,5
still,177,165,172,55,195
stimulus,2,7,2,2,1
stock,96,43,10,7,13
stolen,38,2,3,1,2
stood,79,25,27,9,20
stop,474,18,84,29,70
stopped,191,3,21,10,16
storm,10,55,51,15,14
story,292,8,47,26,80
straight,56,3,18,2,17
strait,1,2,4,2,2
stranger,1,5,2,5,12
strategy,6,2,14,43,38
street,124,28,46,21,80
strength,114,125,24,35,60
strengthen,18,11,17,28,46
strengthening,1,10,11,9,7
strengthens,1,1,2,2,6
stretch,1,3,2,1,10
strict,8,3,2,1,1
strike,8,30,14,13,22
strong,355,45,49,57,76
stronger,51,38,51,30,48
strongest,67,15,8,1,15
strongly,52,10,8,8,8
struck,9,9,8,3,7
structure,4,47,3,6,2
struggle,10,257,19,34,34
struggling,4,5,10,6,18
stuck,18,4,5,2,6
student,48,15,53,20,111
studied,12,26,1,2,3
study,18,68,32,4,19
stuff,258,5,9,2,7
subject,30,86,4,8,12
substantial,8,1,4,1,4
substitute,2,9,2,3,4
succeed,9,36,11,23,30
succeeded,2,42,3,4,4
success,86,141,16,33,54
successful,75,38,8,18,8
successfully,7,10,4,1,5
sudden,114,14,9,8,6
suffer,11,15,5,7,9
suffered,20,15,4,8,8
suffering,20,31,11,27,14
suggested,1,5,4,2,10
sum,3,8,2,1,5
summer,12,14,15,3,17
summon,2,2,5,1,8
sun,9,5,6,2,3
sunday,8,2,6,4,4
supply,40,14,78,25,9
support,227,70,154,94,149
supported,22,15,18,7,22
supporter,46,12,8,7,4
supporting,16,3,18,9,15
supposed,171,5,8,5,10
suppress,5,5,7,1,2
suppression,28,6,8,1,2
supreme,133,32,30,2,14
sure,169,9,217,54,161
surely,2,22,1,2,25
surplus,2,3,1,3,7
surprise,23,3,10,4,4
surprised,28,12,7,4,2
surrender,51,7,1,4,2
surrounded,10,5,2,1,3
surrounding,5,3,3,6,3
survive,14,4,1,3,3
survived,3,2,2,2,5
suspect,15,3,7,3,3
sustain,10,4,2,6,13
sustained,3,3,6,7,5
sworn,7,1,16,7,6
system,145,116,84,96,176
systematic,3,16,1,1,1
table,26,13,45,6,20
tactic,3,36,1,6,9
take,1429,273,273,110,259
taken,214,137,50,39,51
taking,251,53,76,35,55
talent,19,39,4,6,13
talented,21,2,2,4,3
talk,576,37,132,12,80
talked,101,10,39,5,24
talking,316,12,87,6,41
tariff,189,1,1,3,1
task,24,125,7,24,38
taught,10,28,10,1,10
tax,511,1,276,138,219
taxpayer,17,1,8,19,41
teach,51,23,10,14,13
teacher,31,18,33,15,51
teaching,10,69,4,5,12
tear,39,11,5,3,16
technology,22,3,34,44,82
tell,785,13,115,22,88
telling,93,3,13,2,10
temporarily,1,5,5,1,1
temporary,2,7,6,36,7
ten,80,36,25,10,27
tend,11,9,1,1,4
tendency,4,33,2,1,1
term,170,29,86,20,43
terrible,294,35,11,19,15
territorial,2,26,2,1,1
territory,16,98,14,12,7
terror,42,10,6,124,14
terrorism,8,15,17,29,15
terrorist,130,4,26,245,60
test,71,26,57,24,25
tested,18,1,6,8,12
testing,7,1,35,13,2
th,183,35,94,43,24
thank,1839,6,489,138,166
thanks,73,14,49,34,30
the,53,4,13,1,10
thing,2116,160,437,50,266
think,2608,104,464,30,284
thinking,62,40,13,7,15
third,127,32,43,26,34
though,151,156,40,7,35
thought,414,100,82,20,33
thousand,525,164,96,42,69
threat,139,14,67,87,68
threaten,8,5,6,12,21
threatened,12,15,4,4,19
threatening,17,11,9,4,3
three,641,56,151,45,63
thrive,5,1,5,1,12
thriving,8,1,6,1,9
throughout,45,40,36,25,31
throw,65,10,3,3,2
thursday,13,2,1,2,1
thus,1,336,12,4,2
tie,10,12,2,4,17
time,1705,659,526,221,510
tire,7,3,1,2,2
tired,22,4,17,3,13
title,24,7,4,1,2
today,438,228,409,124,250
together,387,73,206,95,223
told,290,17,75,18,60
tolerate,1,7,1,1,11
toll,1,1,8,1,1
tomorrow,131,8,24,7,35
tone,5,13,1,6,2
took,607,91,65,17,76
tool,9,3,50,16,14
top,191,3,49,7,47
total,107,14,31,6,5
touch,22,4,1,6,8
tough,336,5,19,22,46
towards,1,162,1,3,29
tower,10,1,7,2,2
town,32,30,40,1,31
track,10,1,23,13,13
trade,234,38,18,38,42
tradition,28,24,6,20,25
traffic,12,2,1,1,4
tragedy,14,6,14,11,29
tragic,5,16,2,1,5
trail,11,1,1,1,1
train,20,26,32,17,29
trained,6,35,9,14,8
training,7,97,12,34,35
transfer,1,1,5,2,8
transform,3,16,9,4,5
transformation,2,12,1,2,6
transformed,4,21,1,4,2
travel,62,1,34,10,24
treasury,20,2,5,1,1
treat,49,2,13,9,10
treated,86,11,17,3,8
treating,4,1,3,2,5
treatment,18,6,26,31,16
treaty,2,35,4,6,14
tremendous,290,19,2,4,2
trend,14,9,4,2,18
trial,107,5,8,5,10
tried,72,37,12,8,10
triumph,4,45,2,7,2
troop,64,32,83,81,101
true,270,103,40,25,111
truly,76,3,35,3,20
trust,37,9,24,41,28
trusted,6,1,7,2,1
truth,108,102,74,8,58
try,141,52,46,22,52
trying,275,15,58,22,49
tuesday,66,1,6,1,2
turmoil,4,5,1,1,9
turn,177,82,60,22,54
turned,165,43,18,9,18
turning,15,9,8,9,8
twice,88,2,9,4,10
two,909,195,263,77,190
type,19,32,17,3,3
typically,5,1,2,1,2
tyranny,5,9,3,23,16
tyrant,26,1,1,10,4
u,1431,278,523,277,740
ultimate,20,13,6,6,6
ultimately,39,8,9,4,38
unable,12,20,7,2,8
unchecked,11,3,1,1,1
uncomfortable,1,1,1,1,5
underlying,2,10,1,2,4
undermine,7,9,6,12,2
understand,225,93,74,36,83
understandable,2,2,7,2,3
understanding,10,49,13,4,21
understands,17,4,11,1,2
understood,42,50,16,3,16
unemployment,22,4,51,5,30
unfair,57,2,4,6,7
unfortunately,58,50,7,7,8
uniform,4,26,8,21,22
union,100,35,108,37,62
unique,5,10,9,10,14
unit,5,15,17,9,9
unite,2,6,13,7,5
united,528,41,379,195,264
unity,17,21,13,9,11
universal,19,24,25,4,18
university,25,9,28,4,40
unless,54,62,14,11,15
unlike,43,1,10,5,12
unlimited,20,6,3,2,1
untold,2,3,2,1,2
unwavering,3,1,1,2,2
uphold,33,7,11,7,9
upon,42,202,12,17,53
urban,2,3,11,3,4
urge,1,16,3,16,14
urged,3,8,1,4,2
urgent,11,6,15,14,12
us,48,9,10,6,7
use,313,98,72,51,91
used,374,81,130,39,41
using,69,9,22,17,21
usually,33,16,7,3,2
utility,1,7,10,1,1
valley,12,1,5,3,5
valuable,4,23,4,1,1
value,85,86,37,59,93
various,27,103,2,1,1
vast,18,25,27,9,10
vehicle,45,3,54,4,7
veteran,88,2,98,6,42
vice,51,12,79,15,31
vicious,139,1,2,2,7
victim,19,43,3,13,12
victory,172,79,7,41,18
view,18,153,81,16,23
viewed,2,1,3,1,1
vigorously,2,2,2,1,1
village,4,11,5,3,2
violation,20,4,6,6,4
violence,36,12,53,54,70
violent,80,13,10,12,24
virtue,1,35,1,1,4
vision,13,8,19,17,23
visit,6,6,18,6,12
visited,3,2,9,3,8
vital,8,42,23,29,8
voice,89,18,25,12,52
volunteer,7,22,3,11,10
vote,1435,20,158,29,99
voted,173,9,37,11,9
voter,332,2,25,3,11
voting,206,6,62,2,17
wage,30,26,69,6,78
waging,14,11,1,1,3
wait,126,9,29,7,22
waited,12,5,1,2,3
waiting,65,8,31,3,17
walk,155,7,32,10,32
walking,54,3,20,2,7
wall,354,13,47,9,50
want,3372,49,450,123,378
wanted,385,15,38,7,18
wanting,8,5,1,1,1
war,563,290,150,166,267
warfare,1,10,1,2,4
warned,2,2,1,2,2
warning,6,14,9,7,1
waste,22,5,9,3,18
watch,189,8,19,14,15
watched,86,4,8,6,7
watching,119,4,22,4,22
water,97,8,75,18,31
wave,61,9,8,3,12
way,1527,365,411,149,317
weak,69,45,1,9,4
weakened,7,3,1,1,9
weaker,6,15,2,2,4
weakness,29,38,3,3,2
wealth,24,9,11,9,23
weapon,107,87,24,123,72
wear,18,5,10,6,4
week,444,47,175,23,88
welcome,16,8,24,31,18
welcomed,2,12,2,4,9
welfare,15,21,2,6,6
well,1308,107,545,105,223
went,609,48,98,11,30
west,32,5,28,23,32
western,4,20,9,5,5
whatever,157,28,29,12,32
whenever,15,21,8,4,6
wherever,32,13,12,9,9
whether,110,85,130,19,84
whip,3,1,1,1,3
white,246,26,56,19,46
whole,292,244,109,22,49
whose,115,151,16,17,36
wide,8,4,4,1,1
widely,3,3,5,1,2
wider,1,7,2,3,2
widespread,4,2,6,3,1
wife,102,11,56,10,14
willing,47,25,23,22,59
win,820,36,56,20,33
wind,69,4,33,4,25
window,37,1,10,1,6
winning,148,18,6,6,8
winter,10,12,27,2,6
wisdom,6,26,2,7,11
wise,18,15,2,6,6
wish,57,63,17,22,3
withdraw,5,3,6,1,2
within,125,143,47,30,73
without,143,183,86,59,139
witnessed,14,8,3,7,4
woman,501,25,123,128,205
wonder,115,2,15,1,19
wonderful,167,10,9,3,11
wood,7,2,3,2,1
word,368,116,61,46,84
work,379,260,335,236,483
worked,186,10,53,32,67
worker,190,79,183,109,168
working,215,42,262,83,142
world,1144,354,578,345,461
worried,23,1,30,2,4
worry,59,5,22,12,9
worrying,3,1,5,1,1
worse,190,30,23,7,21
worst,316,31,18,8,33
worth,77,42,12,13,23
would,2184,960,234,183,335
wound,6,7,18,3,6
wounded,24,3,23,7,12
write,46,9,11,5,16
writer,16,19,1,1,3
writing,16,11,3,2,2
written,22,19,15,6,12
wrong,215,39,40,18,29
wrote,24,3,31,8,20
year,2117,302,707,287,709
yes,178,1,71,18,65
yesterday,67,3,42,5,16
yet,182,122,48,120,73
yield,18,4,5,6,1
young,177,131,65,36,165
younger,5,11,1,8,5
youngest,5,1,3,3,3
youth,28,53,4,4,5
zone,23,2,4,6,1
