wort,hitler,bush
abandon,11,9
abandoned,14,1
abandoning,3,2
abandonment,1,2
ability,52,14
able,145,40
ably,1,1
abolition,15,1
abortion,2,2
abroad,13,28
absence,2,1
absolute,36,1
absolutely,42,5
abuse,6,4
abused,5,1
academy,4,6
accept,27,16
acceptable,2,3
acceptance,8,1
accepted,33,5
accepting,3,3
accepts,1,1
accessible,2,2
accident,6,1
accommodating,1,1
accompanied,4,1
accompany,1,2
accomplish,8,2
accomplished,15,8
accomplishment,5,6
according,63,3
account,73,50
accountable,1,6
accounting,1,3
accumulate,1,2
accumulated,2,1
achieve,29,26
achieved,47,20
achievement,33,24
achieves,1,2
achieving,3,3
acid,3,1
acknowledge,10,2
acquire,18,3
across,5,74
act,74,120
acted,16,19
acting,19,9
action,98,52
active,53,11
actively,2,1
activity,110,7
actually,45,5
acute,2,1
add,8,16
added,10,6
adding,1,4
addition,11,10
additional,4,18
address,10,45
addressed,10,5
addressing,3,5
adequate,15,1
adhere,1,2
adjust,1,1
adjusted,1,2
adjustment,1,1
administer,4,1
administering,1,1
administration,21,45
administrator,2,4
admiration,20,1
admire,1,1
admired,2,1
admit,19,2
admitted,21,3
admitting,1,1
adopted,60,4
adopting,12,1
adoption,11,1
adult,10,13
advance,15,48
advanced,11,10
advancement,1,2
advancing,3,5
advantage,42,10
advent,1,1
adversity,3,3
advice,5,3
advise,1,1
advisory,1,1
advocate,5,3
affair,87,3
affect,5,7
affected,16,12
affecting,5,2
affiliated,1,1
afflicted,2,2
afford,10,13
afraid,9,4
africa,3,28
african,5,12
afternoon,6,1
age,50,18
agency,1,27
agent,2,26
aggression,4,8
aggressive,5,13
agile,1,1
agitate,1,1
ago,35,47
agree,6,15
agreed,3,8
agreement,8,20
agricultural,4,2
agriculture,1,1
ahead,8,37
aid,11,45
aided,1,4
aim,165,10
aimed,7,3
aiming,4,2
air,15,17
alarm,4,1
alarming,4,1
alert,2,3
alien,22,4
allegiance,2,1
alliance,135,6
allied,9,3
allow,48,39
allowed,38,14
allowing,16,12
allows,4,8
ally,46,60
almighty,6,2
almost,103,19
alone,96,19
along,35,30
alongside,1,3
already,124,36
also,322,157
alter,13,1
alternative,19,15
always,320,50
amazing,6,5
ambition,7,18
ambitious,3,5
america,15,524
american,18,443
amid,8,2
among,220,23
amongst,2,2
amount,40,8
ample,3,1
amply,1,1
analysis,7,3
ancestor,8,1
ancient,20,3
anew,10,3
anger,10,6
angry,3,3
animal,18,1
animosity,2,1
anniversary,3,3
announce,1,7
announced,8,7
announcement,1,4
announcing,1,5
annual,1,5
another,178,50
answer,38,17
answered,12,4
answering,3,1
anthem,3,1
anticipated,3,2
anxiety,19,1
anxious,7,3
anybody,15,2
anyone,27,11
anything,56,8
anywhere,4,8
apart,35,4
apparatus,5,2
apparent,22,1
appeal,38,4
appear,40,2
appeared,49,1
appeased,1,1
appetite,1,3
applause,4,299
applicant,2,1
applied,17,1
applies,13,1
apply,10,10
applying,3,4
appoint,2,3
appointed,12,2
appreciate,13,51
appreciated,12,1
apprehend,1,1
apprehension,2,1
approach,8,11
approaching,9,3
appropriate,3,5
approval,2,1
approve,2,4
approved,3,4
approximately,3,1
april,2,3
arbitrary,3,2
architect,5,1
area,28,32
argue,2,8
argued,2,3
argument,33,1
arise,26,4
arises,22,1
arm,38,14
armed,11,22
army,138,38
around,30,52
arrest,7,3
arrested,3,5
arrival,6,2
arrive,10,3
arrived,20,6
arrives,2,2
arrogance,3,1
arsenal,1,2
art,78,1
article,8,1
artificial,6,2
ascending,2,1
asia,2,11
asian,1,1
aside,13,10
ask,21,81
asked,19,25
asking,3,8
asleep,1,1
aspect,20,5
aspiration,9,5
assassin,3,4
assassination,2,1
assault,10,2
assembly,22,9
assert,8,1
asserted,7,1
asserting,1,1
asset,6,9
assimilate,1,3
assimilation,4,1
assist,5,4
assistance,21,20
assisted,1,1
associate,6,1
association,59,8
assume,25,5
assuming,7,1
assumption,7,1
assure,16,4
assured,24,1
assuring,4,1
atlantic,1,4
atmosphere,12,1
attack,82,89
attacked,19,11
attacker,2,1
attacking,8,1
attain,19,2
attempt,108,7
attempted,8,2
attempting,4,4
attend,16,1
attending,7,1
attention,89,10
attitude,155,1
attract,16,2
attracted,5,2
attractive,6,1
audience,18,1
august,18,2
author,16,7
authority,140,22
automatic,1,4
automobile,1,2
available,13,17
average,34,7
avert,1,1
avoid,14,9
avoiding,6,1
await,1,2
awaken,11,1
awakened,5,1
awakening,5,2
awarded,1,1
aware,15,1
awareness,2,2
away,65,30
baby,1,12
back,63,74
backed,1,4
background,14,6
backing,5,1
bad,31,7
badge,6,1
balance,19,9
ballot,2,3
ban,1,2
band,11,4
bank,5,16
banner,14,2
barely,5,1
barred,4,1
barrier,7,6
base,18,8
based,59,18
basic,4,26
basis,69,4
baton,1,3
battalion,12,3
battered,1,1
battery,2,3
battle,31,23
battlefield,13,6
battlefront,2,1
battleship,1,1
bay,2,1
bear,39,6
beard,1,1
beating,2,1
beautiful,8,2
became,157,7
become,249,12
becomes,41,4
becoming,41,6
bed,4,4
began,104,14
begin,36,30
beginning,64,27
begun,20,15
behalf,16,5
behind,37,46
being,32,7
belief,61,17
believe,79,82
believed,47,8
bell,1,1
belong,29,1
belongs,18,4
beloved,6,2
bench,2,5
bend,1,1
benefit,18,44
benefited,6,2
berlin,26,6
beside,10,2
best,135,73
betray,3,1
betraying,2,1
better,145,109
beyond,42,32
bias,2,1
big,30,11
bigger,2,2
biggest,1,3
bill,2,84
billion,1,34
binding,2,1
birth,11,11
birthday,1,1
bit,4,1
bitter,33,1
black,20,1
blackmail,2,4
blame,15,3
blaming,1,2
blanket,1,1
bless,2,35
blessed,2,7
blessing,13,2
blew,1,2
blind,20,3
block,1,3
blood,123,7
bloodshed,9,1
bloody,4,1
blow,25,7
blue,2,1
blunt,1,2
board,3,8
body,121,14
bold,3,3
bomb,2,8
bond,6,3
book,48,2
booming,1,1
border,2,101
born,33,13
borrow,1,1
borrowed,3,1
borrowing,1,1
bos,1,1
bottle,1,1
bottom,2,3
bought,5,2
bound,67,6
boundary,6,2
boy,42,8
bracket,1,1
branch,29,5
brand,3,2
branded,5,1
brandenburg,1,1
brave,6,15
bravely,1,2
brazen,2,1
breach,3,2
breadth,1,1
break,37,16
breaking,9,2
breast,2,1
breed,8,2
bribed,1,1
bridge,2,3
brief,2,2
bright,1,2
brightest,1,2
brilliance,1,1
brilliant,14,1
bring,86,63
bringing,27,10
brings,16,12
brink,2,1
britain,84,5
british,74,5
broad,83,11
broadcast,2,3
broader,1,17
broadly,1,2
broadminded,1,1
broke,29,4
broken,40,8
brother,3,2
brotherhood,1,1
brought,79,23
brutal,21,11
brutality,5,5
buckled,1,1
bud,1,1
budget,1,33
build,17,70
building,49,23
built,14,8
bullet,4,3
bully,1,2
burden,14,12
burdened,5,2
bureaucrat,1,2
bureaucratic,3,1
burn,2,2
burning,4,3
business,42,63
busy,8,1
buy,2,16
buying,2,3
c,2,4
cabinet,11,7
calculated,12,2
call,76,40
called,112,38
calling,17,18
callous,2,1
calm,12,7
came,122,26
camp,20,19
campaign,31,16
canal,2,1
candidate,4,4
candle,1,1
cannon,2,1
cannot,184,34
capability,13,8
capable,70,13
capacity,37,4
capital,32,15
capitalism,1,4
captivity,1,3
capture,1,1
captured,1,12
car,1,17
card,4,12
care,26,101
cared,4,2
career,18,10
careful,13,3
carefully,27,6
caring,3,7
carried,83,8
carrier,3,3
carry,64,17
carrying,20,4
case,252,28
cast,11,4
cat,5,2
catastrophic,5,7
catch,2,8
category,6,1
catholic,24,2
caught,2,3
cause,157,68
caused,23,6
cease,21,3
ceasing,3,1
celebrate,2,3
celebration,4,3
cell,6,74
central,32,9
century,65,41
ceremony,3,3
certain,239,20
certainly,55,2
certainty,3,3
chain,6,1
chair,5,2
chairman,21,14
chamber,10,19
champion,42,1
chance,38,30
change,79,57
changed,19,16
changing,9,9
chant,1,1
chaos,6,18
chapter,4,5
character,143,36
characteristic,62,1
charge,12,10
charged,2,6
charitable,3,3
cheaper,1,1
check,7,9
cherish,1,1
cherished,4,2
chief,41,15
child,63,196
childhood,4,2
china,1,12
choice,10,58
choose,10,28
chooses,5,1
choosing,5,4
chose,10,4
chosen,35,9
christian,21,2
christmas,1,3
chronic,2,1
church,36,9
circle,95,1
circumstance,57,9
cite,2,1
citizen,67,165
citizenship,11,14
city,77,55
civic,11,6
civil,33,8
civilian,3,21
claim,26,10
clarity,5,3
clash,5,2
class,165,12
classic,5,1
clean,1,13
clear,83,59
clearcut,6,1
cleared,4,4
clearer,7,2
clearing,1,4
clearly,58,7
clergy,11,1
clerical,5,1
climate,6,3
climb,2,2
cling,4,2
cloak,8,1
clone,1,1
close,27,7
closed,4,2
closely,7,12
closer,10,7
closing,1,2
clothing,2,1
cloud,1,1
coach,1,3
coal,5,3
coalition,25,50
coast,2,29
code,6,10
coerced,1,1
cold,9,8
collapse,69,8
collapsed,6,2
collapsing,1,3
colleague,3,1
collect,5,2
collection,4,5
collective,2,1
college,4,19
colonel,3,1
colonial,24,1
colony,18,1
combat,12,14
combination,7,2
combined,13,3
combining,1,1
come,186,136
comfortable,2,3
coming,27,52
command,16,5
commander,3,21
commenced,4,1
commencing,1,1
commerce,11,3
commission,2,4
commissioned,2,2
commit,5,7
committed,19,15
committee,37,6
committing,1,2
commodity,1,3
common,109,25
communication,3,8
communist,9,1
community,109,57
compact,3,2
companion,11,1
company,19,27
compare,11,2
compared,20,2
compassionate,1,15
compelled,13,1
compels,1,1
compensation,1,1
compete,5,12
competent,10,1
competition,5,6
competitive,1,13
competitor,3,1
complacent,1,1
complement,3,1
complete,42,10
completed,11,1
completely,56,3
complex,2,6
comply,2,4
comprehension,3,1
comprehensive,8,26
compromise,9,1
comrade,29,3
conceal,5,1
concealed,1,3
concede,1,2
concentrate,12,2
concentrated,16,1
concern,22,8
concerned,42,11
concerning,10,3
concerted,1,3
concession,9,3
conclude,4,2
concluded,7,5
conclusion,29,5
conclusive,2,2
condemn,4,2
condemnation,2,1
condemned,9,2
condemning,1,3
condemns,1,1
condescension,1,1
condition,173,16
conduct,53,12
conducted,16,3
conducting,6,4
confederation,2,1
conference,3,4
confidence,28,27
confident,3,21
confidently,1,2
confirm,7,1
confirmation,3,1
confirmed,8,3
conflict,62,25
conflicting,3,1
conformity,4,1
confront,1,33
confronted,11,7
confronting,2,11
congo,1,1
congratulation,1,1
congress,3,183
connecting,1,1
conquer,8,4
conquering,8,1
conquest,13,3
conscience,18,19
consensus,1,1
consequence,88,21
conservation,7,4
conservative,8,7
conserve,2,1
consider,56,13
considerable,6,2
considered,99,4
considering,8,1
consist,5,1
consistent,5,3
consolidate,6,1
consolidated,5,1
conspiracy,4,2
constant,18,2
constantly,28,2
constitute,15,2
constituted,16,1
constitution,25,15
constitutional,9,6
construction,5,2
constructive,14,1
consult,1,1
consumer,1,9
consuming,1,1
consumption,3,1
contact,21,1
contagion,2,2
contained,5,2
contains,1,1
contempt,7,2
content,27,2
contentious,1,1
contest,3,3
context,1,2
continent,18,11
contingent,2,1
continue,49,91
continued,25,8
continues,2,13
continuing,3,8
contract,3,2
contrary,68,2
contrast,15,1
contribute,9,7
contributed,11,1
contributes,6,1
contribution,9,12
control,40,32
controlling,2,4
controversy,7,3
conversation,1,1
convert,6,1
converted,5,1
convey,2,1
conveyed,2,2
conviction,71,15
convince,6,3
convinced,46,1
cool,4,1
cooperate,2,5
cooperation,7,12
coordinate,1,3
cope,3,1
cord,2,4
core,1,2
corner,6,5
corp,5,22
corporate,2,5
corporation,2,3
correct,26,6
correctly,10,1
corrupt,8,1
corruption,9,6
cost,23,44
costly,1,1
could,560,90
council,10,39
counsel,2,4
count,18,2
counted,6,2
counter,6,3
counterpart,4,3
counting,3,1
country,168,319
countryside,2,2
couple,7,5
courage,57,46
courageous,11,5
course,207,41
court,20,14
cover,8,5
covered,6,5
coward,12,1
crack,2,1
crash,1,3
create,22,44
created,45,22
creates,1,5
creating,7,16
creation,17,5
creative,64,4
creator,15,4
credit,5,34
creed,3,6
crew,2,1
crime,20,13
criminal,46,14
crisis,6,36
criterion,2,2
critic,3,9
critical,15,14
criticism,19,6
cross,4,14
crossed,1,3
crossing,4,11
crowd,22,2
crowded,3,1
crucial,2,9
crude,9,3
cruel,4,1
cruelty,3,7
crushed,3,2
cultivating,1,1
cultural,98,1
culture,76,22
cunning,12,1
cure,8,10
cured,6,1
current,18,23
custom,10,7
cut,9,42
daily,50,8
damage,18,2
damaged,1,5
danger,79,63
dangerous,28,26
dare,11,1
daring,5,2
dark,10,6
darkest,1,3
darkness,3,1
data,3,1
date,15,7
dating,1,1
daughter,3,6
david,2,5
day,283,142
de,4,2
dead,24,6
deadly,7,8
deal,45,20
dealing,26,6
dealt,24,2
dear,3,3
dearly,5,1
death,52,32
debate,7,26
debated,1,1
debating,2,3
debt,3,10
decade,12,36
deceit,1,1
deceived,5,2
deceiving,3,3
december,5,1
decency,4,6
decent,16,14
deception,4,2
decide,27,3
decided,50,8
decimated,1,2
decision,78,62
decisive,26,11
decisively,1,4
declaration,6,5
declared,22,15
decline,27,6
declined,4,4
declining,1,3
decrease,3,1
dedicated,2,5
dedicating,1,1
deed,12,1
deemed,5,1
deep,6,15
deeper,10,4
deepest,2,8
deeply,17,8
default,1,1
defeat,29,22
defeated,6,10
defective,12,1
defend,48,51
defended,7,7
defender,8,2
defending,14,5
defensive,13,2
defiance,1,3
define,2,5
defined,8,4
definition,7,3
degree,63,1
delay,2,3
delayed,1,2
deliberate,6,5
deliberately,9,1
deliberation,1,3
deliver,5,14
delivered,21,10
delivering,6,6
demand,66,41
demanded,17,3
demanding,2,4
democracy,69,101
democrat,22,11
democratic,47,41
demonstrate,2,6
demonstrates,1,2
denied,12,6
denounces,1,1
dental,1,1
deny,12,14
departed,2,1
department,13,39
departure,1,1
depend,13,12
dependence,2,4
dependent,20,9
depending,2,1
depends,15,12
depression,3,7
depriving,2,1
depth,9,2
deputy,6,3
derived,4,7
descend,5,1
describe,9,1
described,18,4
description,6,1
desert,6,4
deserve,6,24
deserves,7,7
design,9,8
designed,5,6
designer,1,1
desire,29,12
despair,10,10
desperate,5,1
despicable,10,1
despise,2,2
despite,21,5
despotism,3,1
destined,22,1
destiny,39,6
destroy,26,11
destroyed,22,18
destroying,9,3
destroys,8,3
destruction,47,47
destructive,15,6
detail,17,3
detailed,5,3
detect,2,3
determination,45,11
determine,8,8
determined,55,25
determines,4,1
determining,7,1
deterrent,1,1
devastating,7,3
develop,26,27
developed,54,5
developing,16,22
development,130,18
devised,1,2
devote,13,2
devotion,14,1
dialectic,1,1
dictate,8,3
dictator,2,18
dictatorship,9,8
die,21,6
died,9,9
difference,34,22
different,107,51
differently,4,6
difficult,87,41
difficulty,25,2
dignity,17,42
dim,6,1
diminished,1,2
diploma,4,2
diplomacy,6,15
diplomat,8,4
diplomatic,4,6
direct,24,9
directed,43,11
directing,5,2
direction,32,11
directive,1,1
directly,11,9
director,5,10
disadvantage,3,1
disappearing,1,1
disappointed,1,6
disappointment,2,9
disarm,2,15
disarmament,7,4
disarmed,1,2
disarming,4,4
disaster,21,17
disbelief,1,1
discarded,3,3
discipline,20,3
disclose,2,3
disclosed,3,1
discord,3,2
discouraged,3,2
discouragement,2,1
discouraging,1,2
discourse,2,1
discover,15,4
discovered,25,4
discovering,2,1
discovery,14,4
discredit,1,1
discriminate,1,3
discrimination,2,1
discus,9,13
discussed,10,1
discussing,3,6
discussion,34,6
disease,36,36
disintegrated,1,1
disintegration,17,1
disloyal,1,1
dismissed,1,1
dispersed,2,1
displaced,1,5
display,9,1
displayed,20,1
disposal,17,1
dispute,12,1
disrupt,1,7
disruption,7,6
distance,6,4
distant,6,6
distinct,6,1
distinction,13,3
distinguished,4,14
distorted,2,1
distribute,2,1
distributing,1,1
district,27,7
diverse,3,3
divided,6,2
dividend,1,3
dividing,1,1
division,20,11
doctor,3,25
doctrine,77,3
document,6,5
dog,8,1
dogged,2,1
dogma,8,1
domestic,11,8
dominate,12,7
dominated,7,1
dominating,2,1
domination,15,1
donated,1,1
donation,1,1
done,89,55
doomed,22,2
door,12,5
dos,1,1
dose,1,2
double,2,12
doubled,1,7
doubt,25,12
doubted,2,1
dozen,7,9
dr,12,5
draft,1,3
drag,11,1
dramatic,2,9
drastic,4,1
drastically,1,1
draw,24,5
drawing,10,4
drawn,13,5
dread,2,1
dream,16,24
dress,1,1
drill,3,1
drive,9,9
driven,13,3
driver,1,3
driving,8,2
drop,9,1
dropped,3,5
drove,5,2
drug,1,69
drunk,1,1
dull,1,1
durable,3,1
duration,2,3
dust,2,1
duty,124,48
dwelling,4,1
dying,4,8
dynamic,2,4
e,1,1
eagerly,5,1
ear,12,2
earlier,11,4
early,44,17
earn,10,6
earned,2,7
earnings,7,2
earth,60,16
earthly,6,1
ease,7,4
easier,23,9
easily,66,2
east,10,94
eastern,11,6
easy,21,16
eat,3,2
eaten,1,1
ebb,1,1
echo,2,1
economic,169,79
economics,9,1
economy,6,121
edifice,9,1
editorial,1,2
educate,9,1
educated,13,4
educating,3,1
education,92,36
educational,26,1
edward,2,1
effect,128,5
effective,36,29
effectively,13,9
effectiveness,5,5
efficiency,22,1
efficient,16,5
effort,108,103
egg,2,5
egypt,4,8
egyptian,1,3
eight,18,14
eighty,4,1
either,54,6
elderly,1,4
elected,7,16
election,19,43
electoral,3,1
electric,1,6
element,140,11
elementary,8,1
eleven,4,1
eligible,1,4
eliminate,5,10
eliminated,10,1
eliminating,6,5
elite,1,3
eloquent,2,1
else,46,2
elsewhere,17,4
embodied,6,2
embrace,8,3
emerge,4,7
emerged,8,2
emerging,1,5
emotion,4,1
emotional,8,3
empire,60,8
employ,14,3
employed,52,2
employee,17,16
employer,21,21
employment,11,1
emptied,2,1
empty,10,3
enable,20,2
enables,7,1
enacted,4,1
encounter,3,2
encourage,3,28
encouragement,1,1
encourages,1,3
encouraging,7,12
end,207,59
endanger,1,1
endangered,1,1
ended,7,16
ending,3,9
endless,10,2
endowed,18,1
endowment,2,6
endurance,6,1
endure,19,2
enduring,6,3
enemy,164,116
energetic,9,1
energy,52,46
enforce,4,6
enforced,5,4
enforcement,2,35
enforcing,2,2
engage,7,1
engaged,13,10
engagement,2,1
engine,1,1
engineer,4,5
engineering,2,1
england,7,2
english,9,3
enhance,2,2
enjoy,7,3
enlisted,1,1
ennobled,1,1
enormous,30,3
enough,42,25
enrich,2,2
enriched,1,2
enrolled,2,2
ensure,5,43
ensures,2,1
ensuring,4,2
enter,24,9
entered,21,4
entering,10,5
enterprise,18,15
enters,8,2
enthusiasm,39,2
entire,12,13
entirely,55,2
entrusted,14,1
environment,5,10
envy,7,1
epic,1,1
epidemic,3,1
equal,34,12
equality,12,2
equally,17,4
equip,2,1
equipment,8,9
equipped,2,2
equivalent,2,1
era,15,9
erasing,1,1
error,20,3
escape,7,5
escaped,2,1
especially,126,19
essential,62,30
essentially,11,1
establish,37,20
established,51,3
establishes,4,1
establishment,27,5
estimate,15,1
eternally,1,2
eternity,2,1
ethical,4,19
europe,73,23
european,30,8
evacuation,1,2
evade,1,1
even,470,67
evening,26,17
event,47,13
eventual,1,1
eventually,23,9
ever,88,24
everlasting,9,1
every,270,238
everybody,25,3
everyone,23,11
everything,82,16
everywhere,19,12
evidence,20,15
evident,19,1
evil,60,37
exactly,11,6
exaggerated,3,1
examine,15,4
examining,2,1
example,82,27
excellence,4,2
except,41,5
exceptional,5,3
excess,3,2
excessive,5,1
exchange,13,4
exciting,1,2
excluded,5,1
exclusively,52,1
excuse,13,7
executed,1,3
executing,1,2
execution,11,3
executive,5,12
exercise,27,3
exercising,4,1
exhaust,1,1
exhaustion,2,1
exile,1,4
exist,58,5
existed,28,1
existence,238,2
existing,32,4
exists,36,2
exit,1,1
expand,2,19
expanded,2,10
expanding,1,16
expands,1,2
expansion,15,5
expect,21,33
expectation,1,5
expected,12,5
expects,2,2
expeditiously,1,1
expelled,1,1
expenditure,9,2
expense,12,8
experience,71,16
experienced,9,6
experiment,8,4
expert,11,7
explain,21,6
explained,14,2
explaining,2,1
explanation,12,2
exploit,16,1
exploitation,9,1
exploited,16,3
exploiting,5,1
explosion,2,2
export,1,6
expose,4,2
exposed,3,1
exposing,1,1
express,18,2
expressed,24,3
expressing,4,1
expression,43,1
extend,10,19
extended,8,2
extending,3,7
extends,1,1
extensive,6,3
extent,32,3
extortion,4,1
extraordinary,11,4
extreme,26,1
extremely,7,2
extremist,4,32
eye,86,6
f,8,1
fabulous,1,6
face,84,55
faced,18,19
facility,3,10
facing,5,12
fact,329,23
faction,3,1
factor,46,1
factory,17,4
faculty,42,1
faded,1,1
fail,24,9
failed,50,21
failing,10,5
fails,10,4
failure,48,20
fair,2,24
fairer,2,1
fairly,2,2
faith,74,36
faithful,12,5
faithfully,2,2
fall,39,14
fallen,9,7
falling,10,2
false,32,4
falter,1,4
faltering,1,1
familiar,9,4
family,17,96
famine,4,2
fanatic,2,1
fanaticism,2,1
fantastic,8,3
far,130,37
farm,1,1
farmer,6,8
farreaching,9,1
farther,3,1
fascism,1,2
fast,3,5
faster,1,4
fate,82,7
father,38,9
fault,13,2
fear,46,40
feared,15,1
fearful,5,3
february,6,2
federal,28,94
feed,2,8
feeding,3,4
feel,73,17
feeling,124,2
fell,25,2
fellow,22,60
felt,82,14
fence,1,1
fertile,2,1
fertility,3,1
fewer,2,12
field,56,16
fifteen,14,1
fifth,1,1
fight,163,82
fighter,3,5
fighting,119,31
figure,5,2
fill,14,10
filled,23,8
filling,6,2
final,79,11
finally,163,14
finance,21,6
financial,29,51
find,122,58
finding,7,12
fine,15,13
finger,6,4
finish,8,7
finished,2,2
fire,24,19
fired,5,1
firing,1,3
firm,19,13
firmly,25,1
first,416,109
firstclass,1,1
firsthand,1,3
fit,14,3
five,24,30
fix,6,5
fixed,23,1
flag,37,7
flagrant,3,1
fled,1,2
fleeing,1,1
flew,1,1
flexibility,3,5
flight,3,6
flood,4,6
floor,2,2
floundering,1,1
flourish,3,4
flow,2,6
flowing,2,2
flying,2,2
focus,1,30
foe,6,2
folded,1,1
folk,5,17
follow,38,12
followed,52,15
follower,53,2
following,75,7
food,16,15
foot,11,4
footing,3,1
forbidden,3,1
force,222,128
forced,67,6
forcing,4,1
foreign,136,31
foremost,11,2
foresee,4,2
foreseen,6,1
forest,2,2
forever,4,8
forget,36,19
forgot,3,1
form,211,8
formal,13,1
formality,1,1
formation,27,1
formed,50,3
former,57,15
forming,15,1
formula,13,1
forth,19,7
fortitude,2,1
fortunate,12,4
forum,4,2
forward,52,48
foster,5,2
fought,33,17
found,121,36
foundation,87,8
founded,38,3
founder,29,5
founding,9,10
four,36,35
fourandahalf,3,1
fourteen,6,1
fourth,8,9
fragment,7,1
framework,17,2
france,86,1
frank,4,2
frankly,3,2
fraud,2,1
free,54,127
freed,2,2
freedom,57,232
freeing,3,1
freely,9,2
freer,1,3
fresh,24,1
friend,12,65
friendly,7,1
friendship,9,3
frighten,3,2
frightened,4,2
front,100,10
frontier,49,4
frontline,1,2
fruit,11,1
fuel,1,10
fulfilled,23,5
fulfilling,8,3
full,42,28
fullness,1,1
fully,27,23
fume,1,1
fun,1,2
function,29,5
functioning,1,1
fund,12,43
fundamental,77,15
funeral,3,2
future,185,95
g,1,3
gain,37,21
gained,46,3
gaining,7,6
gallery,2,1
game,11,1
gang,9,4
gap,1,3
garden,2,7
gas,5,7
gate,2,3
gather,6,9
gathered,8,6
gathering,7,7
gave,56,16
general,207,35
generally,55,1
generation,53,52
generous,3,5
genius,57,3
gentleman,30,9
genuinely,9,1
george,3,30
germ,13,1
germany,311,7
get,44,83
getting,14,8
giant,4,2
gift,29,15
girl,14,16
give,116,79
given,89,42
giving,22,22
glad,1,5
glimpse,1,2
globe,12,5
glorious,8,1
glory,14,1
go,77,56
goal,44,65
god,31,56
going,12,91
golden,1,3
goldsmith,2,1
gone,17,13
good,118,160
goodbye,1,1
goodhearted,1,1
goodness,1,3
goodwill,7,3
got,20,52
governed,10,1
governing,10,5
government,152,235
grace,3,5
grade,8,9
gradual,10,2
gradually,93,2
graf,3,5
grand,4,3
grandchild,1,9
grande,1,2
grant,8,16
granted,14,6
granting,2,2
grasp,17,1
grass,1,2
grateful,8,21
gratitude,4,7
grave,29,9
gravest,1,4
great,366,179
greater,69,46
greatest,54,20
greatness,40,7
greece,1,2
greed,4,1
green,1,3
greeted,4,1
grew,22,4
grief,1,7
grim,1,4
grip,9,1
ground,70,17
group,101,49
grow,17,22
growing,16,29
grown,17,4
grows,7,6
growth,18,31
guarantee,36,7
guaranteed,15,1
guaranteeing,2,1
guard,23,28
guardian,4,1
guest,4,14
guidance,3,2
guide,5,10
guided,4,8
guiding,13,2
guilt,8,1
guilty,8,2
gulf,7,24
habit,25,4
half,28,29
hall,69,10
hallowed,1,1
halt,2,1
hamburg,2,1
hammer,1,1
hand,230,22
handful,6,2
happen,36,18
happened,42,15
happening,14,6
happens,25,3
happiest,1,1
happiness,8,1
happy,16,5
hard,38,67
harden,2,1
harder,3,4
hardest,3,6
hardship,7,3
hardworking,2,11
harm,8,16
harness,1,2
harsh,7,7
harvest,2,1
hasten,4,1
hate,12,4
hatred,35,19
havoc,7,2
hazardous,1,1
head,40,7
headed,2,3
heading,2,1
headquarters,4,2
heal,1,1
healed,1,2
healing,1,2
health,18,134
healthier,3,1
healthy,29,8
hear,8,16
heard,20,9
hearing,5,3
heart,83,33
heartfelt,1,1
heartless,2,2
heat,3,2
heaven,22,3
heavy,11,4
heed,1,2
hegemony,14,1
heightened,1,2
heir,2,2
held,69,15
hell,4,14
helm,2,2
help,67,226
helped,20,25
helping,6,35
henceforth,2,1
hereby,1,2
heritage,6,1
hero,28,6
heroic,37,3
heroism,12,1
hesitant,2,1
hesitate,4,2
hesitation,8,1
hidden,9,5
hide,2,11
high,53,36
higher,95,20
highest,54,12
highly,18,5
highway,1,3
hill,1,3
hindering,1,1
hire,1,6
hired,2,1
historian,2,6
historic,2,23
historical,36,2
history,142,87
hit,8,5
hold,83,25
holding,26,6
holiest,1,1
holy,3,5
home,95,97
homeland,2,51
homeless,1,2
homestead,1,1
honest,39,7
honestly,6,1
honesty,13,1
hope,55,121
hoped,21,1
hopeful,1,26
hopeless,9,3
hopelessness,1,2
hoping,5,2
horizon,7,2
horror,12,13
horse,8,4
hospital,12,16
hospitality,3,2
host,5,3
hostile,22,5
hostility,12,2
hot,1,1
hotel,2,1
hour,73,22
house,42,56
housing,2,15
houston,1,4
however,114,16
huddled,1,1
huge,9,12
human,209,109
humane,12,7
humanitarian,3,4
humanity,41,13
humble,4,1
humiliation,7,1
hundred,109,18
hungary,2,1
hunger,17,4
hungry,4,2
hunting,2,5
hurt,1,3
husband,5,8
hybrid,5,3
ice,1,1
idea,294,17
ideal,157,24
idealism,14,8
idealistic,4,3
identical,6,1
identification,1,1
identified,3,1
identify,5,4
identifying,1,2
identity,3,2
ideological,9,6
ideology,18,17
idle,3,1
ignorance,15,1
ignore,5,6
ignored,15,1
ii,6,4
ill,7,6
illegal,3,27
illegally,1,5
illiterate,1,1
illness,5,3
illusion,14,4
illustrate,3,1
illustrates,1,1
im,1,75
image,9,10
imaginary,1,1
imagination,7,1
imagine,26,4
imagined,8,4
imagining,3,1
immediate,13,15
immediately,37,11
immense,8,1
immigrant,1,30
imminent,2,3
immune,2,1
impact,1,4
impartial,6,3
imperative,5,1
imperfect,1,1
imperial,18,3
implanted,1,1
implement,1,4
importance,132,7
important,99,80
impose,10,8
imposed,13,2
imposing,7,2
impossibility,6,1
impossible,79,7
imprisoned,1,1
imprisonment,3,1
improve,8,29
improved,3,5
improvement,9,8
improving,3,11
inaction,1,1
inborn,5,1
incite,1,1
inciting,4,1
include,7,7
included,7,3
includes,6,10
including,9,34
inclusion,1,1
incoherent,3,1
income,1,24
incompatible,2,1
increase,56,40
increased,41,3
increasing,33,17
increasingly,4,12
incredible,20,4
indeed,97,1
indefinitely,7,1
independence,39,10
independent,29,10
india,11,7
indian,3,4
indicate,1,1
indicates,3,1
indifference,13,2
indifferent,12,1
indispensable,16,1
individual,284,22
indivisible,2,1
industrial,14,1
industry,17,12
inequality,1,1
inevitable,20,3
infant,1,3
infected,7,5
infection,7,4
inflation,3,3
inflict,1,3
influence,103,8
influential,1,2
inform,1,1
information,17,28
informed,14,1
ingenuity,1,2
ingrained,1,1
inhabitant,8,1
inherent,11,1
inherited,2,1
inhumane,1,1
initial,3,7
initiative,8,27
injured,3,1
injury,2,3
injustice,5,1
inner,82,1
innocent,8,29
innovation,3,9
insecurity,5,1
inside,2,5
insight,30,1
insignificant,15,1
insist,5,3
insisting,8,2
insists,2,1
inspiration,8,1
inspire,7,4
inspired,29,5
inspires,1,1
inspiring,4,1
instance,39,1
instead,50,32
instilled,1,2
institute,2,6
institution,99,40
instruct,1,1
instructed,4,2
instruction,23,3
instrument,43,1
insufficient,7,1
insurgent,1,11
intact,5,1
integrity,6,6
intellect,15,1
intellectual,116,1
intelligence,40,47
intelligent,15,1
intend,4,7
intended,13,1
intends,1,1
intense,2,2
intensified,3,1
intensive,8,1
intent,4,1
intention,46,11
interest,215,32
interested,12,3
interesting,4,3
interference,3,2
international,72,32
internationally,1,1
interpret,1,1
interpretation,5,2
interrupt,2,1
interruption,5,1
intervention,6,3
intimidated,1,2
intimidation,6,1
intolerance,6,1
introduced,23,1
introducing,5,1
introduction,5,5
invaded,3,2
invasion,7,4
invented,1,1
invest,1,11
invested,7,1
investigating,3,1
investigation,3,3
investing,1,2
invigorate,1,1
invitation,6,1
invite,1,9
invited,3,4
involve,3,2
involved,10,9
involves,1,5
involving,1,2
iron,16,1
irresponsible,5,1
irritant,1,1
island,1,2
isolated,8,6
isolating,1,1
isolation,1,3
israel,1,17
issue,19,59
issued,2,4
italy,34,3
item,2,2
january,8,6
japan,12,16
japanese,13,1
jeopardy,1,1
jew,325,2
jewish,142,1
job,17,140
join,31,36
joined,18,21
joining,5,5
joint,1,3
journalist,4,4
journey,2,11
joy,10,3
judge,16,10
judged,15,1
judgment,26,1
jumped,1,1
justice,32,50
justified,14,2
justify,6,2
juvenile,2,2
k,1,1
keep,40,55
keeping,13,17
kept,26,8
key,5,18
kill,1,18
killed,5,15
kind,182,22
kindness,3,4
king,8,4
knee,4,1
knew,36,9
knock,3,1
knocked,1,1
know,119,209
knowing,9,3
knowledge,97,9
known,25,18
lack,99,7
lacking,14,1
laid,35,2
land,21,29
landed,1,1
language,63,4
large,61,21
largely,6,5
larger,23,11
largescale,1,1
largest,8,9
last,139,88
lasting,7,7
late,15,11
later,110,9
latest,3,3
latin,3,5
laugh,7,2
laughter,1,47
launch,3,4
launched,5,6
law,92,127
lawyer,2,3
lay,49,9
le,128,21
lead,81,73
leader,166,84
leadership,34,33
leading,24,22
leaf,10,2
league,38,1
learn,29,21
learned,46,16
learning,19,13
least,130,18
leave,35,27
leaving,14,9
led,66,13
left,90,42
leg,1,2
legal,5,24
legality,1,1
legally,1,2
legislate,1,2
legislation,7,37
legislative,8,4
legitimate,2,2
leipzig,4,1
lend,7,1
lending,1,2
length,4,1
lengthy,2,1
lessen,3,1
lesson,32,13
lest,10,1
let,45,50
letter,12,8
level,73,25
liberate,5,8
liberated,5,4
liberating,7,4
liberation,8,9
liberty,31,100
library,1,1
lie,73,14
life,313,236
lifeline,1,1
lifetime,2,3
lift,5,12
lifted,1,3
lifting,2,4
light,54,13
lightly,3,1
like,113,111
likely,10,8
limb,3,1
limit,22,15
limited,29,1
limiting,1,3
line,75,32
link,2,2
linked,2,1
liquidation,1,2
list,5,3
listen,9,10
listened,6,2
listening,1,6
listens,1,1
little,121,21
live,45,59
lived,22,6
livelihood,20,1
living,37,19
load,1,1
loan,3,18
lobby,1,1
local,14,51
lock,1,1
logic,6,1
london,2,4
long,185,72
longer,102,25
longing,13,1
longrange,2,4
longstanding,1,1
look,73,46
looked,88,4
looking,13,8
lose,20,7
losing,14,8
loss,25,11
lost,71,32
lot,23,45
loud,1,5
lousy,2,1
love,41,27
loved,6,13
lovely,1,2
loving,1,3
low,13,10
lower,36,9
lowered,4,2
lowering,2,1
lowest,8,1
loyal,12,1
loyalty,12,1
lung,1,1
luther,1,1
luxury,1,1
lying,13,1
mad,2,3
made,288,78
madman,1,1
madness,6,1
magic,13,1
magnitude,5,2
main,28,6
mainly,13,2
maintain,33,3
maintained,21,1
maintaining,12,3
majesty,7,1
major,3,26
majority,80,12
make,257,228
maker,1,1
making,61,50
malignant,2,1
man,264,35
manage,2,1
managed,6,1
management,8,8
manager,1,1
mandate,2,5
manhood,4,1
manifestation,26,1
manipulate,1,1
manipulation,1,1
mankind,48,5
manner,66,3
manpower,2,6
manufacturer,1,1
manufacturing,1,2
many,190,188
map,2,2
march,25,8
marched,6,1
mark,15,3
marked,7,4
market,7,66
marriage,19,19
marshal,2,2
martin,2,3
martyr,2,1
marvel,1,1
mass,287,52
master,59,2
mastered,1,1
match,2,6
mate,9,2
material,63,19
materialistic,6,1
matter,168,25
max,2,2
may,411,66
maybe,2,3
mayor,2,9
meal,4,1
mean,301,45
meaning,44,6
meant,58,5
meantime,2,1
meanwhile,8,1
measure,102,24
measured,6,4
medal,1,1
medical,5,52
medicine,1,31
medium,8,3
meet,23,60
meeting,211,16
melt,1,1
member,172,95
membership,20,1
memorial,2,3
memory,35,4
men,279,112
menaced,1,1
mental,41,1
mentioned,30,3
mercy,4,9
merely,108,2
mess,1,2
message,8,28
met,12,26
method,67,14
mexico,1,8
middle,21,100
midnight,1,2
midst,9,3
might,213,22
militant,15,1
militarism,2,2
military,132,108
million,87,111
mind,153,14
mine,5,1
minimum,3,1
minister,11,13
minor,5,3
minority,7,11
minute,19,8
miracle,8,3
miraculous,1,1
mirror,1,2
misery,29,2
mislead,2,1
miss,1,4
missed,3,1
missing,2,2
mission,39,48
mistake,46,17
mistaken,13,1
misunderstanding,3,1
mix,4,1
model,11,5
moderate,5,4
moderation,4,2
modern,27,11
modest,14,1
moment,132,44
momentum,1,9
monarchy,47,1
monetary,1,1
money,27,59
month,24,54
moral,83,29
morale,3,3
morality,4,3
morally,6,1
morning,22,21
mortal,27,2
mortar,3,1
mostly,20,2
mother,25,17
motif,19,1
motion,5,1
mountain,2,4
mounting,1,3
move,13,35
moved,16,5
movement,558,17
much,166,73
multinational,1,1
multiply,4,1
munition,6,2
murderer,1,4
music,4,1
musician,1,1
must,698,293
mustard,1,2
mutual,33,1
mystery,7,1
naive,1,1
name,58,10
named,2,8
namely,110,1
narrow,10,2
nation,576,405
national,484,78
native,16,1
natural,76,9
naturalization,1,1
naturally,52,1
nature,141,13
naval,12,2
navy,9,6
near,7,6
nearly,26,40
necessary,232,39
necessity,56,1
need,84,180
needed,26,24
needle,1,7
negative,16,1
negotiate,1,1
negotiation,5,3
neither,40,5
nerve,5,2
nervous,5,1
nest,1,4
net,3,2
neutral,2,2
neutrality,1,1
never,273,77
nevertheless,18,2
new,362,315
newly,7,3
news,9,11
newspaper,43,1
next,23,53
night,19,18
nightmare,1,2
nine,5,5
ninetenths,2,1
noble,11,15
nobly,1,2
nobody,52,3
none,16,7
normal,6,7
north,14,16
northern,4,3
note,6,2
nothing,149,20
notice,14,6
noticed,5,1
notion,41,1
notwithstanding,4,1
november,41,4
nowhere,5,1
number,125,41
numerous,10,2
nurse,1,5
oath,1,6
obedience,13,1
obey,7,1
obeyed,2,1
object,47,3
objection,20,2
objective,53,10
obligation,29,11
observe,11,1
observer,10,3
obstacle,18,2
obtained,16,2
obtaining,6,1
obviously,10,7
occasion,46,1
occupation,16,3
occupied,12,3
occupy,6,1
occur,3,2
occurred,6,2
october,11,2
odd,2,1
offensive,24,12
offer,28,31
offered,22,10
offering,6,4
office,30,29
officer,21,17
official,79,30
often,136,18
oh,2,4
old,175,15
older,7,7
one,868,228
onethird,1,3
onetime,1,1
onto,1,2
onward,3,1
open,50,27
opened,14,6
opening,4,4
openly,28,2
operate,4,5
operates,2,1
operating,4,6
operation,13,38
opinion,136,4
opponent,46,12
opportunity,31,64
oppose,23,13
opposed,40,9
opposes,4,2
opposing,7,1
opposite,20,2
opposition,38,2
oppressed,10,11
oppression,21,9
oppressive,5,3
oppressor,5,1
order,211,34
ordered,9,5
orderly,2,5
ordinary,17,9
organization,1,22
organized,1,2
orphan,3,2
others,104,50
otherwise,47,3
ought,98,3
outbreak,7,1
outcome,27,11
outline,5,5
outpouring,1,1
outrage,6,2
outside,38,9
outstanding,16,1
overcome,35,12
overlook,1,1
overnight,1,5
overthrow,15,2
overwhelmed,3,4
overwhelming,10,1
overwhelmingly,1,2
owe,10,11
owes,13,2
owned,1,1
owner,1,7
ownership,2,9
pace,4,3
pacific,1,2
page,4,2
paid,19,7
pain,9,5
painful,1,3
palace,5,3
palestine,2,6
paper,33,1
parade,6,1
paradise,6,1
parasite,11,1
parent,15,29
paris,9,2
parish,7,2
parliament,54,7
parliamentary,69,1
part,221,62
participant,1,3
participate,11,5
participation,3,7
particular,59,5
particularly,47,6
partisan,2,6
partly,32,1
partner,4,20
party,401,41
pas,14,43
passage,3,3
passed,39,45
passing,10,12
passion,11,1
passionate,8,1
past,85,39
pastor,3,2
path,12,48
pathetic,1,1
patience,5,7
patient,4,18
patriot,8,7
patriotism,13,1
patrol,2,28
pattern,2,2
paul,1,4
pay,28,39
paying,4,4
peace,67,138
peaceful,16,26
peacefully,4,3
pearl,1,2
penalty,4,8
penny,6,1
pension,4,6
people,985,503
per,11,4
percent,1,31
percentage,2,2
perception,4,1
perfect,5,5
perfected,1,1
perform,7,4
performance,7,6
performed,7,1
performing,5,6
perhaps,27,2
peril,7,7
perilous,2,2
period,79,15
permanent,16,17
permanently,11,7
permission,2,1
permit,11,7
permitted,13,3
permitting,1,2
perpetual,9,1
persecution,10,2
perseverance,11,2
persian,1,4
persistence,2,2
persistent,20,6
persistently,11,1
person,124,24
personal,66,18
personality,26,1
personally,20,3
personnel,4,14
persuading,5,1
perversion,1,1
pervert,2,1
petition,1,1
petty,22,1
phase,13,6
philosophical,2,1
philosophy,4,3
phrase,18,1
physical,62,5
physically,16,1
picked,1,1
picture,36,6
piece,30,10
pill,1,1
pillar,10,1
pilot,1,2
pitched,1,1
place,210,80
placed,28,6
placing,7,2
plague,9,3
plain,2,2
plan,44,93
plane,9,5
planet,8,2
planned,4,5
plant,2,4
platform,6,1
play,46,3
played,24,2
player,1,4
playing,10,8
please,3,11
pleased,12,10
pledge,4,17
pledged,2,6
plenty,3,1
plot,1,8
plunge,1,2
pocket,3,1
point,138,32
poison,31,2
poland,4,4
police,23,27
policy,292,51
political,423,39
politician,32,5
politics,51,9
poll,1,4
pollution,4,2
ponder,4,1
poor,28,13
popular,31,6
popularity,7,1
population,78,8
port,2,4
portfolio,1,1
portion,18,5
pose,3,3
posed,1,1
position,155,13
positive,25,2
positively,5,1
posse,45,5
possessed,26,3
possession,20,1
possibility,51,7
possible,227,29
possibly,14,5
post,13,3
postal,3,1
posted,2,2
potential,1,24
poured,4,1
poverty,9,20
power,296,102
powerful,19,9
practical,111,7
practice,58,12
praise,10,2
praised,6,1
pray,5,6
prayed,1,1
prayer,4,12
preach,1,1
precaution,3,1
precious,8,3
precise,12,1
precisely,10,3
precision,1,3
predecessor,2,1
predict,1,3
predicted,1,2
prefer,4,1
preference,2,1
pregnancy,1,1
prejudice,12,1
preliminary,26,1
premise,6,1
preparation,16,3
prepare,14,11
prepared,26,15
preparing,11,5
prescribed,4,1
prescription,2,24
presence,12,4
present,191,5
preserve,36,7
preserving,12,1
president,7,153
press,100,10
pressed,4,1
pressure,10,16
pretend,10,1
pretending,2,1
pretension,2,1
pretty,1,6
prevail,16,9
prevailed,4,1
prevailing,11,1
prevent,47,30
prevented,11,5
preventing,6,8
prevention,2,5
preventive,2,3
prevents,6,2
previous,10,2
prey,15,2
price,3,17
pride,18,7
primarily,10,1
primary,15,9
prime,1,12
principal,17,6
principle,267,40
prior,1,3
priority,2,25
prison,5,15
prisoner,1,10
private,17,26
privately,1,2
privilege,10,8
privileged,1,1
pro,6,1
probably,31,4
problem,190,63
procedure,10,2
proceed,3,3
proceeding,13,1
proceeds,1,1
process,92,17
procession,3,1
proclaimed,10,2
proclaims,2,1
produce,26,15
produced,24,5
producing,8,5
product,43,9
production,22,9
productive,11,3
productivity,3,1
prof,9,1
profession,20,2
professional,12,8
professor,18,1
profit,6,4
profiting,3,1
profound,53,4
profoundly,19,1
progress,59,67
progressive,10,1
prohibit,2,2
prohibited,3,2
prohibition,2,1
prohibits,1,1
project,8,10
prominent,2,1
promise,14,46
promised,6,8
promising,3,7
promote,18,16
promoted,3,1
promoting,8,7
promotion,4,1
promptly,3,1
prone,6,1
pronounced,9,1
proof,42,1
propaganda,166,1
proper,12,2
properly,11,2
property,12,7
proportion,16,1
proposal,9,15
propose,1,26
proposed,5,9
proposes,1,3
prospect,23,8
prosper,3,3
prosperity,11,26
protect,15,63
protected,17,10
protecting,3,15
protection,31,12
protective,5,1
protects,3,4
protest,27,1
protestant,9,1
proud,12,46
proudly,1,1
prove,45,2
proved,63,2
provide,20,53
provided,23,10
providence,10,2
provides,8,9
providing,10,27
province,17,10
provincial,10,5
provision,6,4
provisional,1,1
provocation,7,1
provoke,6,3
provoking,1,1
public,245,37
publicly,8,2
pull,2,1
pulled,3,6
pulling,1,1
pump,2,1
punished,1,1
punishment,4,1
purchase,2,7
purchasing,1,2
pure,18,1
purity,12,1
purpose,193,31
pursue,12,20
pursued,14,4
pursues,4,3
pursuing,4,13
pursuit,4,7
push,9,1
pushing,4,1
put,132,36
putting,23,7
qualified,6,2
quality,82,10
quarrel,9,2
quarter,34,2
question,243,44
questioned,2,2
quick,3,3
quickly,29,20
quiet,5,8
quit,1,1
quite,125,1
quo,3,3
quote,2,6
race,219,5
racial,132,2
radical,18,14
rage,10,2
raging,3,3
raid,1,7
rail,1,4
raise,24,14
raised,28,6
raising,4,10
rallied,2,6
rally,7,3
rallying,3,3
ramification,1,2
ran,3,2
rang,1,1
range,1,4
rank,47,2
rapid,8,2
rapidly,16,1
rare,16,2
rarely,7,1
rate,3,14
rather,194,5
ration,2,2
rational,3,2
raw,3,1
ray,4,2
rd,2,1
reach,34,26
reached,38,7
reaching,7,2
reaction,7,3
read,53,14
readily,21,1
readiness,15,1
reading,24,13
ready,64,14
real,123,17
realistic,3,2
reality,73,10
really,97,13
reason,230,18
reasonable,7,4
rebellion,5,1
recall,10,1
recalled,2,1
receive,12,17
received,51,13
receiving,3,3
recent,6,16
recently,5,10
reckoning,4,1
recommend,4,1
recommendation,2,10
recommended,7,2
reconciliation,1,7
reconstructing,1,1
reconstruction,4,14
record,3,19
recourse,4,1
recover,3,6
recovered,3,1
recovering,1,3
recovery,6,14
recrimination,1,1
recruit,16,7
recruited,2,1
recruiting,4,3
red,50,6
rediscovered,1,1
reduce,2,21
reduced,7,3
reduces,1,5
reducing,3,7
refers,2,1
reflect,5,11
reflected,7,1
reflection,5,2
reform,17,109
reformer,4,4
refuge,5,4
refusal,15,2
refuse,12,5
refused,15,4
refusing,4,1
regain,4,2
regaining,2,2
regard,105,2
regarded,20,1
regardless,6,2
regime,37,111
region,13,62
regional,3,4
register,2,1
regularly,5,2
regulation,4,9
reign,5,1
reinforcement,4,4
reject,9,9
rejected,12,1
rejecting,2,1
rejoiced,3,1
related,1,2
relation,42,5
relationship,6,5
relative,4,3
release,2,6
relentless,1,3
reliable,4,7
reliance,1,1
relic,1,1
relied,5,2
relief,6,51
relies,1,2
religion,37,7
religious,84,21
reluctant,1,1
reluctantly,1,2
rely,1,2
remain,64,18
remained,52,1
remaining,5,4
remains,28,16
remark,12,2
remarkable,5,1
remember,27,22
remembered,15,4
remembering,4,1
remind,6,11
reminded,3,4
reminder,1,9
remnant,3,2
removal,4,2
remove,6,6
removed,11,6
removing,7,3
renewed,5,8
renounce,8,1
rent,1,2
reopening,1,1
repair,5,2
repay,1,1
repeat,10,2
repeatedly,5,1
replace,6,7
replaced,11,2
replacing,1,1
report,10,24
reported,3,3
reporter,1,2
represent,15,9
representative,75,18
represented,26,4
representing,8,1
represents,22,3
repress,1,2
repression,2,6
republic,52,5
republican,8,17
request,3,5
requested,2,1
require,4,30
required,9,13
requirement,3,3
requires,3,36
rescue,2,13
rescued,2,4
resentment,2,14
reserve,11,6
resist,6,2
resisting,3,1
resolute,12,4
resolution,12,25
resolve,4,32
resolved,4,3
resource,16,28
respect,41,44
respected,4,4
respective,11,1
respond,1,8
responded,1,7
responds,1,1
response,6,22
responsibility,73,73
responsible,55,21
rest,47,13
restaurant,5,1
restoration,15,1
restore,13,3
restored,10,1
restoring,5,1
restraint,1,1
restricted,7,1
restriction,4,3
result,246,47
resulted,27,1
resulting,12,2
resume,7,1
resurgence,10,1
resurrection,2,1
retail,1,2
retain,13,1
retire,3,1
retired,4,3
retreat,3,14
retreating,1,3
return,21,41
returned,15,6
returning,2,4
reunion,2,1
reunite,1,1
reveal,5,7
revealed,8,4
revenue,1,6
reverence,1,2
reverend,1,1
reverse,12,2
review,2,10
reviewed,1,4
revision,2,1
revival,18,3
revive,3,2
revolution,122,5
revolutionary,41,1
reward,9,9
rhetoric,2,3
rich,5,2
rid,4,5
ridding,2,1
right,222,125
rigorous,4,3
ring,5,1
rise,35,24
risen,2,1
rising,7,14
risk,27,23
risked,2,2
risking,1,2
rival,12,1
rivalry,5,3
river,4,3
road,34,16
robust,8,1
rock,4,1
role,13,16
room,21,13
root,19,7
rose,1,10
roughly,2,2
round,20,2
rout,1,1
route,9,2
routed,1,1
routine,4,2
row,3,1
ruin,27,7
rule,32,27
ruled,9,1
ruler,20,6
ruling,14,3
run,43,25
runner,1,1
running,3,12
rural,1,2
rushed,3,1
russia,60,6
russian,24,1
ruthless,26,3
s,3,15
sacred,34,3
sacrifice,84,29
sacrificed,17,2
sacrificing,4,2
sad,4,1
saddest,3,1
sadistic,2,1
sadly,2,1
safe,4,32
safeguard,17,5
safely,4,2
safer,1,21
safety,3,19
said,73,56
sailor,1,2
saint,1,1
sake,31,5
salvation,4,2
sanction,4,7
sand,1,1
saturday,1,2
save,19,37
saved,16,9
saving,8,26
saw,38,29
say,115,63
saying,18,13
scale,30,7
scandal,4,2
scapegoat,1,1
scar,1,1
scattered,2,1
scene,11,4
scheduled,1,3
scholar,1,3
school,77,105
schooled,1,1
schooling,4,1
science,20,34
scientific,20,9
scientist,2,27
scope,8,2
score,1,4
scorn,5,1
screening,1,5
scrutiny,2,1
sea,9,3
search,5,15
searched,1,1
searching,2,2
seat,13,1
seated,1,4
second,76,39
secondly,15,4
secondrate,1,1
secret,33,7
secretary,6,49
secretly,2,3
section,65,1
secure,23,40
secured,20,2
secures,2,1
securing,17,9
security,19,231
see,106,90
seed,8,2
seeing,22,9
seek,14,38
seeking,5,7
seem,16,7
seemed,84,3
seems,38,7
seen,29,48
seize,2,6
seized,5,4
seldom,10,1
selected,10,1
selecting,6,2
self,14,4
selfsacrifice,4,1
sell,3,6
selling,2,3
senate,3,23
send,6,30
sending,1,3
sense,86,15
sensible,4,3
sensitive,2,1
sent,23,28
sentence,8,1
sentiment,29,3
separate,7,1
separated,4,1
september,6,52
serf,9,7
series,14,9
serious,42,23
seriously,25,4
seriousness,3,1
servant,20,5
serve,81,46
served,25,9
service,113,54
serving,10,14
servitude,2,2
session,4,8
set,83,51
setback,2,3
setting,8,3
settled,10,2
settlement,10,1
settler,1,1
seven,19,16
several,45,8
severe,9,6
shadow,3,6
shadowy,1,2
shake,6,4
shaken,4,2
shall,71,1
shape,20,6
shaped,5,5
shaping,4,1
share,18,39
shared,3,9
sharp,5,1
shattered,5,3
sheep,2,1
sheer,22,1
shelter,1,9
shield,4,7
shift,1,3
shining,2,1
ship,6,5
shipwreck,1,1
shirt,1,1
shocked,3,1
shooting,3,1
shop,5,2
shore,1,2
shoreless,1,1
short,42,11
shortage,1,1
shortcoming,5,1
shortly,2,2
shot,4,4
shoulder,19,3
shouting,5,1
show,81,55
showed,35,9
showing,2,10
shown,30,14
shrapnel,3,1
shrine,1,1
shuffle,1,1
shut,5,5
sick,1,5
side,104,41
sided,3,1
sift,2,1
sight,19,4
sign,39,19
signal,8,4
signed,3,10
significance,73,1
significant,9,7
signing,1,4
silence,22,3
silent,8,1
silver,3,1
similar,49,11
simple,31,5
simpler,1,1
simplify,1,1
simply,46,4
sin,18,1
since,135,43
sing,3,1
singer,1,1
singing,5,2
single,40,27
singled,2,1
singular,2,1
sir,1,3
sister,2,2
sit,4,4
sitting,6,4
situation,102,21
six,21,8
sixty,9,3
size,19,8
skill,9,24
skilled,5,4
skin,1,3
slaughter,1,1
slave,16,2
slavery,8,5
sleep,7,2
sleeping,1,1
sleepless,1,1
slipped,2,2
slogan,21,1
slow,20,4
slower,2,1
slowly,41,4
small,121,39
smaller,21,1
smith,1,2
smooth,1,1
sneak,2,4
sneaking,1,2
socalled,101,2
social,191,57
socialism,14,1
society,27,71
soft,1,1
soil,28,6
sold,6,4
soldier,93,19
sole,38,1
solely,19,1
solemn,9,8
solemnly,1,1
solid,18,3
solidarity,18,1
solution,30,11
solve,10,6
solved,9,4
solving,3,1
somebody,7,6
somehow,5,5
someone,6,2
something,90,23
sometimes,30,18
somewhat,19,1
son,18,10
song,8,1
soon,68,12
sophisticated,1,3
sorrow,2,9
sought,5,3
soul,31,8
sound,45,12
sounded,1,1
source,41,30
south,35,14
southern,6,4
sovereign,27,2
sovereignty,12,2
soviet,6,8
sowed,2,1
space,16,4
spain,3,2
spare,3,8
spared,2,2
sparing,2,4
speak,51,17
speaker,27,18
speaking,47,4
speaks,4,2
special,41,14
specific,4,5
specifically,2,1
spectator,2,1
speech,44,21
speed,7,2
spend,3,18
spending,1,32
spent,11,11
spirit,158,33
spirited,1,1
spite,19,1
splitting,2,1
spoke,21,4
spoken,23,5
sponsor,1,6
sport,7,4
spot,7,1
spread,30,19
spreading,12,6
spring,24,2
sprung,2,1
squad,9,5
squandered,1,1
square,9,2
squarely,1,1
st,2,12
stability,12,13
stable,4,5
stadium,1,1
staff,5,10
stage,38,10
staggering,1,1
stagnation,1,2
stair,2,1
stake,7,15
stand,71,55
standard,23,38
standing,12,15
star,5,4
start,24,26
started,14,12
starting,2,9
starvation,3,4
starve,2,1
starved,1,1
state,884,257
stated,10,2
statement,29,2
statesman,46,1
station,5,4
status,7,13
statute,2,1
stay,3,18
steadfast,2,4
steadily,40,1
steady,18,8
steel,9,2
stem,1,47
step,51,47
stick,6,1
stigma,1,1
still,165,55
stimulate,4,1
stimulus,7,2
stirring,2,2
stock,43,7
stolen,2,1
stoned,1,1
stood,25,9
stop,18,29
stopped,3,10
storm,55,15
story,8,26
straight,3,2
strain,4,4
strained,1,1
strait,2,2
stranger,5,5
strategy,2,43
straw,1,1
streaming,1,1
street,28,21
strength,125,35
strengthen,11,28
strengthening,10,9
strengthens,1,2
stretch,3,1
stricken,2,1
strict,3,1
strife,11,1
strike,30,13
striking,22,3
strive,12,5
strong,45,57
stronger,38,30
strongest,15,1
stronghold,1,5
strongly,10,8
struck,9,3
structure,47,6
struggle,257,34
struggling,5,6
stuck,4,2
student,15,20
studied,26,2
study,68,4
stuff,5,2
style,8,1
subdued,1,1
subject,86,8
subjected,12,2
submission,4,1
submit,19,2
submitted,7,2
submitting,3,1
subservience,2,1
subsistence,8,1
substantial,1,1
substantially,1,2
substitute,9,3
succeed,36,23
succeeded,42,4
succeeds,6,1
success,141,33
successful,38,18
successfully,10,1
successor,3,1
sudden,14,8
suddenly,61,4
suffer,15,7
suffered,15,8
suffering,31,27
sufficient,41,2
suggested,5,2
suit,7,2
suitable,16,1
sum,8,1
summary,1,1
summer,14,3
summon,2,1
sun,5,2
sunday,2,4
supervisor,1,1
supply,14,25
supplying,2,1
support,70,94
supported,15,7
supporter,12,7
supporting,3,9
supposed,5,5
suppress,5,1
suppressed,2,1
suppression,6,1
supreme,32,2
sure,9,54
surely,22,2
surest,3,2
surgeon,1,1
surplus,3,3
surprise,3,4
surprised,12,4
surprising,8,1
surrender,7,4
surround,2,1
surrounded,5,1
surrounding,3,6
surroundings,12,1
survey,3,1
survival,3,3
survive,4,3
survived,2,2
survives,4,1
surviving,1,2
suspect,3,3
suspected,3,3
suspicion,8,2
sustain,4,6
sustained,3,7
sweeping,2,1
swept,1,1
swiftest,1,2
swim,1,1
sworn,1,7
symbol,24,6
sympathy,20,3
system,116,96
systematic,16,1
systematically,24,4
table,13,6
tactic,36,6
take,273,110
taken,137,39
taking,53,35
talent,39,6
talented,2,4
talk,37,12
talked,10,5
talking,12,6
tariff,1,3
task,125,24
taught,28,1
tax,1,138
taxpayer,1,19
teach,23,14
teacher,18,15
teaching,69,5
tear,11,3
technical,29,1
technician,1,1
technique,5,4
technology,3,44
telephone,5,1
tell,13,22
telling,3,2
temporarily,5,1
temporary,7,36
temptation,5,7
tempting,1,3
ten,36,10
tend,9,1
tendency,33,1
tense,1,1
term,29,20
termed,1,1
terrain,1,1
terrible,35,19
terrified,1,1
territorial,26,1
territory,98,12
terror,10,124
terrorism,15,29
terrorist,4,245
test,26,24
tested,1,8
testify,1,1
testimony,3,2
testing,1,13
th,35,43
thank,6,138
thankful,4,1
thanks,14,34
the,4,1
theme,15,2
theory,27,2
thereby,64,2
therefore,225,12
thereof,1,1
thing,160,50
think,104,30
thinking,40,7
third,32,26
thirdly,4,1
thirteen,3,1
thirty,12,1
thorn,2,1
thorough,13,3
though,156,7
thought,100,20
thoughtful,1,1
thousand,164,42
threat,14,87
threaten,5,12
threatened,15,4
threatening,11,4
threatens,9,5
three,56,45
threequarters,2,2
threshold,1,1
thrift,1,1
thrive,1,1
thriving,1,1
throne,5,1
throughout,40,25
throw,10,3
thrust,1,1
thursday,2,2
thus,336,4
ticket,1,1
tie,12,4
tied,1,1
tightening,1,3
time,659,221
timely,1,2
timid,6,1
tiny,5,1
tire,3,2
tired,4,3
titanic,3,1
title,7,1
today,228,124
together,73,95
toil,3,2
told,17,18
tolerance,7,9
tolerant,1,1
tolerate,7,1
tolerated,6,1
toll,1,1
tommy,1,5
tomorrow,8,7
tone,13,6
tongue,4,1
took,91,17
tool,3,16
top,3,7
torture,1,7
tortured,3,1
total,14,6
totally,2,1
touch,4,6
tough,5,22
toughness,1,1
towards,162,3
tower,1,2
town,30,1
traced,2,1
track,1,13
trade,38,38
trader,1,1
tradition,24,20
traditional,14,1
traffic,2,1
tragedy,6,11
tragic,16,1
trail,1,1
train,26,17
trained,35,14
training,97,34
traitor,22,1
transfer,1,2
transferred,7,1
transform,16,4
transformation,12,2
transformed,21,4
transforming,6,6
transforms,1,1
transmitted,2,2
travel,1,10
treachery,2,1
treasure,3,1
treasury,2,1
treat,2,9
treated,11,3
treating,1,2
treatment,6,31
treaty,35,6
tremendous,19,4
trench,10,1
trend,9,2
trial,5,5
tribal,2,5
tribute,6,3
tried,37,8
triumph,45,7
troop,32,81
troubled,2,9
true,103,25
truly,3,3
trust,9,41
trusted,1,2
trustee,1,1
truth,102,8
try,52,22
trying,15,22
tuberculosis,5,3
tuesday,1,1
turbulent,2,1
turkey,3,2
turmoil,5,1
turn,82,22
turned,43,9
turning,9,9
tutor,1,1
twelve,8,2
twice,2,4
two,195,77
twothirds,1,3
type,32,3
typically,1,1
tyranny,9,23
tyrant,1,10
u,278,277
ulcer,1,2
ultimate,13,6
ultimately,8,4
ultimatum,3,2
unable,20,2
unanimous,2,1
unanimously,1,2
unavoidable,1,1
unborn,2,1
uncertain,8,1
uncertainty,11,8
unchecked,3,1
uncomfortable,1,1
unconditionally,4,1
undeniable,1,3
undergoing,2,1
underlying,10,2
undermine,9,12
undermined,2,2
undermines,1,1
understand,93,36
understandable,2,2
understanding,49,4
understands,4,1
understood,50,3
undertake,11,2
undertaking,17,2
undignified,2,1
unemployment,4,5
unfair,2,6
unfinished,1,4
unfortunately,50,7
unified,1,4
uniform,26,21
uniformly,1,1
uninterrupted,1,3
union,35,37
unique,10,10
unit,15,9
unite,6,7
united,41,195
uniting,2,2
unity,21,9
universal,24,4
university,9,4
unjust,10,1
unjustly,3,1
unknown,20,4
unless,62,11
unlike,1,5
unlimited,6,2
unmistakable,2,2
unrelenting,2,1
unrestricted,2,1
unseen,1,1
unshakable,4,1
unspeakable,3,1
unstable,5,3
unsuccessful,4,1
unthinkable,2,1
untold,3,1
unwanted,1,1
unwavering,1,2
unwilling,2,1
unworthy,10,1
uphold,7,7
upholding,2,2
upholds,1,5
upon,202,17
uprising,1,4
uprooted,1,1
upwards,7,1
urban,3,3
urge,16,16
urged,8,4
urgency,1,1
urgent,6,14
urgently,1,1
us,9,6
usa,3,6
use,98,51
used,81,39
using,9,17
usually,16,3
utility,7,1
utmost,5,1
utter,9,1
vague,15,1
vain,24,1
valley,1,3
valuable,23,1
value,86,59
valued,3,2
vanish,1,1
vanished,2,1
varied,4,1
variety,3,3
various,103,1
vast,25,9
vehicle,3,4
venture,1,1
verge,3,1
veteran,2,6
vial,1,1
vice,12,15
vicious,1,2
victim,43,13
victimized,1,1
victory,79,41
view,153,16
viewed,1,1
viewpoint,1,1
vigorous,10,3
vigorously,2,1
village,11,3
villager,1,1
violated,2,5
violation,4,6
violence,12,54
violent,13,12
violently,5,1
virtue,35,1
virus,2,4
visible,16,4
vision,8,17
visionary,9,1
visit,6,6
visited,2,3
visiting,2,1
visitor,1,1
vital,42,29
vitality,8,3
voice,18,12
volume,18,3
voluntarily,9,2
voluntary,10,2
volunteer,22,11
volunteered,1,2
vote,20,29
voted,9,11
voter,2,3
voting,6,2
wage,26,6
waged,15,2
waging,11,1
wait,9,7
waited,5,2
waiting,8,3
walk,7,10
walking,3,2
wall,13,9
want,49,123
wanted,15,7
wanting,5,1
war,290,166
warfare,10,2
warm,2,8
warned,2,2
warning,14,7
warrant,2,1
warranty,1,1
waste,5,3
wasted,3,1
wasting,1,1
watch,8,14
watched,4,6
watching,4,4
water,8,18
wave,9,3
way,365,149
weak,45,9
weaken,6,1
weakened,3,1
weakening,8,2
weaker,15,2
weakest,2,2
weakness,38,3
wealth,9,9
weapon,87,123
wear,5,6
wearing,5,3
weary,1,1
wednesday,5,2
week,47,23
weighed,5,1
welcome,8,31
welcomed,12,4
welfare,21,6
well,107,105
welldefined,2,1
welltrained,1,1
went,48,11
west,5,23
western,20,5
whatever,28,12
wheel,2,1
whenever,21,4
wherever,13,9
whether,85,19
whip,1,1
white,26,19
whole,244,22
whose,151,17
wicked,1,1
wickedness,1,1
wide,4,1
widely,3,1
wider,7,3
widespread,2,3
wife,11,10
will,2,1
willing,25,22
willingly,4,1
willingness,4,5
win,36,20
wind,4,4
window,1,1
winning,18,6
winter,12,2
wisdom,26,7
wise,15,6
wisely,3,7
wisest,2,2
wish,63,22
withdraw,3,1
withdrawn,1,1
withhold,1,1
within,143,30
without,183,59
witness,12,9
witnessed,8,7
woman,25,128
wonder,2,1
wonderful,10,3
wont,1,8
wood,2,2
word,116,46
work,260,236
worked,10,32
worker,79,109
working,42,83
world,354,345
worried,1,2
worry,5,12
worrying,1,1
worse,30,7
worship,5,2
worst,31,8
worth,42,13
worthwhile,1,1
worthy,17,5
would,960,183
wound,7,3
wounded,3,7
write,9,5
writer,19,1
writing,11,2
written,19,6
wrong,39,18
wrote,3,8
x,2,1
year,302,287
yearn,4,1
yell,3,1
yes,1,18
yesterday,3,5
yet,122,120
yield,4,6
young,131,36
younger,11,8
youngest,1,3
youth,53,4
zeal,3,1
zone,2,6
and,2,1
