wort,hitler,obama
a,3,1
abandon,11,6
abandoned,14,1
abandonment,1,1
aberration,4,1
abhor,1,1
abiding,1,2
ability,52,41
able,145,93
abolishing,6,1
abortion,2,3
abroad,13,36
abruptly,1,1
absence,2,9
absent,2,1
absolute,36,1
absolutely,42,24
absorb,2,1
abstract,18,2
abundance,5,1
abuse,6,18
abusive,1,2
academy,4,3
accept,27,28
acceptable,2,3
acceptance,8,4
accepted,33,4
accepting,3,4
accepts,1,2
accessible,2,2
accident,6,2
accommodation,2,1
accompanied,4,1
accompany,1,2
accomplish,8,10
accomplished,15,4
accomplishment,5,3
accord,13,1
according,63,3
account,73,12
accountable,1,29
accounting,1,1
accrued,1,1
accumulated,2,2
accuracy,3,1
accurate,2,1
accurately,6,2
accustomed,8,1
achieve,29,43
achieved,47,11
achievement,33,14
achieving,3,4
aching,1,1
acknowledge,10,17
acknowledged,8,1
acknowledging,1,3
acknowledgment,2,3
acquired,28,1
acquiring,11,1
across,5,114
act,74,133
acted,16,8
acting,19,10
action,98,108
active,53,5
actively,2,2
activity,110,6
actual,23,3
actually,45,44
acute,2,1
adapt,3,8
add,8,22
added,10,11
adding,1,9
addition,11,4
additional,4,23
address,10,63
addressed,10,2
addressing,3,6
adequate,15,1
adequately,7,2
adhere,1,4
adherent,41,1
adjustment,1,2
administer,4,1
administered,5,3
administration,21,56
administrative,9,3
administrator,2,3
admiration,20,2
admire,1,4
admired,2,1
admit,19,6
admitted,21,1
admittedly,4,2
admitting,1,2
adopt,47,3
adoption,11,1
adoration,2,1
adult,10,5
advance,15,24
advanced,11,21
advancement,1,3
advancing,3,4
advantage,42,13
advent,1,1
adversary,41,8
adversity,3,3
advice,5,5
advise,1,3
advocate,5,5
affair,87,3
affect,5,6
affected,16,8
affection,5,1
affirmative,3,1
afford,10,74
afforded,7,2
afraid,9,5
africa,3,35
african,5,24
afternoon,6,10
afterwards,24,1
age,50,35
agency,1,15
agent,2,5
aggression,4,7
aggressive,5,4
aggressor,5,1
agitator,20,1
ago,35,121
agree,6,90
agreed,3,14
agreement,8,48
agriculture,1,3
ahead,8,63
aid,11,10
aim,165,4
aimed,7,1
air,15,19
alarm,4,1
alienating,1,1
alike,3,8
alive,11,9
alleged,1,3
allegiance,2,8
alliance,135,22
allow,48,42
allowance,3,1
allowed,38,28
allowing,16,5
allows,4,13
ally,46,74
almost,103,29
alone,96,54
along,35,44
alongside,1,3
already,124,117
also,322,314
alter,13,1
alternative,19,5
although,50,17
altogether,3,5
always,320,112
amassed,1,2
amazing,6,11
ambiguity,1,1
ambition,7,6
ambitious,3,4
amends,3,1
america,15,688
american,18,834
amid,8,5
amidst,2,5
ammunition,3,2
among,220,30
amount,40,16
ample,3,1
amply,1,1
analysis,7,2
ancestor,8,2
ancestral,1,1
ancient,20,5
anew,10,6
anger,10,5
angry,3,3
anguish,1,3
anniversary,3,5
announce,1,6
announced,8,17
announcement,1,5
announcing,1,12
annual,1,5
another,178,104
answer,38,49
answered,12,3
answering,3,1
antagonism,2,1
anthem,3,3
anticipated,3,2
antisemitism,8,3
anxiety,19,8
anxious,7,2
anybody,15,16
anyone,27,32
anything,56,26
anywhere,4,12
apart,35,18
apparently,17,2
appeal,38,4
appealing,3,1
appear,40,2
appearance,34,1
appeared,49,3
appears,18,1
applause,4,10
application,15,5
applied,17,3
applies,13,4
apply,10,15
applying,3,2
appoint,2,1
appointed,12,6
appointment,2,1
appreciate,13,8
appreciated,12,1
appreciation,8,5
apprenticeship,2,4
approach,8,51
approached,4,2
approaching,9,3
appropriate,3,2
approve,2,4
approved,3,7
april,2,3
apt,5,1
arabian,1,4
arbitrary,3,9
arch,1,1
architecture,11,4
ardently,2,1
area,28,43
arena,3,2
argue,2,21
argued,2,7
argument,33,36
arise,26,1
aristocracy,3,1
arm,38,25
armed,11,10
army,138,20
arose,14,1
around,30,138
arrange,6,1
arranged,8,1
arrangement,4,2
arrest,7,3
arrested,3,1
arrive,10,5
arrived,20,11
arrives,2,1
arsenal,1,2
art,78,4
article,8,2
artificial,6,1
artist,10,1
ascendant,3,1
asia,2,23
asian,1,8
aside,13,27
ask,21,74
asked,19,37
asking,3,31
asleep,1,1
aspect,20,7
aspiration,9,23
assault,10,1
assembled,5,2
assembly,22,14
asset,6,4
assigned,15,1
assimilation,4,1
assist,5,1
assistance,21,17
associate,6,2
associated,6,2
association,59,2
assume,25,4
assumption,7,3
assurance,3,1
assure,16,4
assured,24,1
assuring,4,1
astonishing,5,2
astonishment,4,1
asunder,7,5
athlete,1,1
atlantic,1,4
atmosphere,12,3
attached,21,1
attack,82,54
attacked,19,10
attempt,108,8
attempted,8,1
attend,16,3
attendance,7,1
attending,7,1
attention,89,11
attitude,155,8
attract,16,6
attraction,5,1
attractive,6,2
attracts,8,2
attributed,29,1
audience,18,12
august,18,9
author,16,1
authority,140,19
autocrat,1,1
automatic,1,1
automatically,7,2
automobile,1,1
autumn,14,1
available,13,16
avalanche,2,1
average,34,19
averse,1,1
avert,1,2
avoid,14,16
avoided,5,2
avoiding,6,4
avoids,1,1
awaits,1,5
awake,1,1
awarded,1,1
aware,15,7
away,65,91
awful,1,3
b,4,3
baby,1,4
back,63,230
backbone,4,1
backed,1,2
background,14,19
backing,5,1
backward,2,1
backwards,1,8
bad,31,38
badly,3,11
balance,19,12
balkan,5,4
ballot,2,14
ban,1,5
band,11,1
bandit,3,1
banish,1,1
banished,3,1
bank,5,53
banker,1,3
banner,14,2
bar,1,5
barely,5,8
bargain,4,12
bargaining,3,6
barrel,1,3
barricade,1,1
barrier,7,12
base,18,15
based,59,42
basest,2,1
basic,4,51
basing,1,1
basis,69,10
baton,1,1
battalion,12,1
battered,1,3
battery,2,8
battle,31,30
battlefield,13,9
battleship,1,1
bay,2,7
be,1,2
bear,39,22
bearer,2,1
bearing,10,1
beat,1,11
beaten,4,3
beating,2,4
beautiful,8,7
beauty,14,1
became,157,19
become,249,41
becomes,41,9
becoming,41,9
bed,4,5
beg,3,1
began,104,37
begin,36,76
beginning,64,42
begun,20,22
behalf,16,19
behind,37,54
being,32,19
belgium,1,2
belief,61,43
believe,79,239
believed,47,25
believer,2,2
believing,6,2
belong,29,5
belonged,23,1
belonging,24,1
belongs,18,6
beloved,6,3
bench,2,5
bend,1,7
beneath,7,7
beneficial,9,1
benefit,18,56
benefited,6,2
bent,5,3
berlin,26,4
beside,10,1
best,135,120
bestowed,6,1
betray,3,2
betrayal,6,3
betraying,2,1
betrays,4,3
better,145,219
beyond,42,54
bias,2,8
bickering,1,2
big,30,90
bigger,2,23
biggest,1,22
bill,2,129
billion,1,46
bind,5,6
binding,2,1
birth,11,7
birthday,1,3
birthplace,1,1
bit,4,12
bitter,33,3
black,20,28
blame,15,11
blamed,1,1
bled,4,2
bless,2,74
blessed,2,6
blessing,13,7
blind,20,15
blinded,5,2
block,1,9
blood,123,22
bloody,4,5
blow,25,11
blue,2,8
blunted,1,1
bluntly,1,2
board,3,7
body,121,11
boisterous,1,1
bold,3,10
bomb,2,9
bond,6,14
bondage,1,1
bone,2,2
book,48,6
booming,1,4
border,2,60
bore,7,1
born,33,30
borne,13,10
borrow,1,1
borrowed,3,1
borrowing,1,4
bos,1,5
bottom,2,13
bought,5,9
bound,67,14
boundary,6,6
boundless,2,2
bout,1,1
boy,42,14
bracket,1,2
brain,46,4
branch,29,2
brand,3,3
brave,6,15
bravely,1,2
brazen,2,1
brazenly,1,1
breadth,1,1
break,37,52
breaking,9,3
breast,2,3
breath,3,3
breeding,8,1
brick,2,5
bridge,2,42
bridged,4,1
brief,2,5
briefly,9,3
bright,1,4
brightest,1,3
brilliant,14,2
bring,86,79
bringing,27,18
brings,16,15
brink,2,7
britain,84,1
british,74,5
broad,83,14
broadened,1,1
broader,1,21
broadly,1,2
broke,29,10
broken,40,29
brother,3,23
brought,79,33
brunt,4,1
brush,1,1
brutal,21,3
brutality,5,1
brutalized,1,1
brute,7,1
budget,1,71
build,17,111
building,49,56
built,14,73
bull,1,1
bullet,4,9
bully,1,2
burden,14,40
burdened,5,4
bureaucrat,1,3
bureaucratic,3,1
buried,3,3
burn,2,2
burning,4,2
burst,8,1
business,42,338
busy,8,5
buy,2,31
buying,2,12
cabinet,11,2
calculation,7,1
call,76,67
called,112,45
calling,17,8
callously,1,1
came,122,67
camp,20,4
campaign,31,38
canal,2,2
cancel,1,1
cancer,1,20
candidate,4,13
candle,1,1
cannot,184,120
cap,3,7
capability,13,11
capable,70,2
capacity,37,38
capital,32,14
captain,2,1
capture,1,6
captured,1,4
car,1,45
card,4,16
care,26,259
cared,4,3
career,18,24
careful,13,4
carefully,27,7
caring,3,4
carried,83,17
carry,64,21
carrying,20,4
case,252,38
cast,11,15
cat,5,1
catastrophe,21,5
catch,2,7
catching,2,2
category,6,1
catholic,24,2
caucus,1,5
caught,2,5
cause,157,50
caused,23,7
caution,1,1
ceding,2,2
celebrate,2,8
celebrated,1,2
celebration,4,4
cell,6,8
cement,3,1
cent,8,3
central,32,20
century,65,105
ceremony,3,3
certain,239,39
certainly,55,13
certainty,3,9
chain,6,2
chair,5,3
chairman,21,5
chamber,10,35
champion,42,2
championed,8,2
chance,38,106
chancellor,7,1
change,79,240
changed,19,24
changing,9,11
channel,2,2
chant,1,3
chaos,6,4
chaotic,1,2
chapter,4,13
character,143,24
charge,12,16
charged,2,11
charitable,3,2
chauvinism,2,1
cheap,5,2
cheaper,1,6
cheapest,1,2
check,7,24
cheer,1,2
cheering,2,1
cherish,1,3
cherished,4,3
chief,41,13
child,63,269
childhood,4,9
childish,3,1
china,1,34
chinese,1,3
choice,10,77
choose,10,60
chooses,5,2
chorus,1,2
chose,10,6
chosen,35,6
christ,1,1
christian,21,17
christianity,6,1
christmas,1,2
church,36,29
circle,95,3
circuit,1,3
circumstance,57,14
circus,11,1
cited,1,1
citizen,67,135
citizenship,11,23
city,77,41
civic,11,3
civil,33,44
civilian,3,35
claim,26,25
claimed,4,10
claiming,2,1
clash,5,3
class,165,81
classified,5,1
clean,1,72
cleanup,1,3
clear,83,100
cleared,4,1
clearest,2,2
clearing,1,1
clearly,58,8
clergy,11,3
clerk,3,1
client,2,2
climate,6,35
climb,2,7
cling,4,1
close,27,39
closed,4,14
closely,7,4
closer,10,9
closing,1,5
clothed,1,1
clothes,9,1
cloud,1,5
club,6,1
coal,5,9
coalition,25,23
coarse,1,1
coast,2,14
coastline,1,3
code,6,29
coercion,3,2
cohesion,3,2
cold,9,17
collaborate,3,1
collaboration,8,2
collapse,69,5
collapsed,6,4
collapsing,1,1
collateral,1,1
colleague,3,10
collect,5,3
collected,2,2
collection,4,4
collective,2,13
college,4,145
colonial,24,1
colonized,1,1
colony,18,3
columbus,2,1
combat,12,35
combatant,6,1
combating,3,4
combine,6,2
combined,13,4
come,186,280
comfortable,2,3
coming,27,58
command,16,2
commander,3,4
commemorate,1,1
commence,1,1
comment,1,2
commerce,11,18
commercial,39,2
commission,2,16
commit,5,12
commits,3,1
committed,19,23
committee,37,10
committing,1,2
common,109,97
commonsense,1,16
communication,3,2
communist,9,1
community,109,176
compact,3,3
company,19,191
comparable,5,1
compare,11,1
compared,20,5
compassionate,1,3
compelled,13,1
compensate,1,1
compete,5,28
competent,10,3
competition,5,30
competitive,1,18
competitor,3,6
complacent,1,2
complain,9,1
complaint,4,4
complete,42,20
completed,11,5
completely,56,3
completes,2,1
completing,1,2
complex,2,9
composed,24,1
compound,1,8
comprehend,1,2
comprehensive,8,30
compromise,9,21
comrade,29,3
concede,1,1
conceivable,7,1
concentrate,12,3
concentrated,16,3
concept,38,7
concern,22,33
concerned,42,7
concert,1,3
concession,9,3
concise,2,1
conclude,4,2
concluded,7,1
conclusion,29,3
concord,1,3
concrete,4,7
condemn,4,3
condemnation,2,2
condemned,9,2
condemning,1,1
condemns,1,1
condition,173,32
conduct,53,8
conducted,16,3
conducting,6,2
conference,3,8
conferred,1,1
confess,2,1
confidence,28,40
confident,3,22
confined,7,1
confirm,7,3
confirmation,3,3
confirmed,8,3
confiscated,1,1
conflict,62,55
confront,1,17
confronted,11,5
confronting,2,3
confused,8,2
confusion,12,1
congested,1,1
congo,1,1
congratulation,1,3
congress,3,213
connected,16,9
connecting,1,6
connection,28,5
conquer,8,4
conscience,18,7
conscious,18,2
consensus,1,13
consent,8,4
consequence,88,21
conservative,8,4
consider,56,26
considerable,6,2
consideration,64,1
considered,99,5
considers,10,1
consistent,5,8
consistently,1,2
consolidate,6,3
conspiracy,4,1
constant,18,17
constantly,28,3
consternation,1,1
constituent,10,6
constitute,15,1
constitutes,6,1
constitution,25,15
constitutional,9,7
constrained,1,1
constructed,4,1
construction,5,22
constructive,14,7
consumed,2,6
consumer,1,25
consuming,1,1
contact,21,1
contain,4,6
contained,5,3
contemplation,1,1
contempt,7,1
content,27,2
contentious,1,12
contest,3,6
context,1,7
continent,18,11
continually,6,3
continue,49,106
continued,25,14
continues,2,15
continuing,3,7
contract,3,3
contracting,5,1
contradict,2,1
contradiction,10,1
contradicts,4,2
contrary,68,6
contrast,15,2
contribute,9,9
contributed,11,4
contributes,6,2
contributing,2,8
contribution,9,7
control,40,38
controlled,6,4
controversy,7,10
conversation,1,20
conversion,1,1
convert,6,1
converted,5,1
converting,3,2
conviction,71,16
convince,6,5
convinced,46,13
cook,2,3
cool,4,3
cooperate,2,3
cooperation,7,23
cooperative,10,1
coordinate,1,2
cope,3,1
core,1,20
corner,6,16
corp,5,6
corporate,2,17
corporation,2,19
correct,26,1
correcting,1,1
correctness,4,4
corrosive,1,5
corrupt,8,3
corruption,9,14
cost,23,155
costly,1,14
could,560,172
council,10,9
count,18,7
counted,6,2
counter,6,3
countering,1,1
counterpart,4,4
counting,3,3
country,168,515
couple,7,29
courage,57,57
courageous,11,1
course,207,70
court,20,40
cover,8,15
covered,6,5
crack,2,3
crash,1,1
create,22,93
created,45,48
creates,1,11
creating,7,23
creation,17,14
creative,64,4
creator,15,5
credibility,1,3
credit,5,59
creed,3,19
crew,2,2
cried,3,1
crime,20,10
criminal,46,20
crippled,3,2
crisis,6,102
criterion,2,5
critic,3,5
critical,15,22
criticism,19,2
cross,4,10
crossed,1,6
crossing,4,6
crowd,22,5
crowded,3,2
crown,13,1
crowning,2,1
crucial,2,2
crude,9,3
cruel,4,1
cruelty,3,3
crumbling,1,5
crusade,2,1
crush,5,1
crushing,2,3
cry,26,4
crystal,1,1
culmination,1,2
cultivate,8,2
cultivated,4,1
cultural,98,6
culture,76,17
cure,8,7
cured,6,1
curiosity,4,1
curious,1,2
currency,2,3
current,18,15
curriculum,9,2
curve,1,2
custom,10,2
cut,9,161
cynical,1,8
d,2,2
da,3,1
daily,50,14
dam,1,3
damage,18,9
damaged,1,1
dance,1,1
danger,79,28
dangerous,28,18
dare,11,1
daring,5,2
dark,10,6
darkest,1,5
darkness,3,7
data,3,4
date,15,8
daughter,3,32
david,2,6
dawn,3,6
dawned,2,1
day,283,215
de,4,5
dead,24,6
deadly,7,3
deal,45,47
dealing,26,10
dealt,24,7
dear,3,1
dearly,5,1
death,52,19
debate,7,102
debated,1,9
debating,2,6
debt,3,62
decade,12,143
decaying,1,1
deceit,1,1
december,5,7
decency,4,10
decent,16,20
deceptive,2,3
decide,27,12
decided,50,16
decides,6,4
decimated,1,1
decision,78,66
decisive,26,5
declaration,6,6
declare,11,4
declared,22,10
declaring,2,1
decline,27,11
declined,4,2
declining,1,4
decorate,1,1
decrease,3,1
decreasing,2,1
dedicated,2,4
deed,12,6
deemed,5,1
deep,6,17
deepen,1,2
deepened,1,1
deeper,10,10
deepest,2,3
deeply,17,12
defeat,29,20
defeated,6,2
defend,48,30
defended,7,3
defending,14,4
defends,2,1
defensive,13,1
defiance,1,2
deficient,1,1
defiled,1,2
define,2,14
defined,8,18
definitely,23,2
defy,4,1
degenerate,25,1
degradation,6,1
degrade,1,2
degrading,2,1
degree,63,20
delay,2,7
delayed,1,1
deliberation,1,4
deliver,5,20
delivered,21,7
delivering,6,1
demand,66,35
demanded,17,2
demanding,2,7
democracy,69,126
democrat,22,94
democratic,47,57
demonstrate,2,5
demonstrated,10,3
demonstrates,1,2
demonstrating,2,3
demonstration,27,2
denial,1,2
denied,12,27
denies,3,2
deny,12,18
department,13,13
depend,13,18
depended,13,1
dependence,2,7
dependent,20,3
depending,2,2
depends,15,26
deplorable,12,1
depression,3,22
depth,9,8
derives,1,1
descend,5,1
descendant,6,1
descent,1,2
describe,9,4
described,18,7
describing,3,1
desert,6,5
deserve,6,49
deserved,7,5
deserves,7,15
design,9,9
designed,5,17
desirable,5,1
desire,29,9
desolate,1,1
despair,10,7
despise,2,1
despite,21,24
destined,22,1
destiny,39,23
destroy,26,8
destroyed,22,5
destroying,9,1
destruction,47,13
destructive,15,4
detail,17,10
detailed,5,1
detention,1,3
deter,1,3
deteriorated,2,1
deterioration,2,1
determination,45,20
determine,8,14
determined,55,23
determines,4,3
determining,7,2
deterrent,1,2
detriment,4,1
devastating,7,3
develop,26,22
developed,54,7
developing,16,13
development,130,37
develops,8,1
device,1,2
devised,1,1
devoted,18,1
devotion,14,1
devout,2,1
diagnosed,3,4
dictate,8,5
dictator,2,12
dictatorship,9,1
die,21,3
died,9,15
differ,4,1
difference,34,77
different,107,87
differently,4,10
differing,2,1
difficult,87,57
difficulty,25,4
dig,1,1
digging,1,2
dignified,4,2
dignity,17,64
dilapidated,1,1
diligently,1,3
dimension,4,1
diminished,1,2
diminishes,1,1
diploma,4,11
diplomacy,6,28
diplomat,8,7
diplomatic,4,8
dire,3,2
direct,24,15
directed,43,4
directing,5,3
direction,32,8
directly,11,11
director,5,4
dirty,2,1
disability,1,9
disadvantage,3,4
disagreeable,4,1
disappear,24,2
disappeared,11,1
disappearing,1,1
disappointed,1,1
disappointment,2,2
disarm,2,1
disarmament,7,1
disaster,21,12
discard,4,1
discern,5,1
discipline,20,6
disciplined,4,1
disclose,2,2
discontent,15,1
discord,3,3
discourage,1,1
discouraged,3,2
discourse,2,8
discover,15,4
discovered,25,1
discovering,2,2
discovery,14,12
discriminate,1,1
discrimination,2,14
discus,9,10
discussed,10,2
discussing,3,3
discussion,34,15
disease,36,21
disguise,7,1
dish,2,1
dishonest,1,1
dismissed,1,2
disorder,1,2
disparaging,1,1
dispel,1,1
displaced,1,3
displacement,2,2
display,9,2
displayed,20,1
displeasure,1,1
disposal,17,1
dispute,12,10
disregard,3,1
disrupt,1,7
disrupting,1,2
disruption,7,7
disruptive,1,1
dissipated,1,1
dissolve,4,1
distance,6,12
distant,6,7
distinct,6,1
distinction,13,4
distinctly,1,1
distinguish,8,1
distinguished,4,8
distorted,2,2
distortion,1,1
distract,4,3
distraction,1,3
distributed,7,2
district,27,15
distrustful,1,1
disturbing,9,1
ditch,1,3
diverse,3,8
divide,5,9
divided,6,9
dividing,1,1
divine,4,2
division,20,22
doctor,3,34
document,6,8
doer,1,1
dog,8,2
dogged,2,1
dogma,8,1
domain,9,1
domestic,11,8
dominant,11,1
dominate,12,1
dominated,7,3
domination,15,1
done,89,150
doom,5,1
doomed,22,1
door,12,31
dose,1,1
double,2,12
doubled,1,11
doubt,25,33
doubted,2,1
doubtful,5,4
dozen,7,5
dr,12,20
draft,1,1
drafted,1,1
drag,11,1
dragged,8,4
dragon,2,1
draining,1,1
dramatic,2,1
drastically,1,1
draw,24,19
drawing,10,5
drawn,13,10
dream,16,85
dreamer,4,6
dreaming,2,2
dress,1,2
drew,3,10
dried,2,1
drill,3,2
drilling,2,14
drink,2,3
drive,9,25
driven,13,7
driver,1,3
driving,8,11
drone,1,2
drop,9,8
dropped,3,5
drove,5,8
drown,1,1
drowning,1,2
drug,1,17
dry,1,1
dual,11,2
due,54,5
dug,1,2
dumbfounded,5,1
duped,1,1
durable,3,4
duration,2,2
dust,2,2
duty,124,12
dwells,1,1
dy,2,1
dying,4,6
dynamic,2,7
e,1,1
eager,4,11
eagle,1,2
ear,12,2
earlier,11,17
earliest,1,4
early,44,19
earn,10,28
earned,2,25
earning,8,12
earnings,7,5
earth,60,63
earthly,6,2
ease,7,3
easier,23,30
easiest,3,3
easily,66,5
east,10,38
eastern,11,6
easy,21,43
eat,3,2
eaten,1,1
eats,1,1
echo,2,1
economic,169,115
economically,3,1
economics,9,9
economy,6,337
editor,1,1
educate,9,13
educated,13,6
educates,1,1
educating,3,4
education,92,151
educational,26,3
edward,2,1
effect,128,17
effective,36,12
effectively,13,5
effectiveness,5,1
efficiency,22,7
efficient,16,11
effort,108,155
egg,2,2
ego,4,1
egypt,4,16
egyptian,1,2
eight,18,21
eighteen,2,1
eighty,4,1
either,54,22
elderly,1,4
elect,3,4
elected,7,35
election,19,64
electoral,3,1
electric,1,6
elegant,1,1
element,140,9
elementary,8,5
elevated,2,1
eleven,4,1
eliminate,5,18
eliminated,10,5
eliminating,6,5
elite,1,2
elizabeth,1,1
eloquence,1,1
eloquent,2,2
else,46,44
elsewhere,17,5
emanates,1,1
embark,1,1
embarrassment,1,1
embodied,6,3
embodies,3,2
embodiment,3,1
embrace,8,25
embraced,2,8
emerge,4,7
emerged,8,7
emerging,1,6
emotional,8,2
emperor,11,1
emphasis,6,2
empire,60,5
employ,14,2
employed,52,1
employee,17,19
employer,21,22
employing,5,1
employment,11,6
empty,10,8
en,2,2
enable,20,2
enabled,19,2
encountered,9,1
encourage,3,29
encouraged,8,5
encouragement,1,1
encourages,1,7
encouraging,7,8
end,207,162
endanger,1,3
endangered,1,5
ended,7,12
ending,3,12
endless,10,14
endowed,18,6
endure,19,8
endured,2,9
endures,1,4
enduring,6,18
enemy,164,20
energetic,9,1
energy,52,181
enforce,4,9
enforced,5,2
enforcement,2,25
enforcing,2,2
engage,7,11
engaged,13,3
engagement,2,18
engine,1,14
engineer,4,11
engineering,2,10
england,7,1
english,9,9
enhance,2,1
enhanced,3,2
enjoy,7,9
enjoyed,4,1
enjoying,3,4
enlightened,2,2
enlightenment,5,4
enlist,3,1
enlisted,1,1
enmity,9,1
enormous,30,20
enormously,3,1
enough,42,67
enrich,2,3
enriched,1,3
enrolled,2,2
enshrined,1,3
enslaved,1,2
ensure,5,47
ensures,2,5
ensuring,4,8
entail,3,3
entanglement,1,1
enter,24,5
entered,21,3
entering,10,4
enterprise,18,11
entire,12,42
entirely,55,3
entirety,1,1
entitled,10,5
entity,4,2
entrance,7,1
entrusted,14,1
environment,5,7
envy,7,7
epidemic,3,5
episode,2,4
equal,34,50
equality,12,17
equally,17,2
equip,2,7
equipment,8,10
equipped,2,1
equivalent,2,2
era,15,15
eradicate,2,5
error,20,2
escape,7,6
escaped,2,2
especially,126,37
essence,11,4
essential,62,20
essentially,11,5
establish,37,5
established,51,13
establishing,20,5
estimate,15,1
estimated,11,3
estimating,5,1
estranged,7,1
eternal,28,6
ethical,4,1
europe,73,28
european,30,7
even,470,245
evening,26,5
event,47,16
eventually,23,11
ever,88,89
every,270,405
everybody,25,101
everyday,18,2
everyone,23,61
everything,82,67
everywhere,19,12
evidence,20,14
evident,19,2
evil,60,11
evoke,1,1
evoked,1,1
evolution,9,9
evolved,4,3
exact,6,1
exactly,11,23
exaggerated,3,2
examine,15,6
examining,2,2
example,82,73
exceeded,4,1
exceedingly,3,1
excelled,3,1
excellence,4,1
except,41,5
exception,16,2
exceptional,5,6
excess,3,4
excessive,5,2
exchange,13,15
excited,2,2
exciting,1,1
excluded,5,3
exclusive,14,1
exclusively,52,1
excuse,13,13
excused,1,1
execute,1,2
executed,1,1
execution,11,1
executive,5,21
exercise,27,8
exercising,4,2
exert,2,1
exhausting,3,1
exhaustive,2,1
exhortation,2,1
exile,1,7
exist,58,16
existence,238,3
existing,32,4
exists,36,6
exit,1,2
expand,2,31
expanded,2,8
expanding,1,12
expands,1,2
expansion,15,9
expect,21,37
expectancy,1,1
expectation,1,13
expected,12,6
expects,2,1
expedient,4,1
expelled,1,1
expense,12,12
experience,71,41
experienced,9,2
experiment,8,5
expert,11,12
explain,21,5
explaining,2,2
explains,3,1
explanation,12,2
explode,1,1
exploit,16,2
exploited,16,2
exploiting,5,2
explosion,2,4
export,1,19
expose,4,1
exposed,3,6
express,18,9
expressed,24,7
expressing,4,2
expression,43,11
expulsion,2,1
extend,10,15
extended,8,9
extending,3,3
extends,1,7
extension,8,2
external,43,1
extract,6,1
extracted,1,1
extraordinarily,7,1
extraordinary,11,24
extreme,26,9
extremely,7,1
extremist,4,30
eye,86,33
f,8,5
face,84,101
faced,18,24
facilitate,6,1
facility,3,6
facing,5,10
fact,329,114
faction,3,6
factor,46,3
factory,17,32
faculty,42,2
fade,4,2
fail,24,23
failed,50,16
failing,10,5
fails,10,3
failure,48,26
faint,5,1
fair,2,69
fairer,2,1
fairly,2,8
faith,74,80
faithful,12,2
faithfully,2,2
fall,39,39
fallen,9,14
falling,10,8
false,32,15
falsehood,25,1
falter,1,2
fame,7,4
familiar,9,2
family,17,332
famine,4,5
famous,4,3
fan,1,2
fanatic,2,2
fancy,1,2
far,130,52
faring,1,1
farm,1,8
farmer,6,11
farreaching,9,4
farther,3,2
fascism,1,6
fashion,16,5
fashioned,5,1
fast,3,14
faster,1,23
fat,2,1
fate,82,8
fated,1,1
father,38,37
fault,13,4
faulty,1,2
fear,46,67
feared,15,2
fearful,5,5
fearless,1,1
february,6,1
fed,2,4
federal,28,42
feeble,12,1
feed,2,14
feeding,3,2
feel,73,65
feeling,124,15
fell,25,3
fellow,22,52
felt,82,21
female,5,2
fever,2,2
fewer,2,21
fiction,2,3
fidelity,1,3
field,56,21
fifteen,14,3
fifth,1,3
fifty,15,7
fiftyone,2,1
fight,163,73
fighter,3,4
fighting,119,30
figure,5,11
file,5,1
filing,1,1
fill,14,13
filled,23,6
filling,6,5
final,79,22
finally,163,75
finance,21,10
financial,29,104
finch,2,1
find,122,74
finding,7,9
fine,15,5
finger,6,6
finish,8,14
finished,2,5
fire,24,10
fired,5,6
firing,1,2
firm,19,25
firmer,3,4
firmly,25,5
first,416,211
firstclass,1,2
firsthand,1,2
fist,9,4
fit,14,8
fitting,2,3
five,24,38
fix,6,29
fixed,23,5
flag,37,23
flame,4,2
fled,1,2
fleet,7,1
fleeting,2,2
flew,1,1
flexibility,3,1
flight,3,10
flock,1,1
flood,4,5
floor,2,12
flourish,3,3
flow,2,7
flowing,2,3
fluctuating,1,2
flying,2,3
focus,1,53
fodder,1,1
foe,6,3
folk,5,107
follow,38,27
followed,52,16
follower,53,1
following,75,8
folly,20,1
fond,1,1
food,16,14
fooled,1,1
foolish,11,1
foot,11,17
foothold,3,1
footing,3,3
footstep,2,1
forbid,5,1
forbidden,3,1
force,222,132
forced,67,13
forceful,1,1
forcing,4,5
forefront,1,3
forego,1,1
foreign,136,47
foreigner,7,1
foremost,11,4
foresight,2,3
forest,2,1
forever,4,11
forge,4,25
forged,1,7
forget,36,13
forgetting,2,1
forging,3,4
forgiven,1,2
forgot,3,3
forgotten,20,5
form,211,20
formed,50,2
former,57,16
formidable,8,1
formula,13,3
fort,1,2
forth,19,6
fortified,2,1
fortitude,2,1
fortunate,12,4
fortune,12,4
forty,9,2
forum,4,3
forward,52,131
foster,5,4
fought,33,43
found,121,37
foundation,87,31
founded,38,12
founder,29,15
founding,9,26
four,36,51
fourth,8,10
fraction,6,4
frame,3,3
framed,1,1
framework,17,5
france,86,3
frank,4,2
frankly,3,4
fraud,2,8
free,54,95
freed,2,3
freedom,57,96
freeing,3,1
freely,9,6
freer,1,2
frequent,4,3
fresh,24,5
friend,12,86
friendship,9,16
front,100,15
frontier,49,5
frontline,1,1
fruit,11,1
frustrated,3,8
fuel,1,18
fulfilled,23,3
fulfilling,8,7
full,42,59
fullness,1,1
fulltime,1,8
fully,27,12
fun,1,1
function,29,7
functioning,1,1
fund,12,23
fundamental,77,21
fundamentally,29,2
funeral,3,1
funny,1,2
furious,5,2
furthermore,16,2
future,185,272
g,1,7
gain,37,14
gained,46,7
gaining,7,1
game,11,14
gang,9,2
gap,1,16
gaping,1,1
gas,5,56
gasping,1,1
gate,2,5
gather,6,14
gathered,8,9
gathering,7,2
gave,56,34
general,207,19
generally,55,3
generation,53,149
generous,3,6
genius,57,1
gentle,1,2
gentleman,30,1
genuine,16,4
genuinely,9,2
george,3,22
german,861,2
germany,311,7
gesture,4,2
get,44,366
getting,14,61
giant,4,2
gift,29,14
gifted,9,1
girl,14,24
give,116,213
given,89,48
giving,22,31
glad,1,5
gladly,3,4
glass,1,3
glimpse,1,1
globe,12,32
glorious,8,4
glory,14,3
go,77,178
goal,44,72
god,31,123
going,12,322
gold,7,2
golden,1,4
gone,17,26
good,118,236
goodness,1,5
goodwill,7,2
gospel,2,3
got,20,191
govern,2,12
governed,10,4
governing,10,3
government,152,272
grab,1,3
grace,3,47
grade,8,4
gradual,10,4
gradually,93,3
grain,2,2
grand,4,1
grandchild,1,15
grande,1,4
grant,8,11
granted,14,9
grasp,17,3
grasping,1,1
grateful,8,21
gratitude,4,9
grave,29,3
gravest,1,1
great,366,139
greater,69,49
greatest,54,34
greatly,4,1
greatness,40,6
greed,4,1
green,1,5
greeted,4,1
greeting,2,2
grew,22,11
grey,1,1
grief,1,9
grievance,4,4
grin,1,1
grip,9,5
grit,1,9
gross,4,2
ground,70,39
grounded,14,4
groundwork,5,1
group,101,41
grow,17,63
growing,16,66
grown,17,11
grownup,1,1
grows,7,11
growth,18,75
gruesome,1,1
guarantee,36,13
guaranteed,15,3
guaranteeing,2,2
guard,23,7
guarded,1,1
guardian,4,2
guarding,1,2
guest,4,8
guidance,3,1
guide,5,12
guided,4,8
guiding,13,1
gulf,7,19
gun,6,49
gutter,5,1
habit,25,3
hail,2,1
half,28,55
halfway,3,4
hall,69,18
hallmark,2,3
halt,2,2
hammered,2,1
hamper,3,1
hampered,4,1
hand,230,63
handed,4,1
handful,6,7
handle,2,4
hanging,1,1
happen,36,65
happened,42,36
happening,14,16
happens,25,25
happiness,8,11
happy,16,8
hard,38,158
harden,2,1
hardened,6,2
harder,3,40
hardest,3,6
hardship,7,21
hardworking,2,22
harm,8,18
harmful,7,1
harmless,5,1
harmony,8,2
harness,1,11
harsh,7,2
hast,1,1
hasten,4,1
hatched,1,1
hate,12,13
hated,14,4
hatred,35,10
head,40,22
headed,2,2
headquarters,4,1
heal,1,3
healed,1,1
healing,1,2
health,18,252
healthier,3,7
healthiest,2,1
healthy,29,19
hear,8,45
heard,20,39
hearing,5,13
hears,5,1
heart,83,53
heartache,1,2
heat,3,5
heated,3,3
heaven,22,4
heavenly,1,2
heavier,1,1
heaviest,4,3
heavily,4,1
heavy,11,6
heckler,1,1
heed,1,2
heel,2,1
height,6,6
heightened,1,1
heir,2,3
held,69,29
hell,4,1
help,67,270
helped,20,48
helpful,2,1
helping,6,48
hence,47,2
heritage,6,4
hero,28,13
heroic,37,7
heroism,12,3
hesitate,4,7
hesitation,8,1
hidden,9,5
hide,2,2
high,53,68
higher,95,72
highest,54,25
highly,18,5
highness,1,1
highway,1,9
hill,1,8
hinder,13,3
hint,1,1
hire,1,33
hired,2,3
historic,2,14
historical,36,3
history,142,148
hit,8,25
hitler,1,2
hold,83,65
holder,1,3
holding,26,11
hollow,3,1
holocaust,1,4
holy,3,13
home,95,212
homeland,2,16
homeless,1,3
honest,39,24
honestly,6,8
honesty,13,4
honorary,1,2
hope,55,138
hoped,21,3
hopeful,1,29
hopeless,9,3
hoping,5,5
horizon,7,8
horn,2,2
horror,12,5
horse,8,2
hospital,12,19
hospitality,3,2
host,5,3
hostile,22,4
hostility,12,4
hot,1,3
hotel,2,1
hour,73,27
house,42,88
household,1,12
housing,2,27
houston,1,1
however,114,8
hub,1,6
huddled,1,4
huge,9,24
human,209,114
humanitarian,3,5
humanity,41,17
humble,4,2
humblest,1,1
humiliation,7,4
humility,1,10
hundred,109,41
hunger,17,3
hungry,4,5
hunter,1,2
hunting,2,1
hurried,2,1
hurry,1,1
hurt,1,17
husband,5,5
hybrid,5,1
hymn,1,1
hypocrisy,6,5
hypothetical,1,1
i,2,21
idea,294,181
ideal,157,40
idealism,14,4
idealist,7,1
identified,3,4
identify,5,2
identifying,1,3
identity,3,7
ideological,9,5
ideology,18,11
idle,3,2
ignorance,15,3
ignorant,13,1
ignore,5,12
ignored,15,4
ignores,2,2
ii,6,15
iii,2,1
ill,7,30
illegal,3,13
illegally,1,9
illness,5,9
illusion,14,3
illustrates,1,1
im,1,110
image,9,6
imaginary,1,1
imagination,7,10
imagine,26,18
imagined,8,9
immeasurable,1,2
immediate,13,7
immediately,37,4
immigrant,1,55
imminent,2,3
immutable,1,1
impact,1,22
impartial,6,1
impede,5,1
impeding,1,1
imperative,5,9
imperfect,1,3
impetus,1,1
implement,1,2
implication,1,1
importance,132,2
important,99,110
impose,10,8
imposed,13,5
imposing,7,2
imposition,4,1
impossible,79,5
impress,4,1
impressive,7,2
imprisoned,1,3
improve,8,33
improved,3,7
improvement,9,8
improving,3,4
impulse,8,2
impunity,1,1
inability,6,1
inaction,1,7
inadequate,11,2
inalienable,1,4
incapable,23,1
incident,3,2
incite,1,1
include,7,5
included,7,3
includes,6,20
including,9,60
inclusion,1,1
income,1,44
incompatible,2,2
incomplete,1,3
incorporated,9,1
increase,56,38
increased,41,20
increasing,33,8
increasingly,4,6
incredible,20,17
incredibly,4,2
incumbent,5,2
indeed,97,13
indefinite,3,1
indefinitely,7,2
independence,39,14
independent,29,24
indescribable,1,1
india,11,9
indian,3,1
indicate,1,2
indicated,8,2
indicates,3,2
indifference,13,2
indignation,17,1
indispensable,16,5
individual,284,65
individualism,1,1
individually,1,2
indivisible,2,3
inducing,1,1
indulge,5,1
industrial,14,2
industry,17,84
ineffective,9,2
inefficiency,4,1
inefficient,6,2
inequality,1,37
inertia,7,1
inevitable,20,6
inevitably,12,6
inexhaustible,5,1
inextricably,1,4
infant,1,3
infect,3,1
infected,7,2
infection,7,1
inflation,3,2
inflection,1,2
inflict,1,1
inflicting,1,2
influence,103,17
influenced,13,1
influx,4,1
inform,1,2
information,17,33
informed,14,6
ingenuity,1,5
inherent,11,6
inherited,2,6
inhumane,1,1
initial,3,1
initiative,8,25
injured,3,1
injury,2,1
injustice,5,7
inner,82,6
innocent,8,31
innovation,3,55
insecure,2,1
insecurity,5,2
inside,2,8
insight,30,3
insist,5,21
insisted,1,6
insistence,1,7
insisting,8,1
insists,2,4
inspiration,8,7
inspire,7,8
inspired,29,15
inspires,1,3
inspiring,4,3
instance,39,4
instantly,1,1
instead,50,61
instilled,1,1
instilling,1,1
instinct,87,6
instinctively,4,1
institute,2,4
institution,99,37
instructed,4,2
instruction,23,4
instrument,43,6
instrumental,1,1
insufficient,7,2
insult,5,2
integrates,1,1
intellect,15,3
intellectual,116,3
intelligence,40,15
intelligent,15,2
intend,4,20
intended,13,3
intends,1,1
intense,2,1
intensify,3,1
intensity,1,1
intent,4,2
intention,46,7
interest,215,104
interested,12,9
interesting,4,2
interfere,6,1
interference,3,1
interior,4,5
internally,7,1
international,72,61
internationally,1,1
interpret,1,3
interpretation,5,1
interprets,1,1
interrupt,2,1
intervene,4,1
intervention,6,3
intimidation,6,2
intolerable,5,1
intolerance,6,4
introduce,9,1
introduced,23,2
introduces,1,1
introduction,5,3
introspection,1,1
invaded,3,1
invaluable,1,1
invent,1,3
invented,1,2
invention,26,2
inventive,2,1
inventor,7,5
invest,1,61
invested,7,5
investigating,3,1
investigation,3,1
investing,1,14
invite,1,2
invited,3,2
invoked,1,1
involve,3,5
involved,10,18
involves,1,2
iron,16,9
ironic,1,1
irrational,1,1
irresponsibility,1,1
irresponsible,5,5
is,1,3
island,1,11
isolated,8,11
isolating,1,3
isolation,1,11
israel,1,122
issue,19,159
issued,2,3
issuing,1,3
italian,14,2
item,2,1
january,8,9
japan,12,5
japanese,13,2
jealous,1,2
jeopardy,1,3
jew,325,16
jewish,142,24
job,17,518
join,31,37
joined,18,20
joining,5,4
joint,1,5
joke,3,2
joseph,4,1
journal,1,1
journalist,4,1
journey,2,34
journeyed,1,1
joy,10,6
judaism,4,1
judge,16,25
judged,15,4
judging,6,1
judgment,26,10
july,5,9
justice,32,69
justified,14,6
justify,6,6
keen,3,2
keenly,1,1
keep,40,176
keeping,13,18
ken,1,4
kept,26,22
key,5,13
kick,2,4
kill,1,22
killed,5,33
kind,182,81
kindly,6,1
kindness,3,8
king,8,19
kingdom,1,12
knee,4,2
knew,36,28
knight,3,2
knock,3,2
knocked,1,1
know,119,473
knowing,9,26
knowledge,97,10
known,25,48
lack,99,15
ladder,3,14
lag,2,1
laid,35,20
lance,1,2
land,21,40
landed,1,5
language,63,2
lapse,3,1
large,61,18
largely,6,2
larger,23,17
largescale,1,2
largest,8,36
last,139,228
lasting,7,28
late,15,9
later,110,28
latest,3,3
latin,3,1
laughter,1,3
launch,3,16
launched,5,15
law,92,176
lawyer,2,4
lay,49,27
laying,3,10
le,128,87
lead,81,106
leader,166,134
leadership,34,82
leading,24,16
leaf,10,4
league,38,5
lean,1,1
learn,29,25
learned,46,28
learning,19,13
least,130,33
leave,35,45
leaving,14,8
lech,3,1
led,66,50
left,90,40
leg,1,5
legal,5,16
legally,1,6
legend,2,1
legendary,1,1
legislation,7,28
legislative,8,5
legitimate,2,20
leisure,1,1
lend,7,6
lending,1,13
length,4,3
lessen,3,3
lesson,32,19
let,45,323
letter,12,24
level,73,38
liable,4,1
liberal,7,5
liberalism,1,2
liberate,5,3
liberation,8,1
liberty,31,33
library,1,3
lie,73,20
life,313,257
lifeblood,1,2
lifetime,2,11
lift,5,21
lifted,1,12
lifting,2,4
light,54,22
lightly,3,3
like,113,362
liked,8,1
likely,10,15
likewise,3,6
liking,4,1
limb,3,4
limit,22,20
limitation,3,1
limited,29,6
limiting,1,1
line,75,63
lined,2,3
link,2,3
linked,2,4
lip,1,2
list,5,5
listen,9,17
listened,6,1
listening,1,12
literally,1,1
little,121,60
live,45,103
lived,22,17
lively,3,3
living,37,54
load,1,3
loaf,1,1
loan,3,37
lobby,1,2
local,14,32
locate,2,4
lock,1,4
locked,1,4
lodged,1,1
logic,6,4
london,2,7
lone,1,1
long,185,155
longer,102,50
longing,13,5
longstanding,1,3
look,73,131
looked,88,11
looking,13,47
loose,6,2
lord,11,3
lose,20,47
loses,9,3
losing,14,17
loss,25,15
lost,71,72
lot,23,117
louder,1,2
love,41,81
loved,6,23
loving,1,2
low,13,12
lower,36,37
lowered,4,1
lowering,2,4
lowest,8,10
loyal,12,2
loyalty,12,4
luck,8,9
lucky,4,4
lurked,1,1
luther,1,6
luxury,1,5
lying,13,3
machine,5,2
mad,2,1
made,288,212
magic,13,1
magnet,1,5
magnetic,2,1
magnificent,16,1
magnitude,5,4
mailed,1,1
main,28,10
maintain,33,15
maintained,21,2
maintaining,12,4
maintenance,19,1
majestic,1,1
majesty,7,2
major,3,21
majority,80,30
make,257,567
maker,1,2
makeshift,1,2
making,61,129
male,4,3
malevolent,1,1
malice,2,2
malicious,4,1
malpractice,1,5
man,264,71
manage,2,8
managed,6,2
management,8,3
manager,1,4
managing,1,2
manchester,1,1
mandate,2,3
manifest,24,3
manifestation,26,1
manifested,15,1
mankind,48,3
manned,1,1
manner,66,5
manual,23,1
manufacture,1,4
manufactured,1,1
manufacturer,1,13
manufacturing,1,34
many,190,277
map,2,3
mapping,1,1
marathon,1,1
marble,1,1
march,25,20
marched,6,11
marching,4,5
mark,15,13
marked,7,2
market,7,101
marriage,19,11
married,3,4
marry,1,6
martin,2,14
martyr,2,1
mass,287,22
master,59,4
mastering,3,1
mastery,5,2
match,2,8
mate,9,1
material,63,16
matter,168,84
max,2,4
maximum,3,1
may,411,164
maybe,2,26
mayor,2,20
meal,4,1
mean,301,149
meaning,44,12
meant,58,19
meantime,2,5
meanwhile,8,19
measure,102,35
measured,6,5
mechanic,4,1
mechanism,7,2
medal,1,1
medical,5,28
medicine,1,9
medium,8,9
meet,23,106
meeting,211,30
melt,1,1
member,172,85
membership,20,1
memorial,2,3
memory,35,19
men,279,122
menacing,1,1
mental,41,8
mention,7,3
mentioned,30,6
mercy,4,2
mere,50,6
merely,108,7
merit,11,6
merited,1,1
mess,1,4
message,8,28
met,12,35
meter,1,1
method,67,1
mexico,1,7
middle,21,107
midst,9,12
might,213,73
mighty,12,1
migration,2,1
military,132,101
milk,2,3
million,87,201
mind,153,39
mine,5,8
mingle,1,1
minimum,3,28
minister,11,11
ministry,2,2
minority,7,16
minute,19,9
miracle,8,1
mirror,1,1
misfortune,31,3
misleading,1,1
misled,9,1
mismanagement,1,2
miss,1,1
missed,3,2
missing,2,1
mission,39,54
mistake,46,24
misunderstanding,3,1
mix,4,4
mixed,10,2
mob,14,1
mock,2,1
model,11,10
moderate,5,2
modern,27,7
modest,14,8
modification,3,1
moment,132,65
momentary,4,1
momentous,4,1
momentum,1,12
monday,1,1
monetary,1,1
money,27,95
monopoly,4,4
monstrous,4,1
month,24,132
monument,8,4
mood,2,1
moon,4,13
moral,83,22
morale,3,1
morality,4,1
morally,6,2
moreover,38,8
morning,22,11
moscow,1,1
mostly,20,5
mother,25,37
motion,5,1
motor,1,2
mountain,2,8
mounting,1,1
mouse,5,1
mouth,15,1
move,13,84
moved,16,15
movement,558,19
much,166,179
multinational,1,1
multiple,1,3
multitude,14,2
murdered,1,2
murderer,1,5
museum,1,3
music,4,3
must,698,340
mutual,33,21
mutually,1,1
mysterious,6,1
naive,1,1
naked,2,2
name,58,14
named,2,12
namely,110,1
narrow,10,7
nation,576,397
national,484,68
nationalism,6,1
nationalist,35,1
nationality,44,3
native,16,10
natural,76,24
naturally,52,1
nature,141,14
naval,12,1
navy,9,3
near,7,9
nearest,3,1
nearly,26,82
necessarily,26,3
necessary,232,46
necessity,56,8
need,84,365
needed,26,26
needle,1,2
negative,16,3
neglect,8,2
neglected,12,3
negotiate,1,6
negotiating,2,5
negotiation,5,19
neither,40,20
nerve,5,2
nervous,5,1
nest,1,2
net,3,7
neutral,2,1
never,273,151
nevertheless,18,3
new,362,507
newly,7,1
news,9,27
newspaper,43,3
next,23,182
night,19,32
nightmare,1,1
nihilism,1,1
nine,5,10
ninety,2,3
ninetyeight,2,1
noble,11,3
nobody,52,15
noise,2,3
non,4,1
none,16,28
normal,6,1
north,14,40
note,6,4
noted,5,3
nothing,149,56
notice,14,2
noticed,5,4
noting,1,3
notion,41,25
nourish,1,1
november,41,4
nowhere,5,4
number,125,62
numbered,3,1
nurse,1,9
nursing,1,1
nurtured,1,2
oath,1,12
objective,53,9
obligation,29,32
obliged,19,1
obscure,6,2
observation,5,1
observed,14,1
observer,10,1
obsolete,2,4
obstacle,18,5
obstinacy,5,1
obstruct,1,2
obstruction,1,1
obtain,10,2
obtaining,6,2
obvious,33,3
obviously,10,11
occasion,46,5
occasional,2,2
occasionally,9,1
occupation,16,8
occupy,6,3
occupying,4,3
occur,3,1
occurred,6,1
odds,2,8
offend,2,3
offensive,24,6
offer,28,52
offered,22,11
offering,6,10
office,30,89
officer,21,17
official,79,20
officially,2,1
often,136,52
oftentimes,1,2
oh,2,2
old,175,61
older,7,3
oldest,1,4
oldfashioned,1,1
one,868,531
onerous,1,1
onetenth,2,1
onethird,1,2
onto,1,6
open,50,77
opened,14,15
opening,4,8
openly,28,5
operate,4,7
operates,2,2
operation,13,12
opinion,136,16
opponent,46,15
opportunity,31,154
oppose,23,6
opposed,40,7
opposes,4,1
opposing,7,1
opposite,20,4
opposition,38,13
oppression,21,5
orbit,2,11
ordeal,4,1
order,211,44
ordered,9,14
orderly,2,2
ordinary,17,28
organ,8,1
organization,1,21
organized,1,6
orientation,6,3
origin,21,2
original,45,3
originally,13,2
originated,4,1
others,104,73
otherwise,47,6
ought,98,6
out,1,1
outcome,27,20
outlet,3,1
outline,5,2
outlook,21,1
outnumber,1,1
outrage,6,2
outset,16,3
outside,38,14
outsider,3,1
outstanding,16,15
outward,17,3
outwardly,6,1
overboard,3,1
overcome,35,14
overcoming,3,1
overcrowded,1,1
overjoyed,1,1
overnight,1,10
overthrow,15,3
overthrown,7,1
overwhelming,10,13
overwhelmingly,1,3
owe,10,10
owed,5,1
owes,13,1
owned,1,3
owner,1,31
ownership,2,3
pace,4,18
pacific,1,6
pack,2,2
packed,6,2
packing,1,2
page,4,10
paid,19,45
pain,9,20
painful,1,12
painfully,1,2
painstaking,6,5
paint,1,3
painted,2,2
palace,5,1
palestine,2,14
paltry,5,1
pan,4,1
paper,33,6
parade,6,2
parallel,1,1
paralysis,5,1
parent,15,72
paris,9,2
parliament,54,5
parliamentarian,31,1
parson,1,1
part,221,179
participate,11,10
participated,6,2
participating,5,5
participation,3,6
particular,59,17
particularly,47,22
partisan,2,18
partly,32,1
partner,4,51
party,401,120
pas,14,68
pass,2,1
passage,3,1
passed,39,52
passing,10,13
passion,11,23
passionate,8,2
passionately,1,2
passive,17,2
past,85,120
pastor,3,4
path,12,57
patience,5,2
patient,4,15
patriot,8,8
patriotic,16,2
patriotism,13,11
patrol,2,6
pattern,2,2
paul,1,5
pause,2,2
paved,1,1
pay,28,133
payday,2,1
paying,4,37
payment,6,10
peace,67,155
peaceful,16,35
peacefully,4,9
peak,4,4
pearl,1,2
pedigree,1,1
pen,5,1
penalty,4,8
penny,6,5
pension,4,7
people,985,947
per,11,9
perceived,7,2
percent,1,99
perception,4,1
perfect,5,24
perfected,1,2
perfectly,8,2
performance,7,5
performed,7,2
performing,5,2
perhaps,27,18
peril,7,10
perilous,2,1
period,79,19
perished,1,2
permanent,16,11
permanently,11,2
permit,11,4
permitting,1,1
perpetrated,1,2
perpetual,9,4
perpetually,5,1
persecuted,7,2
persecution,10,4
perseverance,11,2
persistence,2,1
persistent,20,6
person,124,34
personal,66,12
personality,26,1
personally,20,6
personnel,4,4
persuade,8,1
persuasion,3,1
persuasive,3,3
perverse,3,1
peter,3,1
petition,1,1
pettiness,2,3
petty,22,4
phase,13,2
philanthropist,1,1
philosopher,9,1
philosophical,2,2
philosophy,4,5
phrase,18,1
physical,62,2
physically,16,1
picked,1,3
picture,36,7
pie,1,1
piece,30,9
pillar,10,2
pilot,1,3
pinprick,1,2
piracy,1,2
pitch,9,2
place,210,178
placed,28,6
placing,7,1
plague,9,1
plain,2,6
plainly,2,3
plan,44,175
plane,9,8
planet,8,25
planned,4,5
plant,2,22
platform,6,2
play,46,39
played,24,6
player,1,2
playing,10,12
please,3,18
pleased,12,6
pleasure,6,3
pledge,4,14
pledged,2,8
plenty,3,7
plight,1,1
plot,1,9
plunged,2,3
pocket,3,20
poet,2,1
point,138,78
pointed,8,3
pointing,1,3
poison,31,5
poisoned,3,2
poisoning,10,1
poland,4,1
pole,5,2
police,23,20
policeman,1,3
policy,292,68
polish,7,1
political,423,72
politically,12,5
politician,32,12
politics,51,93
poll,1,9
pollution,4,14
poor,28,25
popular,31,7
population,78,7
port,2,3
portion,18,4
pose,3,12
position,155,22
positive,25,7
posse,45,4
possessed,26,1
possession,20,3
possibility,51,10
possible,227,74
possibly,14,2
post,13,5
posterity,20,2
postpone,2,2
potential,1,34
pounce,1,1
poured,4,1
poverty,9,55
power,296,160
powerful,19,27
powerless,3,2
practical,111,14
practice,58,17
praise,10,5
praised,6,1
pray,5,8
prayed,1,2
prayer,4,10
preach,1,1
preached,1,2
precaution,3,1
precious,8,10
precise,12,2
precisely,10,13
precision,1,1
preconceived,3,1
precondition,2,1
predatory,1,1
predecessor,2,4
predict,1,1
prefer,4,4
preferable,2,1
preference,2,3
pregnancy,1,5
pregnant,1,1
prejudice,12,3
preliminary,26,1
premise,6,3
prepare,14,10
prepared,26,19
prepares,4,2
preparing,11,5
prerequisite,24,1
prescription,2,16
presence,12,5
present,191,10
presented,38,4
presenting,7,1
preserve,36,7
preserving,12,2
president,7,268
press,100,11
pressed,4,1
pressure,10,18
presume,2,3
presumed,7,1
pretence,7,1
pretend,10,5
pretending,2,1
pretty,1,24
prevail,16,1
prevailed,4,2
prevails,2,2
prevent,47,52
prevented,11,5
preventing,6,7
prevention,2,1
preventive,2,6
prevents,6,7
previous,10,11
previously,20,4
price,3,28
pride,18,17
priest,10,1
primarily,10,2
primary,15,1
prime,1,9
principal,17,8
principle,267,59
print,4,3
prior,1,1
priority,2,31
prison,5,11
prisoner,1,5
pristine,1,1
private,17,43
privately,1,3
privilege,10,8
probably,31,16
probe,3,1
problem,190,120
procedure,10,1
proceed,3,4
process,92,54
proclaim,10,2
proclaimed,10,1
produce,26,17
produced,24,6
producing,8,1
product,43,35
production,22,11
productive,11,7
productivity,3,4
prof,9,1
profession,20,3
professional,12,11
profit,6,20
profitable,6,9
profound,53,14
profoundly,19,6
progeny,2,1
progress,59,128
progressed,1,1
progressive,10,4
prohibited,3,5
prohibiting,2,1
prohibition,2,1
prohibits,1,1
project,8,31
prolonged,3,2
prominent,2,4
promise,14,116
promised,6,17
promising,3,4
promote,18,23
promoted,3,2
promoting,8,7
promotion,4,6
pronounced,9,2
proof,42,7
propaganda,166,3
proper,12,2
properly,11,3
property,12,1
prophet,6,1
proportion,16,3
proposal,9,52
propose,1,7
proposed,5,20
proposes,1,1
proprietor,1,1
prospect,23,13
prosper,3,7
prosperity,11,70
protect,15,81
protected,17,12
protecting,3,13
protection,31,22
protective,5,1
protects,3,5
protest,27,12
protested,3,1
proud,12,40
prove,45,9
proved,63,7
provide,20,67
provided,23,11
providence,10,1
provides,8,7
providing,10,23
province,17,1
provincial,10,1
provision,6,10
provisional,1,1
provocation,7,2
provoked,4,2
prowess,6,1
prudent,1,2
public,245,65
publicity,1,1
publicly,8,7
publish,1,1
pull,2,15
pulled,3,6
pump,2,2
purchase,2,5
purchasing,1,1
purity,12,2
purpose,193,40
pursue,12,49
pursued,14,4
pursues,4,2
pursuing,4,7
pursuit,4,21
push,9,17
pushed,8,8
pushing,4,20
put,132,159
putting,23,24
q,1,14
qualification,7,1
qualified,6,2
quality,82,25
quarter,34,11
queen,4,4
question,243,107
questioned,2,2
quick,3,6
quicker,2,2
quickly,29,18
quiet,5,10
quietly,4,1
quit,1,5
quite,125,2
quitter,1,2
quo,3,17
quote,2,2
race,219,64
racial,132,13
rack,3,1
radical,18,3
rage,10,2
raging,3,2
raid,1,1
rail,1,6
railroad,1,11
railway,5,1
rain,2,3
raise,24,61
raised,28,15
raising,4,13
rallied,2,3
rally,7,7
rallying,3,2
rampant,1,1
ran,3,20
rang,1,1
range,1,9
rank,47,2
rapid,8,3
rapidly,16,8
rare,16,2
rarely,7,8
rat,4,1
rate,3,67
rather,194,34
rational,3,3
raw,3,3
ray,4,1
rd,2,1
reach,34,75
reached,38,10
reaching,7,16
react,1,1
reacted,2,1
read,53,17
readiness,15,1
reading,24,8
ready,64,18
real,123,55
realistic,3,3
reality,73,18
really,97,34
realm,8,1
reaping,3,1
reason,230,74
reasonable,7,5
reasoned,2,2
reasoning,7,1
reassured,1,1
rebellion,5,1
recall,10,5
receipt,2,1
receive,12,21
received,51,12
receives,10,1
receiving,3,1
recent,6,19
recently,5,14
receptive,1,1
recipe,2,4
recipient,2,3
reckoning,4,1
recognition,29,14
recommendation,2,2
recommended,7,1
reconciliation,1,6
reconstruction,4,1
record,3,25
recorded,1,1
recover,3,15
recovered,3,5
recovering,1,5
recovery,6,47
recrimination,1,2
recruit,16,7
red,50,16
reduce,2,53
reduced,7,8
reduces,1,3
reducing,3,16
reestablishing,6,1
refer,1,1
refined,1,1
reflect,5,16
reflected,7,2
reflecting,1,3
reflection,5,6
reflective,1,1
reform,17,191
reformer,4,1
refuge,5,1
refusal,15,1
refuse,12,21
refused,15,8
regain,4,2
regard,105,5
regardless,6,16
regime,37,30
region,13,81
regional,3,9
register,2,1
regret,6,3
regrouped,1,1
regular,3,1
regulate,1,2
regulating,5,1
regulation,4,26
reich,208,2
reign,5,1
reigned,4,2
rein,5,6
reinforce,9,2
reinforcement,4,2
reinforcing,2,1
reject,9,26
rejected,12,11
rejecting,2,3
rejection,2,6
related,1,3
relates,1,1
relation,42,17
relationship,6,21
relative,4,2
relax,1,1
release,2,6
relentless,1,7
reliable,4,2
reliance,1,1
relied,5,2
relief,6,12
relies,1,2
relieved,1,2
religion,37,31
religious,84,14
reluctance,3,1
rely,1,9
relying,1,3
remain,64,38
remained,52,2
remaining,5,3
remains,28,29
remark,12,9
remarkable,5,9
remarked,1,1
remember,27,42
remembered,15,4
remembering,4,1
remembrance,1,1
remind,6,17
reminded,3,13
reminder,1,5
remnant,3,3
removal,4,1
remove,6,12
removed,11,11
removing,7,4
render,22,1
rendered,28,2
renewed,5,8
renounce,8,1
rent,1,1
reopening,1,1
repair,5,9
repay,1,4
repeat,10,15
repeated,19,2
repeatedly,5,4
repeating,4,3
replace,6,14
report,10,14
reported,3,2
reporter,1,1
represent,15,12
representative,75,22
represented,26,6
representing,8,1
represents,22,9
repression,2,8
republic,52,6
republican,8,168
reputation,4,1
request,3,5
require,4,44
required,9,18
requirement,3,2
requires,3,29
requisite,14,1
rescue,2,7
rescued,2,4
reserve,11,5
reserved,4,2
reservoir,1,3
reshape,1,1
resign,3,1
resist,6,4
resistance,74,6
resisted,1,2
resolute,12,1
resolution,12,12
resolve,4,30
resolved,4,3
resort,6,2
resource,16,43
respect,41,58
respected,4,8
respective,11,3
respond,1,19
responded,1,5
responds,1,2
response,6,13
responsibility,73,137
responsible,55,37
responsive,1,3
rest,47,35
restaurant,5,2
rested,3,1
resting,1,1
restoration,15,4
restore,13,31
restored,10,4
restoring,5,5
restraint,1,3
restrict,4,3
restricted,7,1
restricting,3,1
restriction,4,2
result,246,39
resulted,27,1
resulting,12,1
resume,7,2
resurgence,10,2
retail,1,2
retain,13,2
retire,3,6
retired,4,3
retiring,1,1
retreat,3,2
retribution,8,1
return,21,25
returned,15,3
returning,2,3
reunited,1,1
reveal,5,1
revealed,8,2
revenue,1,12
reverend,1,10
reverse,12,12
reversed,2,3
review,2,8
reviewed,1,1
revise,1,1
revive,3,3
revolution,122,25
revolutionary,41,2
reward,9,21
rewarded,2,14
rhetoric,2,3
rich,5,17
richard,1,1
richer,1,2
rid,4,7
ridicule,8,1
rift,4,1
rig,1,5
right,222,520
righteous,3,1
rightful,1,1
rightly,10,4
rigid,8,4
rigorous,4,5
ripe,5,2
rise,35,22
risen,2,4
rising,7,27
risk,27,50
risked,2,1
risking,1,2
risky,2,5
ritter,1,2
rival,12,4
river,4,4
road,34,47
rob,2,5
robbed,12,1
robs,1,1
robust,8,2
rock,4,5
role,13,37
rome,7,1
room,21,21
root,19,13
rooted,2,17
rooting,2,1
rope,1,1
rose,1,3
rot,1,3
rotten,1,1
rough,5,2
roughly,2,5
round,20,9
route,9,3
routed,1,1
routine,4,4
row,3,2
royal,7,2
ruin,27,6
rule,32,100
ruling,14,2
run,43,33
rung,3,1
running,3,13
rural,1,16
rush,3,4
rushed,3,3
russia,60,16
russian,24,7
ruthless,26,2
ruthlessly,12,1
s,3,10
sa,1,1
sabotage,4,1
sacred,34,14
sacrifice,84,34
sacrificed,17,7
sacrificing,4,2
saddle,1,2
sadly,2,4
safe,4,47
safeguard,17,7
safeguarding,5,1
safely,4,10
safer,1,18
safety,3,29
said,73,170
sailing,2,1
sailor,1,1
sake,31,11
salary,6,12
salvation,4,4
sanction,4,22
sanctioned,2,2
sand,1,1
sang,1,2
sank,4,2
sap,1,2
sapping,1,1
sat,4,6
satisfaction,10,3
satisfied,10,2
satisfying,2,2
saturday,1,6
save,19,55
saved,16,17
saving,8,37
saw,38,40
say,115,177
saying,18,32
scale,30,8
scandal,4,1
scapegoat,1,1
scar,1,1
scarcely,39,3
scare,4,5
scared,1,1
scattered,2,1
scene,11,8
scheduled,1,1
scheme,9,1
scholar,1,1
school,77,152
schooling,4,1
science,20,55
scientific,20,7
scientist,2,23
scope,8,5
scorching,1,1
score,1,7
scorn,5,2
scourge,16,3
scrap,1,2
screw,1,1
scrutiny,2,2
sea,9,3
seaboard,1,1
sealed,3,1
search,5,7
searching,2,2
seat,13,14
seated,1,1
second,76,57
secondary,13,2
secret,33,12
secretarial,1,2
secretary,6,24
secure,23,56
secured,20,4
secures,2,2
securing,17,5
security,19,245
see,106,205
seed,8,3
seeing,22,22
seek,14,54
seeking,5,13
seem,16,18
seemed,84,1
seemingly,1,2
seems,38,12
seen,29,96
seize,2,14
seized,5,3
selecting,6,2
selective,3,1
self,14,3
selfdetermination,1,10
selfevident,1,5
selfinterest,2,1
sell,3,15
selling,2,5
senate,3,36
send,6,44
sending,1,10
sens,2,1
sense,86,85
sensed,1,1
senseless,7,5
sensibility,3,1
sensible,4,5
sensitive,2,1
sent,23,35
separate,7,5
separated,4,2
separating,2,1
separation,1,4
september,6,11
serf,9,10
series,14,12
serious,42,40
seriously,25,6
seriousness,3,1
servant,20,9
serve,81,49
served,25,35
service,113,50
serving,10,12
session,4,6
set,83,107
setback,2,9
setting,8,8
settle,8,10
settled,10,6
settlement,10,7
settler,1,1
settling,4,1
seven,19,15
seventeen,6,1
seventh,1,1
several,45,24
severe,9,4
severely,1,3
sexual,6,5
shackle,2,2
shade,1,1
shadow,3,23
shadowy,1,1
shake,6,7
shaken,4,4
shall,71,11
shallow,1,1
shape,20,30
shaped,5,7
shaping,4,4
share,18,90
shared,3,30
sharp,5,3
sharply,4,1
shattered,5,1
shatters,1,1
shed,21,9
shedding,2,1
sheer,22,3
sheet,1,2
shell,7,1
shelter,1,4
shield,4,5
shift,1,16
shifted,1,4
shine,3,1
shining,2,1
ship,6,13
shirk,1,2
shook,2,2
shoot,5,2
shooting,3,10
shop,5,4
shore,1,31
short,42,14
shortcoming,5,2
shorter,4,1
shortly,2,6
shortsightedness,3,1
shot,4,24
shoulder,19,12
shout,10,4
shouting,5,1
show,81,41
showed,35,7
showered,1,1
showing,2,6
shown,30,13
shrapnel,3,1
shrine,1,2
shudder,2,1
shun,3,1
shut,5,13
sick,1,44
side,104,50
siege,1,1
sight,19,15
sign,39,39
signal,8,1
signature,3,2
signed,3,15
significant,9,11
signing,1,9
silence,22,1
silenced,1,1
silent,8,3
silently,6,3
silly,3,4
silver,3,2
similar,49,5
simple,31,44
simplify,1,3
simply,46,45
sin,18,1
since,135,94
sincerely,6,1
sing,3,2
singing,5,4
single,40,71
singular,2,3
singularly,1,1
sinner,1,2
sister,2,17
sit,4,22
sitting,6,12
situation,102,24
six,21,41
sixteen,2,1
sixty,9,3
size,19,15
skill,9,39
skilled,5,2
skin,1,5
slaughter,1,6
slaughtered,1,3
slave,16,8
slavery,8,8
sleep,7,6
sleeping,1,1
sleepless,1,1
slide,2,2
slight,13,1
slightest,34,1
slightly,1,1
slipped,2,3
slogan,21,2
slow,20,11
slowly,41,7
small,121,109
smaller,21,6
smallest,13,1
smile,3,2
smith,1,2
smoke,1,2
smooth,1,3
smoothly,1,1
snow,2,3
soap,1,1
soaring,1,3
socalled,101,1
social,191,38
socialism,14,1
socialist,154,2
society,27,56
soft,1,1
soil,28,3
sold,6,5
soldier,93,26
sole,38,2
solely,19,4
solemn,9,2
solid,18,4
solidarity,18,4
solution,30,16
solve,10,43
solved,9,3
solving,3,4
somebody,7,45
somehow,5,22
someone,6,27
something,90,119
sometimes,30,60
somewhere,6,8
son,18,37
song,8,2
soon,68,26
sooner,22,6
sorrow,2,2
sorry,4,2
sort,26,3
sought,5,7
soul,31,4
sound,45,11
sounded,1,2
source,41,40
south,35,44
southern,6,4
sovereign,27,11
sovereignty,12,5
soviet,6,11
sow,3,2
sowed,2,1
sown,5,1
space,16,69
span,2,5
spare,3,4
spared,2,1
spark,2,5
speak,51,69
speaker,27,32
speaking,47,5
speaks,4,10
special,41,28
specific,4,14
specifically,2,2
spectacle,10,2
speculation,5,1
speculative,2,1
speculator,1,1
speech,44,21
speed,7,10
spell,4,1
spend,3,43
spending,1,57
spends,2,5
spent,11,37
spirit,158,49
spirited,1,1
spite,19,1
split,5,1
spoke,21,22
spoken,23,7
sport,7,2
spot,7,5
spread,30,24
spreading,12,2
spring,24,9
spurred,1,2
squabbling,2,1
squandered,1,1
square,9,7
squarely,1,6
st,2,41
stability,12,16
stable,4,13
stadium,1,3
staff,5,11
stage,38,12
stagnation,1,1
stain,2,2
stained,2,1
stair,2,3
stake,7,32
stalwart,2,1
stamp,12,6
stamped,3,3
stand,71,123
standard,23,40
standing,12,25
star,5,5
stared,1,2
stark,1,3
start,24,102
started,14,25
starting,2,32
starved,1,1
state,884,405
statement,29,7
statesman,46,2
station,5,13
status,7,20
stay,3,40
steadfast,2,2
steadily,40,4
steady,18,6
steal,6,8
stealing,1,2
steel,9,6
stem,1,5
step,51,96
sterling,1,1
stick,6,5
sticking,1,2
stiff,1,1
still,165,195
stimulus,7,1
stir,3,4
stirred,5,2
stirring,2,1
stock,43,13
stolen,2,2
stone,10,2
stood,25,20
stop,18,70
stopped,3,16
store,9,3
storm,55,14
story,8,80
straight,3,17
straightforward,2,6
strain,4,6
strained,1,4
strait,2,2
strange,7,1
stranger,5,12
stranglehold,1,1
strategy,2,38
stream,2,1
street,28,80
strength,125,60
strengthen,11,46
strengthened,11,12
strengthening,10,7
strengthens,1,6
stress,5,5
stretch,3,10
stretching,1,1
stricken,2,1
strict,3,1
strife,11,4
strike,30,22
striking,22,1
string,1,1
strive,12,6
strives,7,1
striving,8,10
strong,45,76
stronger,38,48
strongest,15,15
stronghold,1,2
strongly,10,8
struck,9,7
structural,1,1
structure,47,2
struggle,257,34
struggled,2,5
struggling,5,18
stuck,4,6
student,15,111
studied,26,3
study,68,19
studying,7,1
stuff,5,7
stumble,1,2
sturdy,3,2
style,8,2
subject,86,12
subjected,12,1
subjecting,1,1
subjugating,2,1
subjugation,2,1
submit,19,4
subscribed,1,1
subsidized,1,2
substance,11,2
substantial,1,4
substitute,9,4
subtle,2,1
succeed,36,30
succeeded,42,4
succeeds,6,3
success,141,54
successful,38,8
successfully,10,5
successive,4,3
successor,3,1
succumb,6,1
succumbed,5,1
sudden,14,6
suddenly,61,12
suffer,15,9
suffered,15,8
suffering,31,14
suffers,3,1
suggested,5,10
suggesting,1,8
suggestion,11,5
suggests,1,5
suitable,16,1
sum,8,5
summer,14,17
summon,2,8
summoned,1,1
sun,5,3
sunday,2,4
sung,2,4
supplant,2,1
supply,14,9
support,70,149
supported,15,22
supporter,12,4
supporting,3,15
supposed,5,10
suppress,5,2
suppressing,1,2
suppression,6,2
supreme,32,14
sure,9,161
surely,22,25
surest,3,3
surface,8,7
surplus,3,7
surprise,3,4
surprised,12,2
surprising,8,2
surrender,7,2
surrendered,3,2
surrounded,5,3
surrounding,3,3
survey,3,1
survival,3,2
survive,4,3
survived,2,5
suspect,3,3
suspicion,8,8
sustain,4,13
sustained,3,5
sustenance,1,1
sweep,1,1
sweeping,2,6
sweet,1,5
swept,1,3
sword,21,3
swore,1,1
sworn,1,6
swung,2,1
symbol,24,3
symbolic,5,3
symptom,31,1
system,116,176
systematic,16,1
systematically,24,1
table,13,20
tackled,3,1
tackling,1,3
tactic,36,9
tail,1,1
take,273,259
taken,137,51
taking,53,55
tale,3,2
talent,39,13
talented,2,3
talk,37,80
talked,10,24
talking,12,41
talmud,1,1
tangible,5,2
tariff,1,1
task,125,38
taste,5,1
tasted,2,1
taught,28,10
tavern,3,1
tax,1,219
taxpayer,1,41
teach,23,13
teacher,18,51
teaching,69,12
tear,11,16
tearing,1,1
technical,29,5
technology,3,82
tell,13,88
telling,3,10
temperament,5,1
tempered,1,1
temple,6,2
temporarily,5,1
temporary,7,7
temptation,5,3
tempting,1,5
ten,36,27
tend,9,4
tended,7,1
tendency,33,1
tends,9,1
tension,3,16
tenth,3,1
term,29,43
terrible,35,15
terrific,1,6
terrifying,3,2
territorial,26,1
territory,98,7
terror,10,14
terrorism,15,15
terrorist,4,60
test,26,25
testament,3,4
tested,1,12
testimony,3,1
testing,1,2
th,35,24
thank,6,166
thanked,2,2
thanks,14,30
that,2,4
the,4,10
theft,1,1
theory,27,3
thereby,64,3
therefore,225,4
thing,160,266
think,104,284
thinking,40,15
third,32,34
thirst,2,1
thirty,12,6
this,1,2
thorough,13,1
thoroughly,23,1
though,156,35
thought,100,33
thoughtful,1,4
thousand,164,69
threat,14,68
threaten,5,21
threatened,15,19
threatening,11,3
threatens,9,5
three,56,63
threequarters,2,2
threw,4,2
thrill,3,1
thrive,1,12
thrives,1,2
thriving,1,9
throat,2,1
throughout,40,31
throw,10,2
throwing,2,2
thrown,18,1
thursday,2,1
thus,336,2
tie,12,17
tied,1,1
tightening,1,1
till,3,2
tilt,1,1
time,659,510
timely,1,2
timidity,6,1
tiny,5,1
tire,3,2
tired,4,13
title,7,2
today,228,250
together,73,223
toil,3,3
told,17,60
tolerance,7,10
tolerant,1,1
tolerate,7,11
tolerates,1,1
toll,1,1
tomorrow,8,35
tone,13,2
took,91,76
tool,3,14
top,3,47
torch,5,3
torn,9,8
tornado,1,1
torture,1,7
tortured,3,1
total,14,5
touch,4,8
touching,4,3
touchstone,1,1
tough,5,46
towards,162,29
tower,1,2
town,30,31
trace,15,3
traced,2,1
track,1,13
trade,38,42
tradition,24,25
traditional,14,5
traffic,2,4
tragedy,6,29
tragic,16,5
trail,1,1
train,26,29
trained,35,8
training,97,35
tranquillity,1,1
transaction,4,1
transcends,2,2
transcript,1,2
transfer,1,8
transferred,7,1
transform,16,5
transformation,12,6
transformed,21,2
transforming,6,1
travel,1,24
travelled,2,1
travelling,1,1
tread,2,1
treasure,3,3
treasury,2,1
treat,2,10
treated,11,8
treating,1,5
treatment,6,16
treaty,35,14
tree,6,3
trek,1,2
tremendous,19,2
trench,10,1
trend,9,18
trial,5,10
tribal,2,2
tribe,4,10
tribute,6,8
tried,37,10
triple,11,2
triumph,45,2
triumphed,4,4
trivial,4,3
troop,32,101
trouble,20,8
true,103,111
truest,3,1
truly,3,20
trust,9,28
trusted,1,1
truth,102,58
try,52,52
trying,15,49
tuesday,1,2
turbulent,2,1
turkey,3,3
turmoil,5,9
turn,82,54
turned,43,18
turning,9,8
twelve,8,1
twentieth,3,1
twenty,17,8
twentythree,2,1
twice,2,10
twilight,1,4
twisted,1,1
two,195,190
twothirds,1,2
type,32,3
typical,19,6
typically,1,2
tyranny,9,16
tyrant,1,4
u,278,740
ultimate,13,6
ultimately,8,38
unable,20,8
unbreakable,1,2
uncertain,8,8
uncertainty,11,9
unchecked,3,1
uncomfortable,1,5
uncommon,1,1
undaunted,1,1
undeniable,1,1
undergoing,2,1
underlying,10,4
undermine,9,2
undermined,2,1
undermines,1,2
undermining,7,1
understand,93,83
understandable,2,3
understanding,49,21
understands,4,2
understood,50,16
undisciplined,1,1
undoubtedly,15,3
unemployed,4,11
unemployment,4,30
unending,1,1
unequivocally,1,1
unfair,2,7
unfeasible,1,1
unfinished,1,3
unfolds,1,2
unfortunately,50,8
unified,1,4
uniform,26,22
uniformity,11,1
union,35,62
unique,10,14
unit,15,9
unite,6,5
united,41,264
unites,3,2
unity,21,11
universal,24,18
universe,4,2
university,9,40
unjust,10,3
unless,62,15
unlike,1,12
unlimited,6,1
unparalleled,5,3
unpleasant,11,1
unpopular,2,2
unsafe,1,1
unseen,1,4
unspeakable,3,1
unstable,5,3
unsure,1,1
unto,3,4
untold,3,2
untouched,1,2
unwanted,1,1
unwavering,1,2
unwelcome,3,1
unwilling,2,3
unworthy,10,1
upheld,7,1
uphold,7,9
upholding,2,6
upholds,1,1
upon,202,53
upset,1,1
urban,3,4
urge,16,14
urged,8,2
urgency,1,9
urgent,6,12
us,9,7
usa,3,5
use,98,91
used,81,41
useful,17,6
usher,1,5
using,9,21
usual,10,11
usually,16,2
utility,7,1
valley,1,5
valuable,23,1
value,86,93
valued,3,1
vanish,1,2
varied,4,1
variety,3,1
various,103,1
vast,25,10
vehicle,3,7
venture,1,1
verdict,2,3
verge,3,3
versa,6,1
verse,2,1
vessel,17,1
veteran,2,42
vice,12,31
vicious,1,7
victim,43,12
victor,9,2
victory,79,18
view,153,23
viewed,1,1
viewpoint,1,1
vigorous,10,2
vigorously,2,1
vile,3,1
village,11,2
violated,2,3
violation,4,4
violence,12,70
violent,13,24
violently,5,1
virtue,35,4
visible,16,3
vision,8,23
visionary,9,1
visit,6,12
visited,2,8
visiting,2,2
visitor,1,1
vital,42,8
vitality,8,2
vitriol,1,1
vocational,5,1
voice,18,52
void,2,1
volunteer,22,10
volunteered,1,4
vote,20,99
voted,9,9
voter,2,11
voting,6,17
wage,26,78
waged,15,3
waging,11,3
wagon,1,1
wait,9,22
waited,5,3
waiting,8,17
waitress,1,2
walk,7,32
walking,3,7
wall,13,50
wallowing,1,1
wandering,2,1
want,49,378
wanted,15,18
wanting,5,1
war,290,267
warfare,10,4
warm,2,3
warned,2,2
warning,14,1
wartime,4,1
waste,5,18
wasted,3,4
wasting,1,1
watch,8,15
watched,4,7
watching,4,22
water,8,31
wave,9,12
waver,3,5
wavered,1,1
wavering,8,1
waving,1,4
way,365,317
we,3,22
weak,45,4
weaken,6,12
weakened,3,9
weakening,8,2
weaker,15,4
weakness,38,2
wealth,9,23
weapon,87,72
wear,5,4
weary,1,4
wedge,2,1
week,47,88
weighed,5,3
weight,8,7
welcome,8,18
welcomed,12,9
welfare,21,6
well,107,223
wellbeing,5,2
wellknown,3,2
welloff,1,7
wellqualified,1,1
went,48,30
west,5,32
western,20,5
whatever,28,32
wheel,2,1
whenever,21,6
whereas,52,1
whereby,18,1
wherever,13,9
whether,85,84
whip,1,3
whispered,1,1
white,26,46
whoever,8,4
whole,244,49
whose,151,36
wide,4,1
widely,3,2
widening,1,1
wider,7,2
widespread,2,1
wield,4,1
wife,11,14
wild,10,1
will,2,3
willing,25,59
willingly,4,1
willingness,4,14
wilson,1,3
win,36,33
wind,4,25
window,1,6
wine,1,1
wing,2,1
winning,18,8
winter,12,6
wipe,7,2
wiped,6,2
wire,1,1
wisdom,26,11
wise,15,6
wisely,3,6
wish,63,3
wished,21,1
wishful,1,2
with,1,1
withdraw,3,2
withdrew,3,1
withering,2,1
within,143,73
without,183,139
withstand,7,1
witness,12,5
witnessed,8,4
woe,3,1
woke,3,1
woman,25,205
wonder,2,19
wondered,8,3
wonderful,10,11
wont,1,33
wood,2,1
woodrow,1,1
word,116,84
wore,2,1
work,260,483
worked,10,67
worker,79,168
working,42,142
workingclass,3,3
world,354,461
worldly,3,1
worn,4,2
wornout,2,1
worried,1,4
worry,5,9
worrying,1,1
worse,30,21
worship,5,8
worshipper,1,1
worst,31,33
worth,42,23
worthy,17,16
would,960,335
wound,7,6
wounded,3,12
woven,2,1
wrangling,1,3
wrecked,4,1
wretch,2,2
write,9,16
writer,19,3
writing,11,2
written,19,12
wrong,39,29
wrote,3,20
wrought,2,1
yahoo,1,1
yawning,4,1
year,302,709
yearn,4,4
yearning,22,3
yelling,3,1
yellow,2,1
yes,1,65
yesterday,3,16
yet,122,73
yield,4,1
yoke,7,1
young,131,165
younger,11,5
youngest,1,3
youth,53,5
youthful,5,1
zionist,3,2
zone,2,1
do,2,1
